Delta,Time,CPU_FREQUENCY_0,CPU_FREQUENCY_1,CPU_FREQUENCY_2,CPU_FREQUENCY_3,CPU_FREQUENCY_4,CPU_FREQUENCY_5,CPU_FREQUENCY_6,CPU_FREQUENCY_7,CPU_TEMP_0,CPU_TEMP_1,CPU_TEMP_2,CPU_TEMP_3,CPU_TEMP_4,CPU_TEMP_5,CPU_TEMP_6,CPU_TEMP_7,CPU_TEMP_8,CPU_TEMP_9,CPU_USAGE_0,CPU_USAGE_1,CPU_USAGE_2,CPU_USAGE_3,CPU_USAGE_4,CPU_USAGE_5,CPU_USAGE_6,CPU_USAGE_7,SYSTEM_POWER (Watts),TOTAL_MEMORY,TOTAL_SWAP,USED_MEMORY,USED_SWAP
0,1771985231291,3228,3228,3228,3228,3228,3228,3228,3228,52.02246856689453,54.5068244934082,52.51551818847656,53.596038818359375,53.46013641357422,53.050758361816406,55.34397888183594,53.7552604675293,53.51789093017578,54.437469482421875,100,100,66.66667175292969,50,0,0,0,0,8.865304946899414,17179869184,23622320128,12789268480,21797994496
100010,1771985231291,3228,3228,3228,3228,3228,3228,3228,3228,52.02246856689453,54.5068244934082,52.51551818847656,53.596038818359375,53.46013641357422,53.050758361816406,55.34397888183594,53.7552604675293,53.51789093017578,54.437469482421875,NaN,100,NaN,0,0,0,0,50,8.865304946899414,17179869184,23622320128,12789268480,21797994496
10,1771985331303,3228,3228,3228,3228,3228,3228,3228,3228,52.34754943847656,54.08802032470703,52.632423400878906,53.18210983276367,52.56305694580078,52.59245300292969,55.34527587890625,53.27690505981445,52.73380661010742,54.10154724121094,89.60504913330078,89.47262573242188,34.10969924926758,24.071277618408203,14.808116912841797,17.71732521057129,6.082164287567139,3.5514206886291504,9.13892936706543,17179869184,22548578304,12846694400,21785542656
