Delta,Time,CPU_FREQUENCY_0,CPU_FREQUENCY_1,CPU_FREQUENCY_2,CPU_FREQUENCY_3,CPU_FREQUENCY_4,CPU_FREQUENCY_5,CPU_FREQUENCY_6,CPU_FREQUENCY_7,CPU_TEMP_0,CPU_TEMP_1,CPU_TEMP_2,CPU_TEMP_3,CPU_TEMP_4,CPU_TEMP_5,CPU_TEMP_6,CPU_TEMP_7,CPU_TEMP_8,CPU_TEMP_9,CPU_USAGE_0,CPU_USAGE_1,CPU_USAGE_2,CPU_USAGE_3,CPU_USAGE_4,CPU_USAGE_5,CPU_USAGE_6,CPU_USAGE_7,SYSTEM_POWER (Watts),TOTAL_MEMORY,TOTAL_SWAP,USED_MEMORY,USED_SWAP
0,1771985346839,3228,3228,3228,3228,3228,3228,3228,3228,51.88063430786133,53.59233856201172,51.683937072753906,52.4736213684082,52.619140625,52.241188049316406,54.58347702026367,52.57904052734375,52.58843994140625,53.590003967285156,100,100,33.333335876464844,0,0,0,0,0,8.917585372924805,17179869184,22548578304,12862767104,21785542656
100009,1771985346840,3228,3228,3228,3228,3228,3228,3228,3228,51.88063430786133,53.59233856201172,51.683937072753906,52.4736213684082,52.619140625,52.241188049316406,54.58347702026367,52.57904052734375,52.58843994140625,53.590003967285156,100,100,NaN,NaN,NaN,50,NaN,50,8.917585372924805,17179869184,22548578304,12863193088,21785542656
6,1771985446850,3228,3228,3228,3228,3228,3228,3228,3228,52.119537353515625,53.874969482421875,51.76451110839844,52.842994689941406,52.224937438964844,51.71304702758789,54.794654846191406,52.94551086425781,52.58267593383789,53.620994567871094,90.38076782226563,90.20944213867188,33.676143646240234,23.77164649963379,14.305806159973145,17.518321990966797,5.6206793785095215,3.151575803756714,8.773726463317871,17179869184,22548578304,12863209472,21785542656
