Delta,Time,CPU_FREQUENCY_0,CPU_FREQUENCY_1,CPU_FREQUENCY_2,CPU_FREQUENCY_3,CPU_FREQUENCY_4,CPU_FREQUENCY_5,CPU_FREQUENCY_6,CPU_FREQUENCY_7,CPU_TEMP_0,CPU_TEMP_1,CPU_TEMP_2,CPU_TEMP_3,CPU_TEMP_4,CPU_TEMP_5,CPU_TEMP_6,CPU_TEMP_7,CPU_TEMP_8,CPU_TEMP_9,CPU_USAGE_0,CPU_USAGE_1,CPU_USAGE_2,CPU_USAGE_3,CPU_USAGE_4,CPU_USAGE_5,CPU_USAGE_6,CPU_USAGE_7,SYSTEM_POWER (Watts),TOTAL_MEMORY,TOTAL_SWAP,USED_MEMORY,USED_SWAP
0,1771975379321,3228,3228,3228,3228,3228,3228,3228,3228,65.61363983154297,68.06880187988281,70.0921859741211,70.94956970214844,67.80040740966797,64.91149139404297,73.216064453125,73.40251159667969,68.59803771972656,66.80630493164063,100,100,100,0,0,NaN,50,0,31.32382583618164,17179869184,26843545600,13662617600,25428623360
100005,1771975379321,3228,3228,3228,3228,3228,3228,3228,3228,65.61363983154297,68.06880187988281,70.0921859741211,70.94956970214844,67.80040740966797,64.91149139404297,73.216064453125,73.40251159667969,68.59803771972656,66.80630493164063,100,NaN,100,NaN,0,50,100,50,31.32382583618164,17179869184,26843545600,13662027776,25428623360
20,1771975479329,3228,3228,3228,3228,3228,3228,3228,3228,66.79252624511719,68.34211730957031,68.23775482177734,69.18856048583984,67.65301513671875,66.46949768066406,70.51885986328125,70.1566162109375,67.41770935058594,67.82902526855469,99.98999786376953,99.99000549316406,71.33751678466797,62.40032196044922,53.279598236083984,50.50809860229492,40.7232551574707,33.5606803894043,26.576339721679688,17179869184,26843545600,13958283264,25236340736
