Delta,Time,CPU_FREQUENCY_0,CPU_FREQUENCY_1,CPU_FREQUENCY_2,CPU_FREQUENCY_3,CPU_FREQUENCY_4,CPU_FREQUENCY_5,CPU_FREQUENCY_6,CPU_FREQUENCY_7,CPU_TEMP_0,CPU_TEMP_1,CPU_TEMP_2,CPU_TEMP_3,CPU_TEMP_4,CPU_TEMP_5,CPU_TEMP_6,CPU_TEMP_7,CPU_TEMP_8,CPU_TEMP_9,CPU_USAGE_0,CPU_USAGE_1,CPU_USAGE_2,CPU_USAGE_3,CPU_USAGE_4,CPU_USAGE_5,CPU_USAGE_6,CPU_USAGE_7,SYSTEM_POWER (Watts),TOTAL_MEMORY,TOTAL_SWAP,USED_MEMORY,USED_SWAP
0,1771981151760,3228,3228,3228,3228,3228,3228,3228,3228,59.25572967529297,59.23046875,64.35504913330078,63.44209289550781,60.14441680908203,57.55134201049805,61.480953216552734,60.94989776611328,58.154239654541016,58.767120361328125,0,0,NaN,100,100,NaN,50,0,20.635101318359375,17179869184,23622320128,11870208000,21848326144
100009,1771981151760,3228,3228,3228,3228,3228,3228,3228,3228,59.25572967529297,59.23046875,64.35504913330078,63.44209289550781,60.14441680908203,57.55134201049805,61.480953216552734,60.94989776611328,58.154239654541016,58.767120361328125,NaN,NaN,50,50,0,0,100,NaN,20.635101318359375,17179869184,23622320128,11870388224,21848326144
10,1771981251770,3228,3228,3228,3228,3228,3228,3228,3228,61.8502197265625,62.49580383300781,64.36184692382813,64.94556427001953,62.550804138183594,60.69215774536133,64.1007080078125,63.541717529296875,61.14020919799805,62.14995574951172,66.25872039794922,63.02834701538086,48.636226654052734,30.6884708404541,21.070098876953125,21.178359985351563,11.095519065856934,7.946357250213623,18.032209396362305,17179869184,23622320128,12515115008,21848326144
