Delta,Time,CPU_FREQUENCY_0,CPU_FREQUENCY_1,CPU_FREQUENCY_2,CPU_FREQUENCY_3,CPU_FREQUENCY_4,CPU_FREQUENCY_5,CPU_FREQUENCY_6,CPU_FREQUENCY_7,CPU_TEMP_0,CPU_TEMP_1,CPU_TEMP_2,CPU_TEMP_3,CPU_TEMP_4,CPU_TEMP_5,CPU_TEMP_6,CPU_TEMP_7,CPU_TEMP_8,CPU_TEMP_9,CPU_USAGE_0,CPU_USAGE_1,CPU_USAGE_2,CPU_USAGE_3,CPU_USAGE_4,CPU_USAGE_5,CPU_USAGE_6,CPU_USAGE_7,SYSTEM_POWER (Watts),TOTAL_MEMORY,TOTAL_SWAP,USED_MEMORY,USED_SWAP
0,1771976227786,3228,3228,3228,3228,3228,3228,3228,3228,60.271671295166016,60.69287109375,65.69981384277344,64.49304962158203,62.40784454345703,59.74490737915039,63.96870422363281,62.626625061035156,59.740013122558594,61.126487731933594,100,100,50,50,50,50,0,0,18.82455062866211,17179869184,26843545600,12057804800,25126567936
100005,1771976227786,3228,3228,3228,3228,3228,3228,3228,3228,60.271671295166016,60.69287109375,65.69981384277344,64.49304962158203,62.40784454345703,59.74490737915039,63.96870422363281,62.626625061035156,59.740013122558594,61.126487731933594,100,100,NaN,0,NaN,0,100,0,18.82455062866211,17179869184,26843545600,12057804800,25126567936
7,1771976327793,3228,3228,3228,3228,3228,3228,3228,3228,53.79130554199219,55.058101654052734,54.12250518798828,54.872135162353516,55.198158264160156,54.48161315917969,57.12046432495117,55.5200309753418,54.290138244628906,56.16912078857422,60.12473678588867,59.11195755004883,42.22581100463867,29.033231735229492,18.922719955444336,19.53815269470215,8.006814002990723,5.053031921386719,7.212300777435303,17179869184,26843545600,11714363392,25118179328
