Delta,Time,CPU_FREQUENCY_0,CPU_FREQUENCY_1,CPU_FREQUENCY_2,CPU_FREQUENCY_3,CPU_FREQUENCY_4,CPU_FREQUENCY_5,CPU_FREQUENCY_6,CPU_FREQUENCY_7,CPU_TEMP_0,CPU_TEMP_1,CPU_TEMP_2,CPU_TEMP_3,CPU_TEMP_4,CPU_TEMP_5,CPU_TEMP_6,CPU_TEMP_7,CPU_TEMP_8,CPU_TEMP_9,CPU_USAGE_0,CPU_USAGE_1,CPU_USAGE_2,CPU_USAGE_3,CPU_USAGE_4,CPU_USAGE_5,CPU_USAGE_6,CPU_USAGE_7,SYSTEM_POWER (Watts),TOTAL_MEMORY,TOTAL_SWAP,USED_MEMORY,USED_SWAP
0,1771985000207,3228,3228,3228,3228,3228,3228,3228,3228,51.88926696777344,53.800086975097656,52.833778381347656,53.07635498046875,53.385589599609375,52.312164306640625,55.42881393432617,53.21909713745117,52.60258483886719,53.880836486816406,100,100,33.333335876464844,0,0,20,0,0,8.449853897094727,17179869184,23622320128,12831178752,21797994496
100005,1771985000207,3228,3228,3228,3228,3228,3228,3228,3228,51.88926696777344,53.800086975097656,52.833778381347656,53.07635498046875,53.385589599609375,52.312164306640625,55.42881393432617,53.21909713745117,52.60258483886719,53.880836486816406,100,100,100,66.66667175292969,50,0,0,NaN,8.449853897094727,17179869184,23622320128,12831178752,21797994496
11,1771985100214,3228,3228,3228,3228,3228,3228,3228,3228,51.85675811767578,54.09018325805664,52.08458709716797,53.28342056274414,53.2427978515625,52.6475830078125,55.410335540771484,53.644439697265625,53.48382568359375,54.14447021484375,91.37015533447266,91.49043273925781,33.95503616333008,24.24242401123047,14.590032577514648,17.205379486083984,6.052711009979248,3.371685743331909,7.9700703620910645,17179869184,23622320128,12788678656,21797994496
