Delta,Time,CPU_FREQUENCY_0,CPU_FREQUENCY_1,CPU_FREQUENCY_2,CPU_FREQUENCY_3,CPU_FREQUENCY_4,CPU_FREQUENCY_5,CPU_FREQUENCY_6,CPU_FREQUENCY_7,CPU_TEMP_0,CPU_TEMP_1,CPU_TEMP_2,CPU_TEMP_3,CPU_TEMP_4,CPU_TEMP_5,CPU_TEMP_6,CPU_TEMP_7,CPU_TEMP_8,CPU_TEMP_9,CPU_USAGE_0,CPU_USAGE_1,CPU_USAGE_2,CPU_USAGE_3,CPU_USAGE_4,CPU_USAGE_5,CPU_USAGE_6,CPU_USAGE_7,SYSTEM_POWER (Watts),TOTAL_MEMORY,TOTAL_SWAP,USED_MEMORY,USED_SWAP
0,1771982226979,3228,3228,3228,3228,3228,3228,3228,3228,52.89015579223633,54.353065490722656,53.38585662841797,54.278621673583984,54.071922302246094,52.86532974243164,55.8705940246582,54.336917877197266,53.22462844848633,54.08062744140625,66.66667175292969,0,0,0,0,50,0,0,7.72575569152832,17179869184,23622320128,11787223040,21831548928
100009,1771982226979,3228,3228,3228,3228,3228,3228,3228,3228,52.89015579223633,54.353065490722656,53.38585662841797,54.278621673583984,54.071922302246094,52.86532974243164,55.8705940246582,54.336917877197266,53.22462844848633,54.08062744140625,0,100,66.66667175292969,0,0,50,0,0,7.72575569152832,17179869184,23622320128,11786043392,21831548928
14,1771982326991,3228,3228,3228,3228,3228,3228,3228,3228,51.9980583190918,53.28366470336914,52.036285400390625,52.573543548583984,52.96095275878906,51.72076416015625,54.575843811035156,52.13916778564453,52.528472900390625,53.77324676513672,48.86764144897461,47.615684509277344,34.67392349243164,24.41872215270996,15.059272766113281,18.261219024658203,6.122244358062744,3.472083330154419,7.093365669250488,17179869184,23622320128,11736973312,21831548928
