Delta,Time,CPU_FREQUENCY_0,CPU_FREQUENCY_1,CPU_FREQUENCY_2,CPU_FREQUENCY_3,CPU_FREQUENCY_4,CPU_FREQUENCY_5,CPU_FREQUENCY_6,CPU_FREQUENCY_7,CPU_TEMP_0,CPU_TEMP_1,CPU_TEMP_2,CPU_TEMP_3,CPU_TEMP_4,CPU_TEMP_5,CPU_TEMP_6,CPU_TEMP_7,CPU_TEMP_8,CPU_TEMP_9,CPU_USAGE_0,CPU_USAGE_1,CPU_USAGE_2,CPU_USAGE_3,CPU_USAGE_4,CPU_USAGE_5,CPU_USAGE_6,CPU_USAGE_7,SYSTEM_POWER (Watts),TOTAL_MEMORY,TOTAL_SWAP,USED_MEMORY,USED_SWAP
0,1771983498058,3228,3228,3228,3228,3228,3228,3228,3228,51.00863265991211,52.51495361328125,52.51628112792969,52.907657623291016,51.948326110839844,50.319766998291016,54.34690475463867,52.903438568115234,51.86647033691406,52.34649658203125,50,100,100,50,100,50,0,NaN,7.037120819091797,17179869184,23622320128,12717981696,21814771712
100010,1771983498058,3228,3228,3228,3228,3228,3228,3228,3228,51.00863265991211,52.51495361328125,52.51628112792969,52.907657623291016,51.948326110839844,50.319766998291016,54.34690475463867,52.903438568115234,51.86647033691406,52.34649658203125,NaN,0,NaN,100,0,NaN,0,0,7.037120819091797,17179869184,23622320128,12718178304,21814771712
8,1771983598070,3228,3228,3228,3228,3228,3228,3228,3228,50.0966796875,51.3852424621582,50.66667175292969,51.38740921020508,51.34746551513672,50.164405822753906,52.95817184448242,51.909889221191406,50.81132888793945,51.70372772216797,49.5974235534668,48.13545608520508,34.59018325805664,23.834457397460938,14.74783992767334,17.357694625854492,5.881763458251953,3.2916455268859863,8.197576522827148,17179869184,23622320128,12522323968,21814771712
