Delta,Time,CPU_FREQUENCY_0,CPU_FREQUENCY_1,CPU_FREQUENCY_2,CPU_FREQUENCY_3,CPU_FREQUENCY_4,CPU_FREQUENCY_5,CPU_FREQUENCY_6,CPU_FREQUENCY_7,CPU_TEMP_0,CPU_TEMP_1,CPU_TEMP_2,CPU_TEMP_3,CPU_TEMP_4,CPU_TEMP_5,CPU_TEMP_6,CPU_TEMP_7,CPU_TEMP_8,CPU_TEMP_9,CPU_USAGE_0,CPU_USAGE_1,CPU_USAGE_2,CPU_USAGE_3,CPU_USAGE_4,CPU_USAGE_5,CPU_USAGE_6,CPU_USAGE_7,SYSTEM_POWER (Watts),TOTAL_MEMORY,TOTAL_SWAP,USED_MEMORY,USED_SWAP
0,1771981751368,3228,3228,3228,3228,3228,3228,3228,3228,59.28112030029297,58.68620300292969,64.93048095703125,63.94127655029297,60.20201110839844,57.50146484375,60.718441009521484,59.64958190917969,57.4973030090332,58.247901916503906,NaN,100,0,0,0,0,0,0,20.29801368713379,17179869184,23622320128,11866800128,21839937536
100006,1771981751368,3228,3228,3228,3228,3228,3228,3228,3228,59.28112030029297,58.68620300292969,64.93048095703125,63.94127655029297,60.20201110839844,57.50146484375,60.718441009521484,59.64958190917969,57.4973030090332,58.247901916503906,100,NaN,NaN,NaN,0,0,0,0,20.29801368713379,17179869184,23622320128,11866832896,21839937536
11,1771981851376,3228,3228,3228,3228,3228,3228,3228,3228,53.73202896118164,54.79961013793945,53.49485778808594,54.67755889892578,54.999305725097656,53.355133056640625,56.30304718017578,54.83782196044922,54.510581970214844,54.75263214111328,52.81747055053711,51.72309112548828,36.81612014770508,26.84449005126953,17.892303466796875,19.24505615234375,7.407036304473877,4.662797451019287,7.3800950050354,17179869184,23622320128,12005982208,21839937536
