Delta,Time,CPU_FREQUENCY_0,CPU_FREQUENCY_1,CPU_FREQUENCY_2,CPU_FREQUENCY_3,CPU_FREQUENCY_4,CPU_FREQUENCY_5,CPU_FREQUENCY_6,CPU_FREQUENCY_7,CPU_TEMP_0,CPU_TEMP_1,CPU_TEMP_2,CPU_TEMP_3,CPU_TEMP_4,CPU_TEMP_5,CPU_TEMP_6,CPU_TEMP_7,CPU_TEMP_8,CPU_TEMP_9,CPU_USAGE_0,CPU_USAGE_1,CPU_USAGE_2,CPU_USAGE_3,CPU_USAGE_4,CPU_USAGE_5,CPU_USAGE_6,CPU_USAGE_7,SYSTEM_POWER (Watts),TOTAL_MEMORY,TOTAL_SWAP,USED_MEMORY,USED_SWAP
0,1771976347845,3228,3228,3228,3228,3228,3228,3228,3228,58.233699798583984,58.14076614379883,62.835472106933594,62.43418884277344,59.70978546142578,57.793121337890625,61.76610565185547,60.329551696777344,56.911399841308594,58.6490478515625,100,100,0,50,0,0,NaN,0,19.946569442749023,17179869184,26843545600,11705532416,25118179328
100003,1771976347845,3228,3228,3228,3228,3228,3228,3228,3228,58.233699798583984,58.14076614379883,62.835472106933594,62.43418884277344,59.70978546142578,57.793121337890625,61.76610565185547,60.329551696777344,56.911399841308594,58.6490478515625,NaN,100,NaN,NaN,NaN,100,0,100,19.946569442749023,17179869184,26843545600,11704745984,25118179328
9,1771976447850,3228,3228,3228,3228,3228,3228,3228,3228,51.89767837524414,53.205291748046875,52.64281463623047,53.215538024902344,53.005126953125,52.87461853027344,55.091251373291016,53.2375602722168,52.4647331237793,54.080841064453125,54.30843734741211,53.482513427734375,41.73895263671875,28.22759437561035,18.729902267456055,19.29912757873535,7.6067352294921875,4.863891124725342,8.334909439086914,17179869184,26843545600,11750653952,25118179328
