Delta,Time,CPU_FREQUENCY_0,CPU_FREQUENCY_1,CPU_FREQUENCY_2,CPU_FREQUENCY_3,CPU_FREQUENCY_4,CPU_FREQUENCY_5,CPU_FREQUENCY_6,CPU_FREQUENCY_7,CPU_TEMP_0,CPU_TEMP_1,CPU_TEMP_2,CPU_TEMP_3,CPU_TEMP_4,CPU_TEMP_5,CPU_TEMP_6,CPU_TEMP_7,CPU_TEMP_8,CPU_TEMP_9,CPU_USAGE_0,CPU_USAGE_1,CPU_USAGE_2,CPU_USAGE_3,CPU_USAGE_4,CPU_USAGE_5,CPU_USAGE_6,CPU_USAGE_7,SYSTEM_POWER (Watts),TOTAL_MEMORY,TOTAL_SWAP,USED_MEMORY,USED_SWAP
0,1771979594425,3228,3228,3228,3228,3228,3228,3228,3228,61.428504943847656,60.73256301879883,67.8013916015625,66.42720031738281,61.875221252441406,59.073944091796875,62.908321380615234,62.55630874633789,60.269989013671875,61.21333312988281,NaN,100,50,0,0,0,0,0,19.034610748291016,17179869184,23622320128,11946868736,21865103360
100001,1771979594425,3228,3228,3228,3228,3228,3228,3228,3228,61.428504943847656,60.73256301879883,67.8013916015625,66.42720031738281,61.875221252441406,59.073944091796875,62.908321380615234,62.55630874633789,60.269989013671875,61.21333312988281,100,100,0,0,0,0,0,0,19.034610748291016,17179869184,23622320128,11947016192,21865103360
11,1771979694428,3228,3228,3228,3228,3228,3228,3228,3228,57.00493240356445,58.80994415283203,58.16716766357422,58.35492706298828,57.68827819824219,57.035404205322266,59.739986419677734,58.89431381225586,57.575340270996094,58.85130310058594,94.09642028808594,94.09701538085938,39.49995040893555,28.53403091430664,18.577312469482422,20.108423233032227,7.966730117797852,5.1936354637146,9.894533157348633,17179869184,23622320128,11892211712,21865103360
