Delta,Time,CPU_FREQUENCY_0,CPU_FREQUENCY_1,CPU_FREQUENCY_2,CPU_FREQUENCY_3,CPU_FREQUENCY_4,CPU_FREQUENCY_5,CPU_FREQUENCY_6,CPU_FREQUENCY_7,CPU_TEMP_0,CPU_TEMP_1,CPU_TEMP_2,CPU_TEMP_3,CPU_TEMP_4,CPU_TEMP_5,CPU_TEMP_6,CPU_TEMP_7,CPU_TEMP_8,CPU_TEMP_9,CPU_USAGE_0,CPU_USAGE_1,CPU_USAGE_2,CPU_USAGE_3,CPU_USAGE_4,CPU_USAGE_5,CPU_USAGE_6,CPU_USAGE_7,SYSTEM_POWER (Watts),TOTAL_MEMORY,TOTAL_SWAP,USED_MEMORY,USED_SWAP
0,1771983266952,3228,3228,3228,3228,3228,3228,3228,3228,51.015708923339844,52.28211975097656,51.30644226074219,52.17361831665039,51.96117401123047,50.21118927001953,54.31565856933594,52.69693374633789,51.5133171081543,52.11949157714844,100,100,0,0,0,0,0,0,7.674403190612793,17179869184,23622320128,12632637440,21814771712
100005,1771983266952,3228,3228,3228,3228,3228,3228,3228,3228,51.015708923339844,52.28211975097656,51.30644226074219,52.17361831665039,51.96117401123047,50.21118927001953,54.31565856933594,52.69693374633789,51.5133171081543,52.11949157714844,0,50,50,NaN,NaN,50,0,50,7.674403190612793,17179869184,23622320128,12632309760,21814771712
11,1771983366959,3228,3228,3228,3228,3228,3228,3228,3228,50.40084457397461,52.047122955322266,50.449623107910156,51.191402435302734,51.606658935546875,50.0998420715332,53.982704162597656,51.73029708862305,50.994972229003906,52.24998474121094,48.77189254760742,47.374786376953125,34.405242919921875,24.189651489257813,14.607192993164063,17.79941749572754,5.95130729675293,3.4620773792266846,7.757371425628662,17179869184,23622320128,12511166464,21814771712
