Delta,Time,CPU_FREQUENCY_0,CPU_FREQUENCY_1,CPU_FREQUENCY_2,CPU_FREQUENCY_3,CPU_FREQUENCY_4,CPU_FREQUENCY_5,CPU_FREQUENCY_6,CPU_FREQUENCY_7,CPU_TEMP_0,CPU_TEMP_1,CPU_TEMP_2,CPU_TEMP_3,CPU_TEMP_4,CPU_TEMP_5,CPU_TEMP_6,CPU_TEMP_7,CPU_TEMP_8,CPU_TEMP_9,CPU_USAGE_0,CPU_USAGE_1,CPU_USAGE_2,CPU_USAGE_3,CPU_USAGE_4,CPU_USAGE_5,CPU_USAGE_6,CPU_USAGE_7,SYSTEM_POWER (Watts),TOTAL_MEMORY,TOTAL_SWAP,USED_MEMORY,USED_SWAP
0,1771984769045,3228,3228,3228,3228,3228,3228,3228,3228,52.044002532958984,53.48017883300781,52.330467224121094,53.067203521728516,53.172996520996094,52.166751861572266,54.83842086791992,53.26020812988281,53.006858825683594,53.918724060058594,100,100,0,0,0,0,0,0,9.391812324523926,17179869184,23622320128,12742475776,21814771712
100010,1771984769045,3228,3228,3228,3228,3228,3228,3228,3228,52.044002532958984,53.48017883300781,52.330467224121094,53.067203521728516,53.172996520996094,52.166751861572266,54.83842086791992,53.26020812988281,53.006858825683594,53.918724060058594,100,100,100,40,0,25,25,0,9.391812324523926,17179869184,23622320128,12745965568,21814771712
13,1771984869058,3228,3228,3228,3228,3228,3228,3228,3228,52.395687103271484,53.721290588378906,52.05088806152344,52.89971923828125,53.700843811035156,52.6796875,55.317138671875,53.536781311035156,53.370548248291016,53.77318572998047,94.27798461914063,94.28857421875,33.881046295166016,23.74911880493164,14.72626781463623,16.99628448486328,5.911823749542236,3.46173095703125,8.519393920898438,17179869184,23622320128,12575916032,21797994496
