Delta,Time,CPU_FREQUENCY_0,CPU_FREQUENCY_1,CPU_FREQUENCY_2,CPU_FREQUENCY_3,CPU_FREQUENCY_4,CPU_FREQUENCY_5,CPU_FREQUENCY_6,CPU_FREQUENCY_7,CPU_TEMP_0,CPU_TEMP_1,CPU_TEMP_2,CPU_TEMP_3,CPU_TEMP_4,CPU_TEMP_5,CPU_TEMP_6,CPU_TEMP_7,CPU_TEMP_8,CPU_TEMP_9,CPU_USAGE_0,CPU_USAGE_1,CPU_USAGE_2,CPU_USAGE_3,CPU_USAGE_4,CPU_USAGE_5,CPU_USAGE_6,CPU_USAGE_7,SYSTEM_POWER (Watts),TOTAL_MEMORY,TOTAL_SWAP,USED_MEMORY,USED_SWAP
0,1771978271014,3228,3228,3228,3228,3228,3228,3228,3228,62.02714157104492,61.890071868896484,66.5427474975586,66.09320068359375,62.975860595703125,60.9235954284668,64.56077575683594,63.708797454833984,60.41498565673828,62.00926971435547,NaN,100,NaN,0,100,0,100,NaN,19.61921501159668,17179869184,26843545600,11863769088,25059459072
100003,1771978271014,3228,3228,3228,3228,3228,3228,3228,3228,62.02714157104492,61.890071868896484,66.5427474975586,66.09320068359375,62.975860595703125,60.9235954284668,64.56077575683594,63.708797454833984,60.41498565673828,62.00926971435547,100,100,50,100,0,0,0,0,19.61921501159668,17179869184,26843545600,11864031232,25059459072
11,1771978371018,3228,3228,3228,3228,3228,3228,3228,3228,57.33014678955078,58.7598876953125,57.911521911621094,58.195831298828125,58.15922546386719,57.520198822021484,60.71678161621094,58.2940559387207,58.02256393432617,59.344871520996094,87.72686004638672,87.7770004272461,41.34557342529297,28.644784927368164,19.350948333740234,19.064350128173828,8.118672370910645,5.124099254608154,8.113150596618652,17179869184,26843545600,11862736896,25051070464
