Delta,Time,CPU_FREQUENCY_0,CPU_FREQUENCY_1,CPU_FREQUENCY_2,CPU_FREQUENCY_3,CPU_FREQUENCY_4,CPU_FREQUENCY_5,CPU_FREQUENCY_6,CPU_FREQUENCY_7,CPU_TEMP_0,CPU_TEMP_1,CPU_TEMP_2,CPU_TEMP_3,CPU_TEMP_4,CPU_TEMP_5,CPU_TEMP_6,CPU_TEMP_7,CPU_TEMP_8,CPU_TEMP_9,CPU_USAGE_0,CPU_USAGE_1,CPU_USAGE_2,CPU_USAGE_3,CPU_USAGE_4,CPU_USAGE_5,CPU_USAGE_6,CPU_USAGE_7,SYSTEM_POWER (Watts),TOTAL_MEMORY,TOTAL_SWAP,USED_MEMORY,USED_SWAP
0,1771980672605,3228,3228,3228,3228,3228,3228,3228,3228,60.45645523071289,60.624717712402344,66.4035415649414,65.81123352050781,61.47564697265625,59.28929901123047,61.778358459472656,61.91688919067383,59.25510787963867,60.26190948486328,NaN,100,0,0,33.333335876464844,0,0,0,19.14017677307129,17179869184,23622320128,11764252672,21856714752
100004,1771980672605,3228,3228,3228,3228,3228,3228,3228,3228,60.45645523071289,60.624717712402344,66.4035415649414,65.81123352050781,61.47564697265625,59.28929901123047,61.778358459472656,61.91688919067383,59.25510787963867,60.26190948486328,100,100,NaN,100,NaN,0,0,0,19.14017677307129,17179869184,23622320128,11764465664,21856714752
11,1771980772610,3228,3228,3228,3228,3228,3228,3228,3228,57.411293029785156,58.8245849609375,57.213172912597656,58.13706588745117,57.94464111328125,57.36922073364258,60.019615173339844,58.41009521484375,57.7677116394043,58.35150146484375,94.23731994628906,94.2166976928711,41.24470520019531,30.92264175415039,20.828306198120117,21.813798904418945,10.05513858795166,6.486486434936523,9.000487327575684,17179869184,23622320128,11859083264,21848326144
