Delta,Time,CPU_FREQUENCY_0,CPU_FREQUENCY_1,CPU_FREQUENCY_2,CPU_FREQUENCY_3,CPU_FREQUENCY_4,CPU_FREQUENCY_5,CPU_FREQUENCY_6,CPU_FREQUENCY_7,CPU_TEMP_0,CPU_TEMP_1,CPU_TEMP_2,CPU_TEMP_3,CPU_TEMP_4,CPU_TEMP_5,CPU_TEMP_6,CPU_TEMP_7,CPU_TEMP_8,CPU_TEMP_9,CPU_USAGE_0,CPU_USAGE_1,CPU_USAGE_2,CPU_USAGE_3,CPU_USAGE_4,CPU_USAGE_5,CPU_USAGE_6,CPU_USAGE_7,SYSTEM_POWER (Watts),TOTAL_MEMORY,TOTAL_SWAP,USED_MEMORY,USED_SWAP
0,1771984191313,3228,3228,3228,3228,3228,3228,3228,3228,50.01990509033203,51.6234245300293,50.60431671142578,51.884029388427734,50.82758331298828,50.38021469116211,53.59965133666992,51.62548828125,50.81128692626953,52.204750061035156,66.66667175292969,50,33.333335876464844,0,0,50,0,0,7.211668968200684,17179869184,23622320128,12661751808,21814771712
100008,1771984191313,3228,3228,3228,3228,3228,3228,3228,3228,50.01990509033203,51.6234245300293,50.60431671142578,51.884029388427734,50.82758331298828,50.38021469116211,53.59965133666992,51.62548828125,50.81128692626953,52.204750061035156,0,NaN,NaN,NaN,0,0,0,0,7.211668968200684,17179869184,23622320128,12661882880,21814771712
15,1771984291323,3228,3228,3228,3228,3228,3228,3228,3228,50.29545211791992,51.93838882446289,50.23619079589844,51.11339569091797,51.28870391845703,50.423492431640625,53.40398406982422,51.81440734863281,50.79924011230469,52.21339416503906,49.59243392944336,48.5633659362793,34.32429885864258,23.905384063720703,14.838255882263184,17.49648666381836,5.911823749542236,3.4320592880249023,9.04018783569336,17179869184,23622320128,12535889920,21814771712
