Delta,Time,CPU_FREQUENCY_0,CPU_FREQUENCY_1,CPU_FREQUENCY_2,CPU_FREQUENCY_3,CPU_FREQUENCY_4,CPU_FREQUENCY_5,CPU_FREQUENCY_6,CPU_FREQUENCY_7,CPU_TEMP_0,CPU_TEMP_1,CPU_TEMP_2,CPU_TEMP_3,CPU_TEMP_4,CPU_TEMP_5,CPU_TEMP_6,CPU_TEMP_7,CPU_TEMP_8,CPU_TEMP_9,CPU_USAGE_0,CPU_USAGE_1,CPU_USAGE_2,CPU_USAGE_3,CPU_USAGE_4,CPU_USAGE_5,CPU_USAGE_6,CPU_USAGE_7,SYSTEM_POWER (Watts),TOTAL_MEMORY,TOTAL_SWAP,USED_MEMORY,USED_SWAP
0,1771981990880,3228,3228,3228,3228,3228,3228,3228,3228,58.75809097290039,57.9899787902832,62.845489501953125,63.030860900878906,60.25464630126953,57.15227127075195,61.8215446472168,61.09270477294922,57.80696487426758,58.387290954589844,NaN,100,100,NaN,NaN,NaN,50,0,17.717124938964844,17179869184,23622320128,12050382848,21831548928
100010,1771981990880,3228,3228,3228,3228,3228,3228,3228,3228,58.75809097290039,59.31650161743164,62.845489501953125,63.030860900878906,60.25464630126953,57.15227127075195,61.8215446472168,61.09270477294922,57.80696487426758,58.387290954589844,100,NaN,NaN,0,0,0,NaN,NaN,17.717124938964844,17179869184,23622320128,12050382848,21831548928
9,1771982090892,3228,3228,3228,3228,3228,3228,3228,3228,53.7003288269043,55.19554138183594,53.796142578125,54.693031311035156,54.85041809082031,53.06767272949219,55.95695114135742,54.19926452636719,53.622779846191406,54.89253234863281,51.80637741088867,50.56428909301758,38.66156005859375,27.5244140625,17.8557071685791,18.835342407226563,7.2051310539245605,4.092455863952637,8.217287063598633,17179869184,23622320128,12033228800,21831548928
