Delta,Time,CPU_FREQUENCY_0,CPU_FREQUENCY_1,CPU_FREQUENCY_2,CPU_FREQUENCY_3,CPU_FREQUENCY_4,CPU_FREQUENCY_5,CPU_FREQUENCY_6,CPU_FREQUENCY_7,CPU_TEMP_0,CPU_TEMP_1,CPU_TEMP_2,CPU_TEMP_3,CPU_TEMP_4,CPU_TEMP_5,CPU_TEMP_6,CPU_TEMP_7,CPU_TEMP_8,CPU_TEMP_9,CPU_USAGE_0,CPU_USAGE_1,CPU_USAGE_2,CPU_USAGE_3,CPU_USAGE_4,CPU_USAGE_5,CPU_USAGE_6,CPU_USAGE_7,SYSTEM_POWER (Watts),TOTAL_MEMORY,TOTAL_SWAP,USED_MEMORY,USED_SWAP
0,1771974894776,3228,3228,3228,3228,3228,3228,3228,3228,62.059776306152344,61.938987731933594,67.16510772705078,66.18885040283203,62.96418762207031,60.72725296020508,63.31304931640625,63.18535232543945,59.91205978393555,61.934165954589844,NaN,100,NaN,0,100,100,0,0,22.32280158996582,17179869184,26843545600,13371244544,25281560576
100005,1771974894776,3228,3228,3228,3228,3228,3228,3228,3228,62.059776306152344,61.938987731933594,67.16510772705078,66.18885040283203,62.96418762207031,60.72725296020508,63.31304931640625,63.18535232543945,59.91205978393555,61.934165954589844,100,100,0,NaN,0,NaN,0,0,22.32280158996582,17179869184,26843545600,13376536576,25281560576
5,1771974994783,3228,3228,3228,3228,3228,3228,3228,3228,62.112022399902344,62.51865768432617,62.840797424316406,63.21552658081055,62.718040466308594,61.935325622558594,64.17329406738281,63.96039962768555,61.593345642089844,63.09149932861328,99.05952453613281,99.00960540771484,56.05907440185547,43.337032318115234,31.702899932861328,30.4282283782959,18.89423942565918,12.993388175964355,17.998401641845703,17179869184,26843545600,13101383680,25222840320
