Delta,Time,CPU_FREQUENCY_0,CPU_FREQUENCY_1,CPU_FREQUENCY_2,CPU_FREQUENCY_3,CPU_FREQUENCY_4,CPU_FREQUENCY_5,CPU_FREQUENCY_6,CPU_FREQUENCY_7,CPU_TEMP_0,CPU_TEMP_1,CPU_TEMP_2,CPU_TEMP_3,CPU_TEMP_4,CPU_TEMP_5,CPU_TEMP_6,CPU_TEMP_7,CPU_TEMP_8,CPU_TEMP_9,CPU_USAGE_0,CPU_USAGE_1,CPU_USAGE_2,CPU_USAGE_3,CPU_USAGE_4,CPU_USAGE_5,CPU_USAGE_6,CPU_USAGE_7,SYSTEM_POWER (Watts),TOTAL_MEMORY,TOTAL_SWAP,USED_MEMORY,USED_SWAP
0,1771983151398,3228,3228,3228,3228,3228,3228,3228,3228,49.95281219482422,51.658287048339844,51.18476867675781,51.402992248535156,52.03729248046875,50.16337203979492,54.09281921386719,52.114959716796875,51.495758056640625,52.32514190673828,100,50,50,0,0,0,0,0,7.053796768188477,17179869184,23622320128,12726272000,21814771712
100010,1771983151398,3228,3228,3228,3228,3228,3228,3228,3228,49.95281219482422,51.658287048339844,51.18476867675781,51.402992248535156,52.03729248046875,50.16337203979492,54.09281921386719,52.114959716796875,51.495758056640625,52.32514190673828,0,NaN,100,100,50,0,0,0,7.053796768188477,17179869184,23622320128,12726468608,21814771712
10,1771983251409,3228,3228,3228,3228,3228,3228,3228,3228,50.597808837890625,52.02745056152344,50.93457794189453,51.40012741088867,51.76343536376953,50.30060577392578,53.81232833862305,51.81718826293945,51.13962936401367,52.105506896972656,48.6464729309082,47.505794525146484,34.05242156982422,24.55963706970215,14.776494026184082,17.85965347290039,5.982563495635986,3.452071189880371,6.6829633712768555,17179869184,23622320128,12494094336,21814771712
