Delta,Time,CPU_FREQUENCY_0,CPU_FREQUENCY_1,CPU_FREQUENCY_2,CPU_FREQUENCY_3,CPU_FREQUENCY_4,CPU_FREQUENCY_5,CPU_FREQUENCY_6,CPU_FREQUENCY_7,CPU_TEMP_0,CPU_TEMP_1,CPU_TEMP_2,CPU_TEMP_3,CPU_TEMP_4,CPU_TEMP_5,CPU_TEMP_6,CPU_TEMP_7,CPU_TEMP_8,CPU_TEMP_9,CPU_USAGE_0,CPU_USAGE_1,CPU_USAGE_2,CPU_USAGE_3,CPU_USAGE_4,CPU_USAGE_5,CPU_USAGE_6,CPU_USAGE_7,SYSTEM_POWER (Watts),TOTAL_MEMORY,TOTAL_SWAP,USED_MEMORY,USED_SWAP
0,1771978755740,3228,3228,3228,3228,3228,3228,3228,3228,60.81979751586914,61.52925109863281,67.02776336669922,66.01948547363281,62.113548278808594,60.460689544677734,63.499717712402344,63.21803283691406,60.62717819213867,61.45093536376953,100,100,100,100,100,100,100,100,22.505905151367188,17179869184,26843545600,11670732800,25034293248
100010,1771978755740,3228,3228,3228,3228,3228,3228,3228,3228,60.81979751586914,61.52925109863281,67.02776336669922,66.01948547363281,62.113548278808594,60.460689544677734,63.499717712402344,63.21803283691406,60.62717819213867,61.45093536376953,100,100,100,66.66667175292969,100,66.66667175292969,50,66.66667175292969,22.505905151367188,17179869184,26843545600,11672240128,25034293248
12,1771978855753,3228,3228,3228,3228,3228,3228,3228,3228,56.53769302368164,57.975494384765625,57.63896942138672,57.920806884765625,57.66725158691406,55.928924560546875,59.82311248779297,58.22140884399414,57.411643981933594,57.7047119140625,95.85336303710938,95.9142837524414,38.61046600341797,27.983083724975586,18.34807014465332,19.879518508911133,7.595190525054932,4.722833633422852,9.530349731445313,17179869184,26843545600,11932712960,25034293248
