Delta,Time,CPU_FREQUENCY_0,CPU_FREQUENCY_1,CPU_FREQUENCY_2,CPU_FREQUENCY_3,CPU_FREQUENCY_4,CPU_FREQUENCY_5,CPU_FREQUENCY_6,CPU_FREQUENCY_7,CPU_TEMP_0,CPU_TEMP_1,CPU_TEMP_2,CPU_TEMP_3,CPU_TEMP_4,CPU_TEMP_5,CPU_TEMP_6,CPU_TEMP_7,CPU_TEMP_8,CPU_TEMP_9,CPU_USAGE_0,CPU_USAGE_1,CPU_USAGE_2,CPU_USAGE_3,CPU_USAGE_4,CPU_USAGE_5,CPU_USAGE_6,CPU_USAGE_7,SYSTEM_POWER (Watts),TOTAL_MEMORY,TOTAL_SWAP,USED_MEMORY,USED_SWAP
0,1771982458063,3228,3228,3228,3228,3228,3228,3228,3228,51.694419860839844,53.12678146362305,52.33488464355469,53.13078689575195,52.52622985839844,51.2103157043457,55.02324295043945,53.12739562988281,52.17293167114258,53.41752624511719,50,50,50,0,50,0,50,0,7.026758670806885,17179869184,23622320128,11923898368,21831548928
100010,1771982458063,3228,3228,3228,3228,3228,3228,3228,3228,51.694419860839844,53.12678146362305,52.33488464355469,53.13078689575195,52.52622985839844,51.2103157043457,55.02324295043945,53.12739562988281,52.17293167114258,53.41752624511719,100,100,100,0,0,0,0,0,7.026758670806885,17179869184,23622320128,11924094976,21831548928
14,1771982558076,3228,3228,3228,3228,3228,3228,3228,3228,51.25336837768555,52.8392333984375,51.77581024169922,52.630699157714844,52.766754150390625,51.341365814208984,54.21603012084961,52.20018005371094,51.9396858215332,52.87071228027344,50.296871185302734,48.98185348510742,34.99294662475586,24.106693267822266,15.571630477905273,18.438220977783203,6.513026237487793,3.711484670639038,6.267427921295166,17179869184,23622320128,11949375488,21831548928
