Delta,Time,CPU_FREQUENCY_0,CPU_FREQUENCY_1,CPU_FREQUENCY_2,CPU_FREQUENCY_3,CPU_FREQUENCY_4,CPU_FREQUENCY_5,CPU_FREQUENCY_6,CPU_FREQUENCY_7,CPU_TEMP_0,CPU_TEMP_1,CPU_TEMP_2,CPU_TEMP_3,CPU_TEMP_4,CPU_TEMP_5,CPU_TEMP_6,CPU_TEMP_7,CPU_TEMP_8,CPU_TEMP_9,CPU_USAGE_0,CPU_USAGE_1,CPU_USAGE_2,CPU_USAGE_3,CPU_USAGE_4,CPU_USAGE_5,CPU_USAGE_6,CPU_USAGE_7,SYSTEM_POWER (Watts),TOTAL_MEMORY,TOTAL_SWAP,USED_MEMORY,USED_SWAP
0,1771978150621,3228,3228,3228,3228,3228,3228,3228,3228,61.17677307128906,61.825199127197266,66.31519317626953,65.96131134033203,62.247413635253906,59.96284484863281,64.49896240234375,63.69893264770508,59.8892707824707,61.472145080566406,100,100,0,0,0,0,0,0,19.60340690612793,17179869184,26843545600,11794071552,25059459072
100003,1771978150621,3228,3228,3228,3228,3228,3228,3228,3228,61.17677307128906,61.825199127197266,66.31519317626953,65.96131134033203,62.247413635253906,59.96284484863281,64.49896240234375,63.69893264770508,59.8892707824707,61.472145080566406,100,100,0,NaN,50,0,100,0,19.60340690612793,17179869184,26843545600,11794071552,25059459072
11,1771978250626,3228,3228,3228,3228,3228,3228,3228,3228,56.70918655395508,58.35578918457031,56.9705810546875,57.76541519165039,57.85260772705078,56.79825973510742,59.58353042602539,57.85336685180664,56.926063537597656,58.72315979003906,88.51358032226563,88.57257080078125,41.92637634277344,28.702306747436523,18.65956687927246,19.126506805419922,8.428543090820313,5.0940752029418945,8.983963012695313,17179869184,26843545600,11805835264,25059459072
