Delta,Time,CPU_FREQUENCY_0,CPU_FREQUENCY_1,CPU_FREQUENCY_2,CPU_FREQUENCY_3,CPU_FREQUENCY_4,CPU_FREQUENCY_5,CPU_FREQUENCY_6,CPU_FREQUENCY_7,CPU_TEMP_0,CPU_TEMP_1,CPU_TEMP_2,CPU_TEMP_3,CPU_TEMP_4,CPU_TEMP_5,CPU_TEMP_6,CPU_TEMP_7,CPU_TEMP_8,CPU_TEMP_9,CPU_USAGE_0,CPU_USAGE_1,CPU_USAGE_2,CPU_USAGE_3,CPU_USAGE_4,CPU_USAGE_5,CPU_USAGE_6,CPU_USAGE_7,SYSTEM_POWER (Watts),TOTAL_MEMORY,TOTAL_SWAP,USED_MEMORY,USED_SWAP
0,1771979714262,3228,3228,3228,3228,3228,3228,3228,3228,61.120765686035156,61.25259017944336,67.27455139160156,67.36581420898438,62.25678253173828,60.08966064453125,63.81173324584961,63.5211296081543,59.817256927490234,61.409881591796875,100,100,0,0,0,0,0,0,22.398698806762695,17179869184,23622320128,11997790208,21865103360
100008,1771979714263,3228,3228,3228,3228,3228,3228,3228,3228,61.120765686035156,61.25259017944336,67.27455139160156,67.36581420898438,62.25678253173828,60.08966064453125,63.81173324584961,63.5211296081543,59.817256927490234,61.409881591796875,100,100,NaN,100,NaN,66.66667175292969,50,0,22.398698806762695,17179869184,23622320128,11997790208,21865103360
12,1771979814273,3228,3228,3228,3228,3228,3228,3228,3228,56.77430725097656,58.384010314941406,57.09266662597656,57.336578369140625,57.149269104003906,56.54439163208008,59.46843338012695,57.78677749633789,57.08930969238281,58.50804901123047,94.10704040527344,94.04631042480469,39.05462646484375,27.635154724121094,17.5524959564209,19.164743423461914,7.8164143562316895,4.872923851013184,8.845611572265625,17179869184,23622320128,11962925056,21865103360
