Delta,Time,CPU_FREQUENCY_0,CPU_FREQUENCY_1,CPU_FREQUENCY_2,CPU_FREQUENCY_3,CPU_FREQUENCY_4,CPU_FREQUENCY_5,CPU_FREQUENCY_6,CPU_FREQUENCY_7,CPU_TEMP_0,CPU_TEMP_1,CPU_TEMP_2,CPU_TEMP_3,CPU_TEMP_4,CPU_TEMP_5,CPU_TEMP_6,CPU_TEMP_7,CPU_TEMP_8,CPU_TEMP_9,CPU_USAGE_0,CPU_USAGE_1,CPU_USAGE_2,CPU_USAGE_3,CPU_USAGE_4,CPU_USAGE_5,CPU_USAGE_6,CPU_USAGE_7,SYSTEM_POWER (Watts),TOTAL_MEMORY,TOTAL_SWAP,USED_MEMORY,USED_SWAP
0,1771984422391,3228,3228,3228,3228,3228,3228,3228,3228,49.89360427856445,50.98221206665039,50.232643127441406,50.956695556640625,51.59527587890625,50.122745513916016,53.624942779541016,51.397647857666016,50.57564926147461,51.69566345214844,100,100,NaN,0,0,0,0,0,6.714311122894287,17179869184,23622320128,12652560384,21814771712
100002,1771984422391,3228,3228,3228,3228,3228,3228,3228,3228,49.89360427856445,50.98221206665039,50.232643127441406,50.956695556640625,51.59527587890625,50.122745513916016,53.624942779541016,51.397647857666016,50.57564926147461,51.69566345214844,NaN,NaN,66.66667175292969,100,0,NaN,0,0,6.714311122894287,17179869184,23622320128,12652756992,21814771712
10,1771984522394,3228,3228,3228,3228,3228,3228,3228,3228,49.93595504760742,50.865440368652344,50.219459533691406,51.072017669677734,51.3389892578125,49.282196044921875,53.20045471191406,51.63656997680664,50.19242477416992,51.894309997558594,49.45154571533203,48.185482025146484,34.670833587646484,24.24486541748047,14.518235206604004,17.839574813842773,5.951903820037842,3.4920952320098877,6.912630558013916,17179869184,23622320128,12656803840,21814771712
