Delta,Time,CPU_FREQUENCY_0,CPU_FREQUENCY_1,CPU_FREQUENCY_2,CPU_FREQUENCY_3,CPU_FREQUENCY_4,CPU_FREQUENCY_5,CPU_FREQUENCY_6,CPU_FREQUENCY_7,CPU_TEMP_0,CPU_TEMP_1,CPU_TEMP_2,CPU_TEMP_3,CPU_TEMP_4,CPU_TEMP_5,CPU_TEMP_6,CPU_TEMP_7,CPU_TEMP_8,CPU_TEMP_9,CPU_USAGE_0,CPU_USAGE_1,CPU_USAGE_2,CPU_USAGE_3,CPU_USAGE_4,CPU_USAGE_5,CPU_USAGE_6,CPU_USAGE_7,SYSTEM_POWER (Watts),TOTAL_MEMORY,TOTAL_SWAP,USED_MEMORY,USED_SWAP
0,1771977189136,3228,3228,3228,3228,3228,3228,3228,3228,59.936676025390625,60.008548736572266,65.9456558227539,65.1841049194336,61.76146697998047,59.01546859741211,62.72807693481445,62.354217529296875,59.03801727294922,60.455169677734375,NaN,NaN,0,NaN,NaN,0,0,0,19.74755096435547,17179869184,26843545600,11656232960,25109790720
100008,1771977189136,3228,3228,3228,3228,3228,3228,3228,3228,59.936676025390625,60.008548736572266,65.9456558227539,65.1841049194336,61.76146697998047,59.01546859741211,62.72807693481445,62.354217529296875,59.03801727294922,60.455169677734375,100,100,NaN,66.66667175292969,0,NaN,NaN,0,19.74755096435547,17179869184,26843545600,11656249344,25109790720
10,1771977289146,3228,3228,3228,3228,3228,3228,3228,3228,55.983497619628906,57.00773239135742,56.74897003173828,57.016883850097656,56.55687713623047,56.22843933105469,58.979061126708984,57.18095779418945,56.27063751220703,57.981964111328125,68.37451934814453,68.17450714111328,41.57926559448242,28.856220245361328,18.314245223999023,19.45587921142578,8.386774063110352,4.943955421447754,7.643474578857422,17179869184,26843545600,11752833024,25109790720
