Delta,Time,CPU_FREQUENCY_0,CPU_FREQUENCY_1,CPU_FREQUENCY_2,CPU_FREQUENCY_3,CPU_FREQUENCY_4,CPU_FREQUENCY_5,CPU_FREQUENCY_6,CPU_FREQUENCY_7,CPU_TEMP_0,CPU_TEMP_1,CPU_TEMP_2,CPU_TEMP_3,CPU_TEMP_4,CPU_TEMP_5,CPU_TEMP_6,CPU_TEMP_7,CPU_TEMP_8,CPU_TEMP_9,CPU_USAGE_0,CPU_USAGE_1,CPU_USAGE_2,CPU_USAGE_3,CPU_USAGE_4,CPU_USAGE_5,CPU_USAGE_6,CPU_USAGE_7,SYSTEM_POWER (Watts),TOTAL_MEMORY,TOTAL_SWAP,USED_MEMORY,USED_SWAP
0,1771978635915,3228,3228,3228,3228,3228,3228,3228,3228,61.05971908569336,61.07761764526367,66.58390808105469,65.91093444824219,61.628028869628906,59.93842315673828,63.286685943603516,62.833953857421875,60.17954635620117,61.549346923828125,100,100,NaN,100,100,100,100,50,21.912296295166016,17179869184,26843545600,11664310272,25034293248
100010,1771978635915,3228,3228,3228,3228,3228,3228,3228,3228,61.05971908569336,61.07761764526367,66.58390808105469,65.91093444824219,61.628028869628906,59.93842315673828,63.286685943603516,62.833953857421875,60.17954635620117,61.549346923828125,100,100,66.66667175292969,0,0,0,0,0,21.912296295166016,17179869184,26843545600,11664375808,25034293248
12,1771978735927,3228,3228,3228,3228,3228,3228,3228,3228,56.42406463623047,57.82278060913086,56.67454528808594,56.876861572265625,57.120849609375,56.79290008544922,58.94315719604492,57.887046813964844,57.43380355834961,58.223045349121094,94.79803466796875,94.84867095947266,38.41733932495117,27.95005989074707,18.05485725402832,20.309206008911133,7.81484842300415,5.082541465759277,8.66760540008545,17179869184,26843545600,11694440448,25034293248
