Delta,Time,CPU_FREQUENCY_0,CPU_FREQUENCY_1,CPU_FREQUENCY_2,CPU_FREQUENCY_3,CPU_FREQUENCY_4,CPU_FREQUENCY_5,CPU_FREQUENCY_6,CPU_FREQUENCY_7,CPU_TEMP_0,CPU_TEMP_1,CPU_TEMP_2,CPU_TEMP_3,CPU_TEMP_4,CPU_TEMP_5,CPU_TEMP_6,CPU_TEMP_7,CPU_TEMP_8,CPU_TEMP_9,CPU_USAGE_0,CPU_USAGE_1,CPU_USAGE_2,CPU_USAGE_3,CPU_USAGE_4,CPU_USAGE_5,CPU_USAGE_6,CPU_USAGE_7,SYSTEM_POWER (Watts),TOTAL_MEMORY,TOTAL_SWAP,USED_MEMORY,USED_SWAP
0,1771975257727,3228,3228,3228,3228,3228,3228,3228,3228,64.37212371826172,65.25155639648438,69.1336898803711,69.1083755493164,65.60893249511719,63.47499084472656,67.72100830078125,67.29331970214844,63.87972640991211,64.4379653930664,NaN,NaN,NaN,0,0,50,0,0,24.55312156677246,17179869184,26843545600,13638778880,25180897280
100005,1771975257727,3228,3228,3228,3228,3228,3228,3228,3228,64.37212371826172,65.25155639648438,69.1336898803711,69.1083755493164,65.60893249511719,63.47499084472656,67.72100830078125,67.29331970214844,63.87972640991211,64.4379653930664,100,100,100,100,NaN,100,100,NaN,24.55312156677246,17179869184,26843545600,13633257472,25180897280
23,1771975357734,3228,3228,3228,3228,3228,3228,3228,3228,61.19953155517578,62.595359802246094,62.06343078613281,62.572967529296875,62.258331298828125,60.6125373840332,64.43192291259766,63.38178253173828,62.440006256103516,62.130592346191406,99.3998794555664,99.37981414794922,60.38422393798828,50.3580436706543,40.748565673828125,40.713565826416016,29.921733856201172,23.747495651245117,18.439212799072266,17179869184,26843545600,13285572608,25428623360
