Delta,Time,CPU_FREQUENCY_0,CPU_FREQUENCY_1,CPU_FREQUENCY_2,CPU_FREQUENCY_3,CPU_FREQUENCY_4,CPU_FREQUENCY_5,CPU_FREQUENCY_6,CPU_FREQUENCY_7,CPU_TEMP_0,CPU_TEMP_1,CPU_TEMP_2,CPU_TEMP_3,CPU_TEMP_4,CPU_TEMP_5,CPU_TEMP_6,CPU_TEMP_7,CPU_TEMP_8,CPU_TEMP_9,CPU_USAGE_0,CPU_USAGE_1,CPU_USAGE_2,CPU_USAGE_3,CPU_USAGE_4,CPU_USAGE_5,CPU_USAGE_6,CPU_USAGE_7,SYSTEM_POWER (Watts),TOTAL_MEMORY,TOTAL_SWAP,USED_MEMORY,USED_SWAP
0,1771978391209,3228,3228,3228,3228,3228,3228,3228,3228,61.55875778198242,61.45532989501953,67.2104721069336,66.96890258789063,62.35247039794922,60.869178771972656,64.20072937011719,63.301204681396484,60.90794372558594,61.56555938720703,100,NaN,50,0,0,50,0,0,19.845853805541992,17179869184,26843545600,11775852544,25051070464
100005,1771978391209,3228,3228,3228,3228,3228,3228,3228,3228,61.55875778198242,61.45532989501953,67.2104721069336,66.96890258789063,62.35247039794922,60.869178771972656,64.20072937011719,63.301204681396484,60.90794372558594,61.56555938720703,0,100,100,50,0,0,0,0,19.845853805541992,17179869184,26843545600,11775852544,25051070464
13,1771978491216,3228,3228,3228,3228,3228,3228,3228,3228,57.090755462646484,58.645294189453125,57.871253967285156,58.37620544433594,57.81055450439453,57.31810760498047,60.450172424316406,58.662818908691406,58.40974426269531,58.92002868652344,95.23046112060547,95.2509765625,41.791046142578125,29.084867477416992,19.845256805419922,19.198713302612305,8.238123893737793,5.203642845153809,10.009142875671387,17179869184,26843545600,11953160192,25042681856
