Delta,Time,CPU_FREQUENCY_0,CPU_FREQUENCY_1,CPU_FREQUENCY_2,CPU_FREQUENCY_3,CPU_FREQUENCY_4,CPU_FREQUENCY_5,CPU_FREQUENCY_6,CPU_FREQUENCY_7,CPU_TEMP_0,CPU_TEMP_1,CPU_TEMP_2,CPU_TEMP_3,CPU_TEMP_4,CPU_TEMP_5,CPU_TEMP_6,CPU_TEMP_7,CPU_TEMP_8,CPU_TEMP_9,CPU_USAGE_0,CPU_USAGE_1,CPU_USAGE_2,CPU_USAGE_3,CPU_USAGE_4,CPU_USAGE_5,CPU_USAGE_6,CPU_USAGE_7,SYSTEM_POWER (Watts),TOTAL_MEMORY,TOTAL_SWAP,USED_MEMORY,USED_SWAP
0,1771977910248,3228,3228,3228,3228,3228,3228,3228,3228,61.86697769165039,61.93422317504883,68.54927825927734,67.97010040283203,63.09861755371094,61.521392822265625,64.73204040527344,63.87232971191406,61.223018646240234,62.77911376953125,100,100,0,0,0,0,0,0,21.3018798828125,17179869184,26843545600,11733876736,25067847680
100010,1771977910248,3228,3228,3228,3228,3228,3228,3228,3228,61.86697769165039,61.93422317504883,68.54927825927734,67.97010040283203,63.09861755371094,61.521392822265625,64.73204040527344,63.87232971191406,61.223018646240234,62.77911376953125,100,100,100,NaN,NaN,0,0,0,21.3018798828125,17179869184,26843545600,11734794240,25067847680
11,1771978010259,3228,3228,3228,3228,3228,3228,3228,3228,56.84564971923828,58.81428527832031,57.22160339355469,58.29420852661133,57.49433135986328,57.658668518066406,59.90720748901367,58.703033447265625,57.99970245361328,59.16468811035156,95.21089935302734,95.16985321044922,41.79526138305664,28.483688354492188,18.63129234313965,19.054311752319336,7.817197799682617,4.933947563171387,9.793911933898926,17179869184,26843545600,11808374784,25059459072
