Delta,Time,CPU_FREQUENCY_0,CPU_FREQUENCY_1,CPU_FREQUENCY_2,CPU_FREQUENCY_3,CPU_FREQUENCY_4,CPU_FREQUENCY_5,CPU_FREQUENCY_6,CPU_FREQUENCY_7,CPU_TEMP_0,CPU_TEMP_1,CPU_TEMP_2,CPU_TEMP_3,CPU_TEMP_4,CPU_TEMP_5,CPU_TEMP_6,CPU_TEMP_7,CPU_TEMP_8,CPU_TEMP_9,CPU_USAGE_0,CPU_USAGE_1,CPU_USAGE_2,CPU_USAGE_3,CPU_USAGE_4,CPU_USAGE_5,CPU_USAGE_6,CPU_USAGE_7,SYSTEM_POWER (Watts),TOTAL_MEMORY,TOTAL_SWAP,USED_MEMORY,USED_SWAP
0,1771978030433,3228,3228,3228,3228,3228,3228,3228,3228,61.6970329284668,62.06992721557617,67.80990600585938,67.47440338134766,62.520050048828125,61.26500701904297,64.54824829101563,64.2398910522461,61.07653045654297,62.11810302734375,100,100,50,0,0,0,0,0,21.176794052124023,17179869184,26843545600,11661590528,25059459072
100008,1771978030433,3228,3228,3228,3228,3228,3228,3228,3228,61.6970329284668,62.06992721557617,67.80990600585938,67.47440338134766,62.520050048828125,61.26500701904297,64.54824829101563,64.2398910522461,61.07653045654297,62.11810302734375,NaN,NaN,NaN,NaN,0,0,0,0,21.176794052124023,17179869184,26843545600,11661639680,25059459072
10,1771978130443,3228,3228,3228,3228,3228,3228,3228,3228,56.5151252746582,58.15156555175781,56.58302307128906,57.719383239746094,58.000244140625,56.8835334777832,59.717315673828125,58.25609588623047,57.07164001464844,58.6583251953125,90.79158020019531,90.58021545410156,41.658260345458984,28.00322151184082,18.45674705505371,18.724899291992188,8.046897888183594,4.613229274749756,9.960399627685547,17179869184,26843545600,11940118528,25059459072
