Delta,Time,CPU_FREQUENCY_0,CPU_FREQUENCY_1,CPU_FREQUENCY_2,CPU_FREQUENCY_3,CPU_FREQUENCY_4,CPU_FREQUENCY_5,CPU_FREQUENCY_6,CPU_FREQUENCY_7,CPU_TEMP_0,CPU_TEMP_1,CPU_TEMP_2,CPU_TEMP_3,CPU_TEMP_4,CPU_TEMP_5,CPU_TEMP_6,CPU_TEMP_7,CPU_TEMP_8,CPU_TEMP_9,CPU_USAGE_0,CPU_USAGE_1,CPU_USAGE_2,CPU_USAGE_3,CPU_USAGE_4,CPU_USAGE_5,CPU_USAGE_6,CPU_USAGE_7,SYSTEM_POWER (Watts),TOTAL_MEMORY,TOTAL_SWAP,USED_MEMORY,USED_SWAP
0,1771979953895,3228,3228,3228,3228,3228,3228,3228,3228,60.96263885498047,61.295047760009766,65.65443420410156,65.78055572509766,62.23235321044922,59.73311996459961,63.970584869384766,62.951412200927734,60.449337005615234,61.035888671875,100,NaN,NaN,NaN,NaN,0,0,NaN,20.972902297973633,17179869184,23622320128,11961745408,21865103360
100009,1771979953895,3228,3228,3228,3228,3228,3228,3228,3228,60.96263885498047,61.295047760009766,65.65443420410156,65.78055572509766,62.23235321044922,59.73311996459961,63.970584869384766,62.951412200927734,60.449337005615234,61.035888671875,NaN,100,100,NaN,0,100,NaN,0,20.972902297973633,17179869184,23622320128,11961794560,21865103360
9,1771980053905,3228,3228,3228,3228,3228,3228,3228,3228,55.814056396484375,57.25267028808594,56.04096984863281,56.84146499633789,56.897422790527344,56.400062561035156,59.072547912597656,57.237125396728516,56.123477935791016,57.80754089355469,91.55889892578125,91.60902404785156,38.15285110473633,28.224750518798828,18.44855308532715,19.026105880737305,7.546602249145508,4.613229274749756,10.560872077941895,17179869184,23622320128,11759337472,21865103360
