Delta,Time,CPU_FREQUENCY_0,CPU_FREQUENCY_1,CPU_FREQUENCY_2,CPU_FREQUENCY_3,CPU_FREQUENCY_4,CPU_FREQUENCY_5,CPU_FREQUENCY_6,CPU_FREQUENCY_7,CPU_TEMP_0,CPU_TEMP_1,CPU_TEMP_2,CPU_TEMP_3,CPU_TEMP_4,CPU_TEMP_5,CPU_TEMP_6,CPU_TEMP_7,CPU_TEMP_8,CPU_TEMP_9,CPU_USAGE_0,CPU_USAGE_1,CPU_USAGE_2,CPU_USAGE_3,CPU_USAGE_4,CPU_USAGE_5,CPU_USAGE_6,CPU_USAGE_7,SYSTEM_POWER (Watts),TOTAL_MEMORY,TOTAL_SWAP,USED_MEMORY,USED_SWAP
0,1771976467966,3228,3228,3228,3228,3228,3228,3228,3228,56.74057388305664,56.90132522583008,61.985130310058594,61.11738967895508,58.441131591796875,56.107601165771484,59.59471130371094,58.619598388671875,56.1641845703125,57.41095733642578,NaN,0,0,50,0,0,0,0,18.64246368408203,17179869184,26843545600,11593777152,25118179328
100002,1771976467966,3228,3228,3228,3228,3228,3228,3228,3228,56.74057388305664,56.90132522583008,61.985130310058594,61.11738967895508,58.441131591796875,56.107601165771484,59.59471130371094,58.619598388671875,56.1641845703125,57.41095733642578,50,100,NaN,0,0,0,100,0,18.64246368408203,17179869184,26843545600,11593777152,25118179328
14,1771976567969,3228,3228,3228,3228,3228,3228,3228,3228,50.889564514160156,52.43698501586914,51.399513244628906,51.809261322021484,52.076927185058594,51.694984436035156,54.612762451171875,52.31928253173828,51.41764450073242,53.351478576660156,54.11717224121094,52.897308349609375,41.61371612548828,29.067659378051758,19.121784210205078,19.548192977905273,8.30827808380127,5.144114971160889,7.553817272186279,17179869184,26843545600,11746983936,25109790720
