Delta,Time,CPU_FREQUENCY_0,CPU_FREQUENCY_1,CPU_FREQUENCY_2,CPU_FREQUENCY_3,CPU_FREQUENCY_4,CPU_FREQUENCY_5,CPU_FREQUENCY_6,CPU_FREQUENCY_7,CPU_TEMP_0,CPU_TEMP_1,CPU_TEMP_2,CPU_TEMP_3,CPU_TEMP_4,CPU_TEMP_5,CPU_TEMP_6,CPU_TEMP_7,CPU_TEMP_8,CPU_TEMP_9,CPU_USAGE_0,CPU_USAGE_1,CPU_USAGE_2,CPU_USAGE_3,CPU_USAGE_4,CPU_USAGE_5,CPU_USAGE_6,CPU_USAGE_7,SYSTEM_POWER (Watts),TOTAL_MEMORY,TOTAL_SWAP,USED_MEMORY,USED_SWAP
0,1771982804725,3228,3228,3228,3228,3228,3228,3228,3228,51.441463470458984,53.028961181640625,52.426673889160156,52.85329818725586,52.40289306640625,50.582889556884766,54.38441848754883,53.08403396606445,51.88992691040039,52.920135498046875,100,0,0,0,0,0,0,0,7.731225967407227,17179869184,23622320128,12013633536,21831548928
100004,1771982804726,3228,3228,3228,3228,3228,3228,3228,3228,51.441463470458984,53.028961181640625,52.426673889160156,52.85329818725586,52.40289306640625,50.582889556884766,54.38441848754883,53.08403396606445,51.88992691040039,52.920135498046875,50,50,0,66.66667175292969,NaN,0,0,0,7.731225967407227,17179869184,23622320128,12013780992,21831548928
11,1771982904732,3228,3228,3228,3228,3228,3228,3228,3228,50.67914962768555,52.142974853515625,51.29618835449219,51.99695587158203,51.956214904785156,50.23032760620117,53.797157287597656,52.44371795654297,51.24160385131836,52.16179656982422,52.410186767578125,50.90726089477539,35.833839416503906,24.886695861816406,15.554661750793457,18.0220890045166,6.213047504425049,3.532472610473633,6.8186445236206055,17179869184,23622320128,11996381184,21823160320
