Delta,Time,CPU_FREQUENCY_0,CPU_FREQUENCY_1,CPU_FREQUENCY_2,CPU_FREQUENCY_3,CPU_FREQUENCY_4,CPU_FREQUENCY_5,CPU_FREQUENCY_6,CPU_FREQUENCY_7,CPU_TEMP_0,CPU_TEMP_1,CPU_TEMP_2,CPU_TEMP_3,CPU_TEMP_4,CPU_TEMP_5,CPU_TEMP_6,CPU_TEMP_7,CPU_TEMP_8,CPU_TEMP_9,CPU_USAGE_0,CPU_USAGE_1,CPU_USAGE_2,CPU_USAGE_3,CPU_USAGE_4,CPU_USAGE_5,CPU_USAGE_6,CPU_USAGE_7,SYSTEM_POWER (Watts),TOTAL_MEMORY,TOTAL_SWAP,USED_MEMORY,USED_SWAP
0,1771984884610,3228,3228,3228,3228,3228,3228,3228,3228,52.109375,53.91621398925781,52.41638946533203,53.68531799316406,53.667564392089844,52.75887680053711,55.273292541503906,54.17613983154297,53.447296142578125,54.15025329589844,100,100,66.66667175292969,50,0,0,0,0,8.870331764221191,17179869184,23622320128,12755730432,21797994496
100003,1771984884611,3228,3228,3228,3228,3228,3228,3228,3228,52.109375,53.91621398925781,52.41638946533203,53.68531799316406,53.667564392089844,52.75887680053711,55.273292541503906,54.17613983154297,53.447296142578125,54.15025329589844,100,100,NaN,0,0,0,0,0,8.870331764221191,17179869184,23622320128,12755730432,21797994496
10,1771984984616,3228,3228,3228,3228,3228,3228,3228,3228,51.74654769897461,53.49192428588867,52.05548095703125,53.033565521240234,53.24876403808594,52.23045349121094,55.35151290893555,53.365081787109375,53.05237579345703,53.48509216308594,89.70735931396484,89.4267349243164,34.486236572265625,24.529251098632813,14.851285934448242,17.690763473510742,6.022647380828857,3.3223257064819336,9.339221000671387,17179869184,23622320128,12708265984,21797994496
