Delta,Time,CPU_FREQUENCY_0,CPU_FREQUENCY_1,CPU_FREQUENCY_2,CPU_FREQUENCY_3,CPU_FREQUENCY_4,CPU_FREQUENCY_5,CPU_FREQUENCY_6,CPU_FREQUENCY_7,CPU_TEMP_0,CPU_TEMP_1,CPU_TEMP_2,CPU_TEMP_3,CPU_TEMP_4,CPU_TEMP_5,CPU_TEMP_6,CPU_TEMP_7,CPU_TEMP_8,CPU_TEMP_9,CPU_USAGE_0,CPU_USAGE_1,CPU_USAGE_2,CPU_USAGE_3,CPU_USAGE_4,CPU_USAGE_5,CPU_USAGE_6,CPU_USAGE_7,SYSTEM_POWER (Watts),TOTAL_MEMORY,TOTAL_SWAP,USED_MEMORY,USED_SWAP
0,1771984075764,3228,3228,3228,3228,3228,3228,3228,3228,50.20298385620117,52.37355422973633,50.5654296875,52.035743713378906,51.316009521484375,50.1254997253418,53.49176025390625,52.38777542114258,51.150108337402344,51.668312072753906,0,66.66667175292969,66.66667175292969,100,0,NaN,0,0,6.5771613121032715,17179869184,23622320128,12741935104,21814771712
100005,1771984075764,3228,3228,3228,3228,3228,3228,3228,3228,50.20298385620117,52.37355422973633,50.5654296875,52.035743713378906,51.316009521484375,50.1254997253418,53.49176025390625,52.38777542114258,51.150108337402344,51.668312072753906,100,0,NaN,100,50,0,50,NaN,6.5771613121032715,17179869184,23622320128,12742443008,21814771712
13,1771984175772,3228,3228,3228,3228,3228,3228,3228,3228,50.05926513671875,51.0023193359375,49.86317443847656,51.13500213623047,50.536827087402344,50.26954650878906,53.16365432739258,51.5064697265625,50.86028289794922,51.825965881347656,49.64774703979492,48.46743392944336,33.69280242919922,23.855056762695313,14.446454048156738,16.864084243774414,5.772121429443359,3.451725959777832,6.857142925262451,17179869184,23622320128,12519227392,21814771712
