Delta,Time,CPU_FREQUENCY_0,CPU_FREQUENCY_1,CPU_FREQUENCY_2,CPU_FREQUENCY_3,CPU_FREQUENCY_4,CPU_FREQUENCY_5,CPU_FREQUENCY_6,CPU_FREQUENCY_7,CPU_TEMP_0,CPU_TEMP_1,CPU_TEMP_2,CPU_TEMP_3,CPU_TEMP_4,CPU_TEMP_5,CPU_TEMP_6,CPU_TEMP_7,CPU_TEMP_8,CPU_TEMP_9,CPU_USAGE_0,CPU_USAGE_1,CPU_USAGE_2,CPU_USAGE_3,CPU_USAGE_4,CPU_USAGE_5,CPU_USAGE_6,CPU_USAGE_7,SYSTEM_POWER (Watts),TOTAL_MEMORY,TOTAL_SWAP,USED_MEMORY,USED_SWAP
0,1771983729144,3228,3228,3228,3228,3228,3228,3228,3228,50.55864715576172,51.770294189453125,51.18549346923828,51.54311752319336,51.713287353515625,50.474586486816406,53.751216888427734,52.337215423583984,51.48391342163086,52.11631774902344,66.66667175292969,66.66667175292969,0,100,66.66667175292969,100,0,50,6.99951696395874,17179869184,23622320128,12743376896,21814771712
100005,1771983729144,3228,3228,3228,3228,3228,3228,3228,3228,50.55864715576172,51.770294189453125,51.18549346923828,51.54311752319336,51.713287353515625,50.474586486816406,53.751216888427734,52.337215423583984,51.48391342163086,52.11631774902344,0,NaN,100,0,NaN,0,0,0,6.99951696395874,17179869184,23622320128,12743933952,21814771712
10,1771983829151,3228,3228,3228,3228,3228,3228,3228,3228,50.47358703613281,52.401268005371094,50.912147521972656,52.092124938964844,51.55236053466797,50.09226608276367,53.84962463378906,52.016361236572266,51.4400634765625,52.393348693847656,50.13587951660156,48.5832405090332,34.882080078125,24.32051658630371,14.998994827270508,17.817707061767578,6.222444534301758,3.811905860900879,9.508795738220215,17179869184,23622320128,12683886592,21814771712
