Delta,Time,CPU_FREQUENCY_0,CPU_FREQUENCY_1,CPU_FREQUENCY_2,CPU_FREQUENCY_3,CPU_FREQUENCY_4,CPU_FREQUENCY_5,CPU_FREQUENCY_6,CPU_FREQUENCY_7,CPU_TEMP_0,CPU_TEMP_1,CPU_TEMP_2,CPU_TEMP_3,CPU_TEMP_4,CPU_TEMP_5,CPU_TEMP_6,CPU_TEMP_7,CPU_TEMP_8,CPU_TEMP_9,CPU_USAGE_0,CPU_USAGE_1,CPU_USAGE_2,CPU_USAGE_3,CPU_USAGE_4,CPU_USAGE_5,CPU_USAGE_6,CPU_USAGE_7,SYSTEM_POWER (Watts),TOTAL_MEMORY,TOTAL_SWAP,USED_MEMORY,USED_SWAP
0,1771978875383,3228,3228,3228,3228,3228,3228,3228,3228,60.865272521972656,60.18230438232422,67.42840576171875,65.91606140136719,61.535987854003906,59.2996711730957,63.16509246826172,62.46739196777344,59.286468505859375,60.52245330810547,100,100,NaN,50,0,0,0,0,19.749479293823242,17179869184,26843545600,11948048384,25034293248
100010,1771978875383,3228,3228,3228,3228,3228,3228,3228,3228,60.865272521972656,60.18230438232422,67.42840576171875,65.91606140136719,61.535987854003906,59.2996711730957,63.16509246826172,62.46739196777344,59.286468505859375,60.52245330810547,100,100,0,NaN,0,0,NaN,0,19.749479293823242,17179869184,26843545600,11946835968,25034293248
12,1771978975394,3228,3228,3228,3228,3228,3228,3228,3228,56.7921257019043,57.90825653076172,57.18904113769531,57.399532318115234,57.83189392089844,56.641422271728516,59.588829040527344,57.89482879638672,57.79096603393555,58.56364440917969,94.7384262084961,94.81807708740234,39.556453704833984,28.54410171508789,18.842327117919922,19.799196243286133,7.977550506591797,4.902941703796387,8.883993148803711,17179869184,26843545600,12035325952,25034293248
