Delta,Time,CPU_FREQUENCY_0,CPU_FREQUENCY_1,CPU_FREQUENCY_2,CPU_FREQUENCY_3,CPU_FREQUENCY_4,CPU_FREQUENCY_5,CPU_FREQUENCY_6,CPU_FREQUENCY_7,CPU_TEMP_0,CPU_TEMP_1,CPU_TEMP_2,CPU_TEMP_3,CPU_TEMP_4,CPU_TEMP_5,CPU_TEMP_6,CPU_TEMP_7,CPU_TEMP_8,CPU_TEMP_9,CPU_USAGE_0,CPU_USAGE_1,CPU_USAGE_2,CPU_USAGE_3,CPU_USAGE_4,CPU_USAGE_5,CPU_USAGE_6,CPU_USAGE_7,SYSTEM_POWER (Watts),TOTAL_MEMORY,TOTAL_SWAP,USED_MEMORY,USED_SWAP
0,1771982689199,3228,3228,3228,3228,3228,3228,3228,3228,51.07935333251953,52.260032653808594,51.59423828125,51.703224182128906,52.18633270263672,50.554134368896484,54.31239700317383,52.4134407043457,51.91819381713867,52.558074951171875,66.66667175292969,50,0,0,0,50,0,0,9.14193058013916,17179869184,23622320128,12018221056,21831548928
100007,1771982689199,3228,3228,3228,3228,3228,3228,3228,3228,51.07935333251953,52.260032653808594,51.59423828125,51.703224182128906,52.18633270263672,50.554134368896484,54.31239700317383,52.4134407043457,51.91819381713867,52.558074951171875,0,0,NaN,100,0,50,0,0,9.14193058013916,17179869184,23622320128,12018352128,21831548928
8,1771982789208,3228,3228,3228,3228,3228,3228,3228,3228,50.72418212890625,52.34311294555664,51.71526336669922,52.290924072265625,52.1746826171875,50.66313934326172,53.98783874511719,51.97021484375,51.839115142822266,52.2296142578125,49.225040435791016,48.06373596191406,34.54948806762695,24.378459930419922,15.35061264038086,17.79116439819336,6.102816104888916,3.6221730709075928,6.610968112945557,17179869184,23622320128,11846287360,21831548928
