Delta,Time,CPU_FREQUENCY_0,CPU_FREQUENCY_1,CPU_FREQUENCY_2,CPU_FREQUENCY_3,CPU_FREQUENCY_4,CPU_FREQUENCY_5,CPU_FREQUENCY_6,CPU_FREQUENCY_7,CPU_TEMP_0,CPU_TEMP_1,CPU_TEMP_2,CPU_TEMP_3,CPU_TEMP_4,CPU_TEMP_5,CPU_TEMP_6,CPU_TEMP_7,CPU_TEMP_8,CPU_TEMP_9,CPU_USAGE_0,CPU_USAGE_1,CPU_USAGE_2,CPU_USAGE_3,CPU_USAGE_4,CPU_USAGE_5,CPU_USAGE_6,CPU_USAGE_7,SYSTEM_POWER (Watts),TOTAL_MEMORY,TOTAL_SWAP,USED_MEMORY,USED_SWAP
0,1772008837807,3228,3228,3228,3228,3228,3228,3228,3228,52.02579879760742,52.3687744140625,58.022422790527344,56.98606872558594,53.01348114013672,51.23678207397461,55.159873962402344,55.4998893737793,51.68718719482422,52.62969970703125,100,100,NaN,0,0,0,0,0,19.58066177368164,17179869184,22548578304,13298155520,22017605632
100006,1772008837807,3228,3228,3228,3228,3228,3228,3228,3228,52.02579879760742,52.3687744140625,58.022422790527344,56.98606872558594,53.01348114013672,51.23678207397461,55.159873962402344,55.4998893737793,51.68718719482422,52.62969970703125,50,100,50,NaN,0,0,50,0,19.58066177368164,17179869184,22548578304,13298155520,22017605632
14,1772008937815,3228,3228,3228,3228,3228,3228,3228,3228,49.76699447631836,51.248680114746094,52.95958709716797,53.4647331237793,50.83214569091797,49.58948516845703,56.961936950683594,55.78763961791992,50.35404586791992,51.517967224121094,41.549293518066406,40.90314865112305,24.15143585205078,17.60457420349121,11.988773345947266,11.08549690246582,7.532051086425781,5.826409339904785,11.027915000915527,17179869184,22548578304,13574684672,22054502400
