Delta,Time,CPU_FREQUENCY_0,CPU_FREQUENCY_1,CPU_FREQUENCY_2,CPU_FREQUENCY_3,CPU_FREQUENCY_4,CPU_FREQUENCY_5,CPU_FREQUENCY_6,CPU_FREQUENCY_7,CPU_TEMP_0,CPU_TEMP_1,CPU_TEMP_2,CPU_TEMP_3,CPU_TEMP_4,CPU_TEMP_5,CPU_TEMP_6,CPU_TEMP_7,CPU_TEMP_8,CPU_TEMP_9,CPU_USAGE_0,CPU_USAGE_1,CPU_USAGE_2,CPU_USAGE_3,CPU_USAGE_4,CPU_USAGE_5,CPU_USAGE_6,CPU_USAGE_7,SYSTEM_POWER (Watts),TOTAL_MEMORY,TOTAL_SWAP,USED_MEMORY,USED_SWAP
0,1772010414749,3228,3228,3228,3228,3228,3228,3228,3228,50.53777313232422,49.93199157714844,55.62370300292969,54.8792610168457,51.77485656738281,49.9047737121582,52.979434967041016,52.92578125,49.44809341430664,50.794677734375,0,0,50,100,0,0,0,0,24.053300857543945,17179869184,22548578304,13004767232,21928673280
100010,1772010414749,3228,3228,3228,3228,3228,3228,3228,3228,50.53777313232422,49.93199157714844,55.62370300292969,54.8792610168457,51.77485656738281,49.9047737121582,52.979434967041016,52.92578125,49.44809341430664,50.794677734375,50,0,100,100,0,0,0,0,24.053300857543945,17179869184,22548578304,13002145792,21928673280
13,1772010514762,3228,3228,3228,3228,3228,3228,3228,3228,47.17564392089844,47.808616638183594,47.8533935546875,47.92529296875,48.50409698486328,47.449195861816406,50.1181526184082,49.10963439941406,47.966941833496094,49.133323669433594,50.010074615478516,49.19963836669922,28.279882431030273,20.967580795288086,14.330124855041504,12.872179985046387,9.114583969116211,7.1464314460754395,10.464091300964355,17179869184,22548578304,13475676160,21928673280
