Delta,Time,CPU_FREQUENCY_0,CPU_FREQUENCY_1,CPU_FREQUENCY_2,CPU_FREQUENCY_3,CPU_FREQUENCY_4,CPU_FREQUENCY_5,CPU_FREQUENCY_6,CPU_FREQUENCY_7,CPU_TEMP_0,CPU_TEMP_1,CPU_TEMP_2,CPU_TEMP_3,CPU_TEMP_4,CPU_TEMP_5,CPU_TEMP_6,CPU_TEMP_7,CPU_TEMP_8,CPU_TEMP_9,CPU_USAGE_0,CPU_USAGE_1,CPU_USAGE_2,CPU_USAGE_3,CPU_USAGE_4,CPU_USAGE_5,CPU_USAGE_6,CPU_USAGE_7,SYSTEM_POWER (Watts),TOTAL_MEMORY,TOTAL_SWAP,USED_MEMORY,USED_SWAP
0,1772014406232,3228,3228,3228,3228,3228,3228,3228,3228,50.39276123046875,50.55821228027344,53.73206329345703,53.45109939575195,51.003761291503906,49.796783447265625,54.140968322753906,52.53818893432617,50.11626434326172,51.34465789794922,50,100,0,0,0,0,0,0,19.266109466552734,17179869184,23622320128,13464748032,23255908352
100007,1772014406232,3228,3228,3228,3228,3228,3228,3228,3228,50.39276123046875,50.55821228027344,53.73206329345703,53.45109939575195,51.003761291503906,49.796783447265625,54.140968322753906,52.53818893432617,50.11626434326172,51.34465789794922,0,0,100,0,50,0,0,0,19.266109466552734,17179869184,23622320128,13463928832,23255908352
11,1772014506241,3228,3228,3228,3228,3228,3228,3228,3228,47.23972702026367,48.374298095703125,47.64697265625,48.155609130859375,47.94215393066406,47.52775192260742,49.93426513671875,48.38590621948242,48.12424850463867,48.72948455810547,35.44456481933594,34.101661682128906,26.998794555664063,19.77327537536621,13.924811363220215,12.507515907287598,8.052078247070313,6.195576190948486,7.915415287017822,17179869184,23622320128,13154516992,23247519744
