Delta,Time,CPU_FREQUENCY_0,CPU_FREQUENCY_1,CPU_FREQUENCY_2,CPU_FREQUENCY_3,CPU_FREQUENCY_4,CPU_FREQUENCY_5,CPU_FREQUENCY_6,CPU_FREQUENCY_7,CPU_TEMP_0,CPU_TEMP_1,CPU_TEMP_2,CPU_TEMP_3,CPU_TEMP_4,CPU_TEMP_5,CPU_TEMP_6,CPU_TEMP_7,CPU_TEMP_8,CPU_TEMP_9,CPU_USAGE_0,CPU_USAGE_1,CPU_USAGE_2,CPU_USAGE_3,CPU_USAGE_4,CPU_USAGE_5,CPU_USAGE_6,CPU_USAGE_7,SYSTEM_POWER (Watts),TOTAL_MEMORY,TOTAL_SWAP,USED_MEMORY,USED_SWAP
0,1772013560110,3228,3228,3228,3228,3228,3228,3228,3228,52.46884536743164,52.10470199584961,55.224403381347656,54.97628402709961,52.778167724609375,51.258670806884766,55.29521560668945,53.863250732421875,51.764217376708984,53.16809844970703,NaN,50,50,0,50,0,0,0,17.138076782226563,17179869184,23622320128,13349765120,23314038784
100004,1772013560110,3228,3228,3228,3228,3228,3228,3228,3228,52.46884536743164,52.10470199584961,55.224403381347656,54.97628402709961,52.778167724609375,51.258670806884766,55.29521560668945,53.863250732421875,51.764217376708984,53.16809844970703,0,0,NaN,0,50,100,NaN,0,17.138076782226563,17179869184,23622320128,13349765120,23314038784
10,1772013660116,3228,3228,3228,3228,3228,3228,3228,3228,47.228851318359375,47.48265838623047,46.42201232910156,47.59714126586914,47.828704833984375,46.830135345458984,49.561485290527344,48.45044708251953,47.09878158569336,48.21489715576172,49.98994445800781,48.48667526245117,29.017677307128906,20.59000587463379,14.188308715820313,12.657848358154297,8.792309761047363,6.996996879577637,6.524630069732666,17179869184,23622320128,13434388480,23305650176
