Delta,Time,CPU_FREQUENCY_0,CPU_FREQUENCY_1,CPU_FREQUENCY_2,CPU_FREQUENCY_3,CPU_FREQUENCY_4,CPU_FREQUENCY_5,CPU_FREQUENCY_6,CPU_FREQUENCY_7,CPU_TEMP_0,CPU_TEMP_1,CPU_TEMP_2,CPU_TEMP_3,CPU_TEMP_4,CPU_TEMP_5,CPU_TEMP_6,CPU_TEMP_7,CPU_TEMP_8,CPU_TEMP_9,CPU_USAGE_0,CPU_USAGE_1,CPU_USAGE_2,CPU_USAGE_3,CPU_USAGE_4,CPU_USAGE_5,CPU_USAGE_6,CPU_USAGE_7,SYSTEM_POWER (Watts),TOTAL_MEMORY,TOTAL_SWAP,USED_MEMORY,USED_SWAP
0,1772009201679,3228,3228,3228,3228,3228,3228,3228,3228,50.809322357177734,50.91508865356445,56.950340270996094,56.36723709106445,52.69184112548828,50.3295783996582,55.31682586669922,54.802001953125,50.91923522949219,51.87035369873047,100,100,0,50,0,0,0,0,16.95104217529297,17179869184,22548578304,13266124800,22046113792
100005,1772009201679,3228,3228,3228,3228,3228,3228,3228,3228,50.809322357177734,50.91508865356445,56.950340270996094,56.36723709106445,52.69184112548828,50.3295783996582,55.31682586669922,54.802001953125,50.91923522949219,51.87035369873047,50,NaN,0,100,50,0,0,0,16.95104217529297,17179869184,22548578304,13266124800,22046113792
11,1772009301687,3228,3228,3228,3228,3228,3228,3228,3228,47.66550064086914,49.11101531982422,50.07746887207031,49.84904861450195,49.45386505126953,47.92485427856445,51.239036560058594,50.33442687988281,48.64205551147461,49.91168975830078,51.79631805419922,50.749420166015625,29.518253326416016,21.034135818481445,14.332999229431152,13.436277389526367,9.176518440246582,6.958349704742432,11.782551765441895,17179869184,22548578304,13608026112,22046113792
