Delta,Time,CPU_FREQUENCY_0,CPU_FREQUENCY_1,CPU_FREQUENCY_2,CPU_FREQUENCY_3,CPU_FREQUENCY_4,CPU_FREQUENCY_5,CPU_FREQUENCY_6,CPU_FREQUENCY_7,CPU_TEMP_0,CPU_TEMP_1,CPU_TEMP_2,CPU_TEMP_3,CPU_TEMP_4,CPU_TEMP_5,CPU_TEMP_6,CPU_TEMP_7,CPU_TEMP_8,CPU_TEMP_9,CPU_USAGE_0,CPU_USAGE_1,CPU_USAGE_2,CPU_USAGE_3,CPU_USAGE_4,CPU_USAGE_5,CPU_USAGE_6,CPU_USAGE_7,SYSTEM_POWER (Watts),TOTAL_MEMORY,TOTAL_SWAP,USED_MEMORY,USED_SWAP
0,1772014878932,3228,3228,3228,3228,3228,3228,3228,3228,46.1613883972168,47.47771072387695,46.77220153808594,47.46462631225586,47.225013732910156,45.79075241088867,48.871360778808594,47.30921173095703,46.42537307739258,47.37152099609375,NaN,100,0,NaN,0,50,0,0,11.53831672668457,17179869184,23622320128,13360300032,23104847872
100005,1772014878932,3228,3228,3228,3228,3228,3228,3228,3228,46.1613883972168,47.47771072387695,46.77220153808594,47.46462631225586,47.225013732910156,45.79075241088867,48.871360778808594,47.30921173095703,46.42537307739258,47.37152099609375,66.66667175292969,100,NaN,50,0,0,0,0,11.53831672668457,17179869184,23622320128,13360300032,23104847872
13,1772014978939,3228,3228,3228,3228,3228,3228,3228,3228,45.74005889892578,46.62983322143555,45.445762634277344,46.7841682434082,46.65614318847656,45.75765609741211,48.63784408569336,47.06904983520508,46.62513732910156,47.324798583984375,34.57162857055664,33.303138732910156,20.303091049194336,14.474739074707031,8.281594276428223,7.458950519561768,4.933453559875488,3.7715084552764893,10.046099662780762,17179869184,23622320128,13350977536,23071293440
