Delta,Time,CPU_FREQUENCY_0,CPU_FREQUENCY_1,CPU_FREQUENCY_2,CPU_FREQUENCY_3,CPU_FREQUENCY_4,CPU_FREQUENCY_5,CPU_FREQUENCY_6,CPU_FREQUENCY_7,CPU_TEMP_0,CPU_TEMP_1,CPU_TEMP_2,CPU_TEMP_3,CPU_TEMP_4,CPU_TEMP_5,CPU_TEMP_6,CPU_TEMP_7,CPU_TEMP_8,CPU_TEMP_9,CPU_USAGE_0,CPU_USAGE_1,CPU_USAGE_2,CPU_USAGE_3,CPU_USAGE_4,CPU_USAGE_5,CPU_USAGE_6,CPU_USAGE_7,SYSTEM_POWER (Watts),TOTAL_MEMORY,TOTAL_SWAP,USED_MEMORY,USED_SWAP
0,1772015456583,3228,3228,3228,3228,3228,3228,3228,3228,53.93400955200195,54.30413818359375,53.822967529296875,54.371360778808594,54.09648132324219,52.950984954833984,56.155967712402344,54.504093170166016,53.60743713378906,54.68048095703125,0,0,100,50,0,0,0,0,14.87305736541748,17179869184,24696061952,13710163968,23672455168
100002,1772015456583,3228,3228,3228,3228,3228,3228,3228,3228,53.93400955200195,54.30413818359375,53.822967529296875,54.371360778808594,54.09648132324219,52.950984954833984,56.155967712402344,54.504093170166016,53.60743713378906,54.68048095703125,NaN,100,0,50,0,0,0,0,14.87305736541748,17179869184,24696061952,13711884288,23672455168
12,1772015556587,3228,3228,3228,3228,3228,3228,3228,3228,52.42828369140625,52.467063903808594,52.29979705810547,52.874969482421875,52.78582763671875,51.533016204833984,54.76096725463867,53.480655670166016,52.43899917602539,53.20940399169922,40.4521598815918,38.66801452636719,30.63543128967285,20.214794158935547,13.112781524658203,11.660989761352539,6.9669671058654785,5.162581443786621,16.49636459350586,17179869184,24696061952,13595443200,23708696576
