Delta,Time,CPU_FREQUENCY_0,CPU_FREQUENCY_1,CPU_FREQUENCY_2,CPU_FREQUENCY_3,CPU_FREQUENCY_4,CPU_FREQUENCY_5,CPU_FREQUENCY_6,CPU_FREQUENCY_7,CPU_TEMP_0,CPU_TEMP_1,CPU_TEMP_2,CPU_TEMP_3,CPU_TEMP_4,CPU_TEMP_5,CPU_TEMP_6,CPU_TEMP_7,CPU_TEMP_8,CPU_TEMP_9,CPU_USAGE_0,CPU_USAGE_1,CPU_USAGE_2,CPU_USAGE_3,CPU_USAGE_4,CPU_USAGE_5,CPU_USAGE_6,CPU_USAGE_7,SYSTEM_POWER (Watts),TOTAL_MEMORY,TOTAL_SWAP,USED_MEMORY,USED_SWAP
0,1772015803146,3228,3228,3228,3228,3228,3228,3228,3228,64.69577026367188,65.92704010009766,66.62462615966797,67.75438690185547,64.71375274658203,63.68706512451172,71.59811401367188,70.25192260742188,65.40682983398438,65.20767211914063,100,100,100,100,NaN,100,50,50,26.71289825439453,17179869184,24696061952,13397557248,24293801984
100000,1772015803146,3228,3228,3228,3228,3228,3228,3228,3228,64.69577026367188,65.92704010009766,66.62462615966797,67.75438690185547,64.71375274658203,63.68706512451172,71.59811401367188,70.25192260742188,65.40682983398438,65.20767211914063,NaN,NaN,NaN,0,0,50,NaN,100,26.71289825439453,17179869184,24696061952,13397557248,24293801984
10,1772015903148,3228,3228,3228,3228,3228,3228,3228,3228,66.08051300048828,67.57152557373047,67.76298522949219,68.3460464477539,66.2153091430664,64.8082504272461,71.73371887207031,70.0997314453125,66.84980773925781,66.856689453125,46.60341262817383,44.03632736206055,46.44973373413086,31.008529663085938,24.125137329101563,47.84612274169922,30.56890869140625,23.495845794677734,26.065153121948242,17179869184,24696061952,13100974080,24285413376
