Delta,Time,CPU_FREQUENCY_0,CPU_FREQUENCY_1,CPU_FREQUENCY_2,CPU_FREQUENCY_3,CPU_FREQUENCY_4,CPU_FREQUENCY_5,CPU_FREQUENCY_6,CPU_FREQUENCY_7,CPU_TEMP_0,CPU_TEMP_1,CPU_TEMP_2,CPU_TEMP_3,CPU_TEMP_4,CPU_TEMP_5,CPU_TEMP_6,CPU_TEMP_7,CPU_TEMP_8,CPU_TEMP_9,CPU_USAGE_0,CPU_USAGE_1,CPU_USAGE_2,CPU_USAGE_3,CPU_USAGE_4,CPU_USAGE_5,CPU_USAGE_6,CPU_USAGE_7,SYSTEM_POWER (Watts),TOTAL_MEMORY,TOTAL_SWAP,USED_MEMORY,USED_SWAP
0,1772007989539,3228,3228,3228,3228,3228,3228,3228,3228,49.83830261230469,49.47865295410156,56.010536193847656,54.006317138671875,50.74339294433594,48.73432922363281,52.61258316040039,52.42646789550781,48.77733612060547,50.343780517578125,0,0,50,0,0,0,0,0,16.3067626953125,17179869184,22548578304,13128564736,22008561664
100005,1772007989539,3228,3228,3228,3228,3228,3228,3228,3228,49.83830261230469,49.47865295410156,56.010536193847656,54.006317138671875,50.74339294433594,48.73432922363281,52.61258316040039,52.42646789550781,48.77733612060547,50.343780517578125,0,0,NaN,0,0,0,0,0,16.3067626953125,17179869184,22548578304,13129695232,22008561664
10,1772008089546,3228,3228,3228,3228,3228,3228,3228,3228,45.192237854003906,46.135398864746094,45.247222900390625,45.166629791259766,46.191375732421875,45.25947189331055,47.63616943359375,46.969970703125,45.46168518066406,46.70069122314453,52.240753173828125,50.55253982543945,22.660642623901367,15.125375747680664,10.222489356994629,8.588034629821777,6.309463977813721,4.964964866638184,8.165642738342285,17179869184,22548578304,13188382720,21975007232
