Delta,Time,CPU_FREQUENCY_0,CPU_FREQUENCY_1,CPU_FREQUENCY_2,CPU_FREQUENCY_3,CPU_FREQUENCY_4,CPU_FREQUENCY_5,CPU_FREQUENCY_6,CPU_FREQUENCY_7,CPU_TEMP_0,CPU_TEMP_1,CPU_TEMP_2,CPU_TEMP_3,CPU_TEMP_4,CPU_TEMP_5,CPU_TEMP_6,CPU_TEMP_7,CPU_TEMP_8,CPU_TEMP_9,CPU_USAGE_0,CPU_USAGE_1,CPU_USAGE_2,CPU_USAGE_3,CPU_USAGE_4,CPU_USAGE_5,CPU_USAGE_6,CPU_USAGE_7,SYSTEM_POWER (Watts),TOTAL_MEMORY,TOTAL_SWAP,USED_MEMORY,USED_SWAP
0,1772007627131,3228,3228,3228,3228,3228,3228,3228,3228,51.525054931640625,51.259437561035156,55.703643798828125,54.55195617675781,52.521217346191406,50.126407623291016,54.61595153808594,54.64540481567383,51.2452507019043,51.61621856689453,50,66.66667175292969,100,66.66667175292969,33.333335876464844,33.333335876464844,0,33.333335876464844,17.716617584228516,17179869184,22548578304,13106413568,22084059136
100005,1772007627131,3228,3228,3228,3228,3228,3228,3228,3228,51.525054931640625,51.259437561035156,55.703643798828125,54.55195617675781,52.521217346191406,50.126407623291016,54.61595153808594,54.64540481567383,51.2452507019043,51.61621856689453,100,0,100,NaN,0,100,0,0,17.716617584228516,17179869184,22548578304,13105299456,22084059136
12,1772007727138,3228,3228,3228,3228,3228,3228,3228,3228,46.13352966308594,46.66675567626953,46.22857666015625,46.77928161621094,47.583587646484375,46.8182373046875,49.12709045410156,47.784950256347656,47.149356842041016,48.00514221191406,42.03584671020508,40.905887603759766,27.522104263305664,17.44932746887207,11.527666091918945,9.71136474609375,6.569197177886963,5.115627288818359,7.372810363769531,17179869184,22548578304,12756828160,22058893312
