Delta,Time,CPU_FREQUENCY_0,CPU_FREQUENCY_1,CPU_FREQUENCY_2,CPU_FREQUENCY_3,CPU_FREQUENCY_4,CPU_FREQUENCY_5,CPU_FREQUENCY_6,CPU_FREQUENCY_7,CPU_TEMP_0,CPU_TEMP_1,CPU_TEMP_2,CPU_TEMP_3,CPU_TEMP_4,CPU_TEMP_5,CPU_TEMP_6,CPU_TEMP_7,CPU_TEMP_8,CPU_TEMP_9,CPU_USAGE_0,CPU_USAGE_1,CPU_USAGE_2,CPU_USAGE_3,CPU_USAGE_4,CPU_USAGE_5,CPU_USAGE_6,CPU_USAGE_7,SYSTEM_POWER (Watts),TOTAL_MEMORY,TOTAL_SWAP,USED_MEMORY,USED_SWAP
0,1772011145374,3228,3228,3228,3228,3228,3228,3228,3228,53.403594970703125,53.89420700073242,58.662078857421875,58.24333572387695,54.588592529296875,53.27076721191406,57.85858154296875,58.174835205078125,53.65849304199219,54.35302734375,100,100,0,0,0,0,0,0,19.887880325317383,17179869184,22548578304,13433552896,22004695040
100005,1772011145374,3228,3228,3228,3228,3228,3228,3228,3228,53.403594970703125,53.89420700073242,58.662078857421875,58.24333572387695,54.588592529296875,53.27076721191406,57.85858154296875,58.174835205078125,53.65849304199219,54.35302734375,100,100,0,100,0,0,0,0,19.887880325317383,17179869184,22548578304,13434421248,22004695040
14,1772011245381,3228,3228,3228,3228,3228,3228,3228,3228,48.08241653442383,49.03203201293945,48.212310791015625,49.072174072265625,48.9466552734375,48.58987808227539,50.78704833984375,49.402679443359375,48.58924865722656,50.29254913330078,44.50045394897461,43.77016067504883,30.7213191986084,23.16106414794922,15.401583671569824,15.567361831665039,9.48422622680664,7.436692714691162,6.213910102844238,17179869184,22548578304,13139542016,22004695040
