Delta,Time,CPU_FREQUENCY_0,CPU_FREQUENCY_1,CPU_FREQUENCY_2,CPU_FREQUENCY_3,CPU_FREQUENCY_4,CPU_FREQUENCY_5,CPU_FREQUENCY_6,CPU_FREQUENCY_7,CPU_TEMP_0,CPU_TEMP_1,CPU_TEMP_2,CPU_TEMP_3,CPU_TEMP_4,CPU_TEMP_5,CPU_TEMP_6,CPU_TEMP_7,CPU_TEMP_8,CPU_TEMP_9,CPU_USAGE_0,CPU_USAGE_1,CPU_USAGE_2,CPU_USAGE_3,CPU_USAGE_4,CPU_USAGE_5,CPU_USAGE_6,CPU_USAGE_7,SYSTEM_POWER (Watts),TOTAL_MEMORY,TOTAL_SWAP,USED_MEMORY,USED_SWAP
0,1772011386442,3228,3228,3228,3228,3228,3228,3228,3228,52.20600128173828,51.8043327331543,56.79236602783203,56.53733444213867,52.950401306152344,51.34421157836914,55.248077392578125,54.334693908691406,51.23577880859375,52.44078826904297,NaN,0,50,50,50,0,0,0,16.840213775634766,17179869184,22548578304,13319864320,22004695040
100002,1772011386442,3228,3228,3228,3228,3228,3228,3228,3228,52.20600128173828,51.8043327331543,56.79236602783203,56.53733444213867,52.950401306152344,51.34421157836914,55.248077392578125,54.334693908691406,51.23577880859375,52.44078826904297,66.66667175292969,NaN,100,0,0,0,0,0,16.840213775634766,17179869184,22548578304,13320323072,22004695040
11,1772011486450,3228,3228,3228,3228,3228,3228,3228,3228,47.711517333984375,47.653743743896484,48.15373992919922,48.54465866088867,48.38786315917969,47.4024543762207,50.56478500366211,48.70935821533203,47.358543395996094,48.70758056640625,57.978885650634766,57.02653503417969,25.619918823242188,16.345767974853516,11.85489559173584,9.637347221374512,7.179333209991455,6.06545877456665,8.150291442871094,17179869184,22548578304,13307772928,22004695040
