Delta,Time,CPU_FREQUENCY_0,CPU_FREQUENCY_1,CPU_FREQUENCY_2,CPU_FREQUENCY_3,CPU_FREQUENCY_4,CPU_FREQUENCY_5,CPU_FREQUENCY_6,CPU_FREQUENCY_7,CPU_TEMP_0,CPU_TEMP_1,CPU_TEMP_2,CPU_TEMP_3,CPU_TEMP_4,CPU_TEMP_5,CPU_TEMP_6,CPU_TEMP_7,CPU_TEMP_8,CPU_TEMP_9,CPU_USAGE_0,CPU_USAGE_1,CPU_USAGE_2,CPU_USAGE_3,CPU_USAGE_4,CPU_USAGE_5,CPU_USAGE_6,CPU_USAGE_7,SYSTEM_POWER (Watts),TOTAL_MEMORY,TOTAL_SWAP,USED_MEMORY,USED_SWAP
0,1772014527317,3228,3228,3228,3228,3228,3228,3228,3228,51.55044937133789,51.678829193115234,55.914772033691406,54.95964431762695,52.41111755371094,50.19109344482422,54.93528747558594,54.15192413330078,51.32756423950195,52.31086730957031,0,50,0,NaN,0,0,0,0,20.492830276489258,17179869184,23622320128,13189939200,23247519744
100005,1772014527317,3228,3228,3228,3228,3228,3228,3228,3228,51.55044937133789,51.678829193115234,55.914772033691406,54.95964431762695,52.41111755371094,50.19109344482422,54.93528747558594,54.15192413330078,51.32756423950195,52.31086730957031,50,0,100,0,0,NaN,50,0,20.492830276489258,17179869184,23622320128,13191069696,23247519744
10,1772014627323,3228,3228,3228,3228,3228,3228,3228,3228,43.86479949951172,45.25864028930664,44.021629333496094,45.026432037353516,44.9105224609375,44.25618362426758,46.50729751586914,44.73728942871094,44.59703826904297,45.557350158691406,29.27810287475586,28.39196014404297,15.643802642822266,10.7715425491333,7.120680809020996,5.818727970123291,4.134134292602539,3.192553997039795,6.712884426116943,17179869184,23622320128,12740804608,23247519744
