Delta,Time,CPU_FREQUENCY_0,CPU_FREQUENCY_1,CPU_FREQUENCY_2,CPU_FREQUENCY_3,CPU_FREQUENCY_4,CPU_FREQUENCY_5,CPU_FREQUENCY_6,CPU_FREQUENCY_7,CPU_TEMP_0,CPU_TEMP_1,CPU_TEMP_2,CPU_TEMP_3,CPU_TEMP_4,CPU_TEMP_5,CPU_TEMP_6,CPU_TEMP_7,CPU_TEMP_8,CPU_TEMP_9,CPU_USAGE_0,CPU_USAGE_1,CPU_USAGE_2,CPU_USAGE_3,CPU_USAGE_4,CPU_USAGE_5,CPU_USAGE_6,CPU_USAGE_7,SYSTEM_POWER (Watts),TOTAL_MEMORY,TOTAL_SWAP,USED_MEMORY,USED_SWAP
0,1772011507053,3228,3228,3228,3228,3228,3228,3228,3228,51.34529495239258,50.25194549560547,56.78584289550781,56.81195068359375,51.737548828125,49.96717071533203,52.92216110229492,52.374168395996094,49.72075271606445,50.45795440673828,100,0,50,0,0,0,0,0,16.9268856048584,17179869184,22548578304,13237944320,22004695040
100005,1772011507053,3228,3228,3228,3228,3228,3228,3228,3228,51.34529495239258,50.25194549560547,53.367584228515625,52.974918365478516,51.737548828125,49.96717071533203,52.92216110229492,52.374168395996094,49.72075271606445,50.45795440673828,0,NaN,NaN,NaN,0,0,0,0,16.9268856048584,17179869184,22548578304,13236371456,22004695040
9,1772011607060,3228,3228,3228,3228,3228,3228,3228,3228,47.12822723388672,47.37163543701172,46.93901824951172,47.42386245727539,47.394065856933594,47.003692626953125,49.547813415527344,48.15620422363281,46.85817337036133,48.24518585205078,43.82610321044922,43.184791564941406,21.788436889648438,15.662288665771484,10.201422691345215,8.826770782470703,6.758786678314209,5.384846210479736,9.511311531066895,17179869184,22548578304,12713263104,22004695040
