Delta,Time,CPU_FREQUENCY_0,CPU_FREQUENCY_1,CPU_FREQUENCY_2,CPU_FREQUENCY_3,CPU_FREQUENCY_4,CPU_FREQUENCY_5,CPU_FREQUENCY_6,CPU_FREQUENCY_7,CPU_TEMP_0,CPU_TEMP_1,CPU_TEMP_2,CPU_TEMP_3,CPU_TEMP_4,CPU_TEMP_5,CPU_TEMP_6,CPU_TEMP_7,CPU_TEMP_8,CPU_TEMP_9,CPU_USAGE_0,CPU_USAGE_1,CPU_USAGE_2,CPU_USAGE_3,CPU_USAGE_4,CPU_USAGE_5,CPU_USAGE_6,CPU_USAGE_7,SYSTEM_POWER (Watts),TOTAL_MEMORY,TOTAL_SWAP,USED_MEMORY,USED_SWAP
0,1772015572079,3228,3228,3228,3228,3228,3228,3228,3228,55.526920318603516,55.77184295654297,56.995689392089844,57.78230667114258,55.89008331298828,53.9942512512207,58.559654235839844,57.62848663330078,54.78607940673828,56.09777069091797,0,NaN,50,NaN,NaN,0,0,NaN,23.030183792114258,17179869184,24696061952,13501136896,23708696576
100001,1772015572079,3228,3228,3228,3228,3228,3228,3228,3228,55.526920318603516,55.77184295654297,56.995689392089844,57.78230667114258,55.89008331298828,53.9942512512207,58.559654235839844,57.62848663330078,54.78607940673828,56.09777069091797,100,100,NaN,100,0,NaN,100,50,23.030183792114258,17179869184,24696061952,13501136896,23708696576
18,1772015672082,3228,3228,3228,3228,3228,3228,3228,3228,59.587806701660156,60.13471221923828,59.540184020996094,60.55656433105469,59.892311096191406,58.99054718017578,62.159061431884766,61.183658599853516,59.791656494140625,60.0853271484375,50.68285369873047,49.29719924926758,50.05039596557617,35.527374267578125,26.44428825378418,26.277225494384766,17.96491241455078,13.902243614196777,24.353315353393555,17179869184,24696061952,13941915648,24310579200
