Delta,Time,CPU_FREQUENCY_0,CPU_FREQUENCY_1,CPU_FREQUENCY_2,CPU_FREQUENCY_3,CPU_FREQUENCY_4,CPU_FREQUENCY_5,CPU_FREQUENCY_6,CPU_FREQUENCY_7,CPU_TEMP_0,CPU_TEMP_1,CPU_TEMP_2,CPU_TEMP_3,CPU_TEMP_4,CPU_TEMP_5,CPU_TEMP_6,CPU_TEMP_7,CPU_TEMP_8,CPU_TEMP_9,CPU_USAGE_0,CPU_USAGE_1,CPU_USAGE_2,CPU_USAGE_3,CPU_USAGE_4,CPU_USAGE_5,CPU_USAGE_6,CPU_USAGE_7,SYSTEM_POWER (Watts),TOTAL_MEMORY,TOTAL_SWAP,USED_MEMORY,USED_SWAP
0,1772017535992,3228,3228,3228,3228,3228,3228,3228,3228,44.793643951416016,45.40023422241211,45.36747741699219,44.960906982421875,44.904998779296875,45.43701171875,47.18122100830078,45.939361572265625,45.051395416259766,46.187156677246094,50,0,100,0,0,0,0,0,5.96532678604126,17179869184,24696061952,13049856000,24201330688
100005,1772017535992,3228,3228,3228,3228,3228,3228,3228,3228,44.793643951416016,45.40023422241211,45.36747741699219,44.960906982421875,44.904998779296875,45.43701171875,47.18122100830078,45.939361572265625,45.051395416259766,46.187156677246094,0,0,0,100,0,50,0,0,5.96532678604126,17179869184,24696061952,13050380288,24201330688
10,1772017635998,3228,3228,3228,3228,3228,3228,3228,3228,46.27800369262695,45.6822509765625,46.82499694824219,47.26188278198242,46.03063201904297,45.584163665771484,48.052669525146484,47.25129318237305,45.46913146972656,46.524932861328125,34.107357025146484,32.97498321533203,17.191259384155273,12.029247283935547,6.896896839141846,5.314783573150635,3.691845655441284,2.920584201812744,11.380746841430664,17179869184,24696061952,13049135104,24176164864
