Delta,Time,CPU_FREQUENCY_0,CPU_FREQUENCY_1,CPU_FREQUENCY_2,CPU_FREQUENCY_3,CPU_FREQUENCY_4,CPU_FREQUENCY_5,CPU_FREQUENCY_6,CPU_FREQUENCY_7,CPU_TEMP_0,CPU_TEMP_1,CPU_TEMP_2,CPU_TEMP_3,CPU_TEMP_4,CPU_TEMP_5,CPU_TEMP_6,CPU_TEMP_7,CPU_TEMP_8,CPU_TEMP_9,CPU_USAGE_0,CPU_USAGE_1,CPU_USAGE_2,CPU_USAGE_3,CPU_USAGE_4,CPU_USAGE_5,CPU_USAGE_6,CPU_USAGE_7,SYSTEM_POWER (Watts),TOTAL_MEMORY,TOTAL_SWAP,USED_MEMORY,USED_SWAP
0,1772015225535,3228,3228,3228,3228,3228,3228,3228,3228,50.51335525512695,51.12455749511719,49.645729064941406,51.40525817871094,51.13468933105469,50.0488395690918,52.804229736328125,50.971309661865234,50.623756408691406,51.836280822753906,50,50,0,0,0,0,0,0,9.911991119384766,17179869184,23622320128,13250478080,23131389952
100004,1772015225535,3228,3228,3228,3228,3228,3228,3228,3228,50.51335525512695,51.12455749511719,49.645729064941406,51.40525817871094,51.13468933105469,50.0488395690918,52.804229736328125,50.971309661865234,50.623756408691406,51.836280822753906,50,50,100,100,100,100,50,0,11.878661155700684,17179869184,23622320128,13246939136,23131389952
9,1772015325539,3228,3228,3228,3228,3228,3228,3228,3228,52.65918731689453,53.16594696044922,53.64159393310547,54.93821334838867,53.484283447265625,51.93616485595703,55.215091705322266,54.499446868896484,52.74485778808594,53.344764709472656,51.85334777832031,51.45992660522461,32.50175857543945,26.68674659729004,17.104473114013672,14.94287395477295,8.890668869018555,6.764058589935303,16.13006019592285,17179869184,23622320128,13493141504,23131389952
