Delta,Time,CPU_FREQUENCY_0,CPU_FREQUENCY_1,CPU_FREQUENCY_2,CPU_FREQUENCY_3,CPU_FREQUENCY_4,CPU_FREQUENCY_5,CPU_FREQUENCY_6,CPU_FREQUENCY_7,CPU_TEMP_0,CPU_TEMP_1,CPU_TEMP_2,CPU_TEMP_3,CPU_TEMP_4,CPU_TEMP_5,CPU_TEMP_6,CPU_TEMP_7,CPU_TEMP_8,CPU_TEMP_9,CPU_USAGE_0,CPU_USAGE_1,CPU_USAGE_2,CPU_USAGE_3,CPU_USAGE_4,CPU_USAGE_5,CPU_USAGE_6,CPU_USAGE_7,SYSTEM_POWER (Watts),TOTAL_MEMORY,TOTAL_SWAP,USED_MEMORY,USED_SWAP
0,1772016265259,3228,3228,3228,3228,3228,3228,3228,3228,53.35660934448242,53.33473587036133,54.13603210449219,54.70943069458008,53.88470458984375,52.73118591308594,55.911251068115234,55.813499450683594,54.13722229003906,54.153045654296875,0,0,NaN,0,100,0,50,0,14.715741157531738,17179869184,24696061952,13290274816,24092475392
100002,1772016265259,3228,3228,3228,3228,3228,3228,3228,3228,53.35660934448242,53.33473587036133,54.13603210449219,54.70943069458008,53.88470458984375,52.73118591308594,55.911251068115234,55.813499450683594,54.13722229003906,54.153045654296875,0,50,66.66667175292969,100,0,100,0,NaN,14.715741157531738,17179869184,24696061952,13296467968,24092475392
10,1772016365262,3228,3228,3228,3228,3228,3228,3228,3228,56.885986328125,58.04216003417969,59.28044128417969,60.111637115478516,57.44878387451172,56.069576263427734,62.202816009521484,62.583126068115234,58.350589752197266,57.66986846923828,46.92827606201172,45.6580924987793,34.09799575805664,25.901376724243164,16.912429809570313,16.71845245361328,9.453234672546387,6.764058589935303,23.680492401123047,17179869184,24696061952,13489979392,24092475392
