Delta,Time,CPU_FREQUENCY_0,CPU_FREQUENCY_1,CPU_FREQUENCY_2,CPU_FREQUENCY_3,CPU_FREQUENCY_4,CPU_FREQUENCY_5,CPU_FREQUENCY_6,CPU_FREQUENCY_7,CPU_TEMP_0,CPU_TEMP_1,CPU_TEMP_2,CPU_TEMP_3,CPU_TEMP_4,CPU_TEMP_5,CPU_TEMP_6,CPU_TEMP_7,CPU_TEMP_8,CPU_TEMP_9,CPU_USAGE_0,CPU_USAGE_1,CPU_USAGE_2,CPU_USAGE_3,CPU_USAGE_4,CPU_USAGE_5,CPU_USAGE_6,CPU_USAGE_7,SYSTEM_POWER (Watts),TOTAL_MEMORY,TOTAL_SWAP,USED_MEMORY,USED_SWAP
0,1772017998083,3228,3228,3228,3228,3228,3228,3228,3228,49.40443420410156,49.637264251708984,49.20789337158203,50.158843994140625,49.90681457519531,48.552310943603516,51.38570022583008,50.039737701416016,49.535587310791016,50.454917907714844,NaN,100,50,0,0,0,0,0,11.927470207214355,17179869184,24696061952,13336379392,24134221824
100005,1772017998083,3228,3228,3228,3228,3228,3228,3228,3228,49.40443420410156,49.637264251708984,49.20789337158203,50.158843994140625,49.90681457519531,48.552310943603516,51.38570022583008,50.039737701416016,49.535587310791016,50.454917907714844,100,NaN,NaN,100,0,0,0,0,11.927470207214355,17179869184,24696061952,13336707072,24134221824
7,1772018098091,3228,3228,3228,3228,3228,3228,3228,3228,49.45507049560547,49.735286712646484,49.164337158203125,49.8178596496582,49.16509246826172,48.50425338745117,51.19712448120117,50.01527786254883,49.18838882446289,50.163490295410156,39.08358383178711,38.09140396118164,24.56334114074707,16.872180938720703,9.915864944458008,9.060873031616211,5.403782844543457,4.061625003814697,16.155311584472656,17179869184,24696061952,13258833920,24125833216
