Delta,Time,CPU_FREQUENCY_0,CPU_FREQUENCY_1,CPU_FREQUENCY_2,CPU_FREQUENCY_3,CPU_FREQUENCY_4,CPU_FREQUENCY_5,CPU_FREQUENCY_6,CPU_FREQUENCY_7,CPU_TEMP_0,CPU_TEMP_1,CPU_TEMP_2,CPU_TEMP_3,CPU_TEMP_4,CPU_TEMP_5,CPU_TEMP_6,CPU_TEMP_7,CPU_TEMP_8,CPU_TEMP_9,CPU_USAGE_0,CPU_USAGE_1,CPU_USAGE_2,CPU_USAGE_3,CPU_USAGE_4,CPU_USAGE_5,CPU_USAGE_6,CPU_USAGE_7,SYSTEM_POWER (Watts),TOTAL_MEMORY,TOTAL_SWAP,USED_MEMORY,USED_SWAP
0,1772007868547,3228,3228,3228,3228,3228,3228,3228,3228,51.6169319152832,50.63542938232422,57.021141052246094,55.66707992553711,52.885032653808594,50.78042221069336,54.45838928222656,53.92292404174805,50.25263977050781,52.1119384765625,100,100,100,66.66667175292969,100,100,66.66667175292969,66.66667175292969,16.97635269165039,17179869184,22548578304,13073825792,22008561664
100006,1772007868547,3228,3228,3228,3228,3228,3228,3228,3228,51.6169319152832,50.63542938232422,57.021141052246094,55.66707992553711,52.885032653808594,50.78042221069336,54.45838928222656,53.92292404174805,50.25263977050781,52.1119384765625,50,50,0,100,50,NaN,NaN,0,16.97635269165039,17179869184,22548578304,13074317312,22008561664
18,1772007968555,3228,3228,3228,3228,3228,3228,3228,3228,47.131900787353516,48.17251205444336,48.57347106933594,48.656898498535156,49.063201904296875,47.49618148803711,51.077754974365234,50.30842590332031,48.10945510864258,49.774635314941406,39.78646469116211,38.787635803222656,28.64321517944336,20.921594619750977,14.302909851074219,12.703028678894043,8.213964462280273,6.447091579437256,7.564947605133057,17179869184,22548578304,12911345664,22008561664
