Delta,Time,CPU_FREQUENCY_0,CPU_FREQUENCY_1,CPU_FREQUENCY_2,CPU_FREQUENCY_3,CPU_FREQUENCY_4,CPU_FREQUENCY_5,CPU_FREQUENCY_6,CPU_FREQUENCY_7,CPU_TEMP_0,CPU_TEMP_1,CPU_TEMP_2,CPU_TEMP_3,CPU_TEMP_4,CPU_TEMP_5,CPU_TEMP_6,CPU_TEMP_7,CPU_TEMP_8,CPU_TEMP_9,CPU_USAGE_0,CPU_USAGE_1,CPU_USAGE_2,CPU_USAGE_3,CPU_USAGE_4,CPU_USAGE_5,CPU_USAGE_6,CPU_USAGE_7,SYSTEM_POWER (Watts),TOTAL_MEMORY,TOTAL_SWAP,USED_MEMORY,USED_SWAP
0,1772016034154,3228,3228,3228,3228,3228,3228,3228,3228,63.03459167480469,63.50188064575195,65.12734985351563,66.00386047363281,63.73169708251953,61.67708206176758,68.42599487304688,67.59262084960938,63.15606689453125,63.60626220703125,0,0,0,0,0,50,50,0,24.98606300354004,17179869184,24696061952,13192232960,24235081728
100001,1772016034155,3228,3228,3228,3228,3228,3228,3228,3228,63.03459167480469,63.50188064575195,65.12734985351563,66.00386047363281,63.73169708251953,61.67708206176758,68.42599487304688,67.59262084960938,63.15606689453125,63.60626220703125,50,NaN,100,50,NaN,100,0,0,24.98606300354004,17179869184,24696061952,13192380416,24235081728
10,1772016134157,3228,3228,3228,3228,3228,3228,3228,3228,59.34447479248047,59.47700881958008,58.112693786621094,59.30257034301758,59.69116973876953,58.5418815612793,60.62864303588867,59.805389404296875,58.68843460083008,59.83369445800781,47.28337860107422,45.33252716064453,47.085426330566406,33.319942474365234,25.66699981689453,48.442352294921875,29.03645896911621,22.144359588623047,14.852298736572266,17179869184,24696061952,13210304512,24109252608
