Delta,Time,CPU_FREQUENCY_0,CPU_FREQUENCY_1,CPU_FREQUENCY_2,CPU_FREQUENCY_3,CPU_FREQUENCY_4,CPU_FREQUENCY_5,CPU_FREQUENCY_6,CPU_FREQUENCY_7,CPU_TEMP_0,CPU_TEMP_1,CPU_TEMP_2,CPU_TEMP_3,CPU_TEMP_4,CPU_TEMP_5,CPU_TEMP_6,CPU_TEMP_7,CPU_TEMP_8,CPU_TEMP_9,CPU_USAGE_0,CPU_USAGE_1,CPU_USAGE_2,CPU_USAGE_3,CPU_USAGE_4,CPU_USAGE_5,CPU_USAGE_6,CPU_USAGE_7,SYSTEM_POWER (Watts),TOTAL_MEMORY,TOTAL_SWAP,USED_MEMORY,USED_SWAP
0,1772011265805,3228,3228,3228,3228,3228,3228,3228,3228,52.387020111083984,50.9831657409668,57.61735534667969,56.87028884887695,52.347206115722656,51.21223831176758,53.66245651245117,52.876556396484375,50.73139953613281,52.452659606933594,66.66667175292969,66.66667175292969,0,0,0,0,0,0,16.15567970275879,17179869184,22548578304,13109936128,22004695040
100005,1772011265805,3228,3228,3228,3228,3228,3228,3228,3228,52.387020111083984,50.9831657409668,57.61735534667969,56.87028884887695,52.347206115722656,51.21223831176758,53.66245651245117,52.876556396484375,50.73139953613281,52.452659606933594,0,0,NaN,0,0,0,0,0,16.15567970275879,17179869184,22548578304,13109936128,22004695040
11,1772011365814,3228,3228,3228,3228,3228,3228,3228,3228,48.650062561035156,48.93072509765625,48.938560485839844,49.262916564941406,49.42284393310547,48.982261657714844,51.592716217041016,49.7197265625,48.78895568847656,50.140159606933594,46.715694427490234,45.84550094604492,28.219810485839844,20.893125534057617,14.257068634033203,12.869599342346191,8.81321907043457,6.856170177459717,8.963041305541992,17179869184,22548578304,13482967040,22004695040
