Delta,Time,CPU_FREQUENCY_0,CPU_FREQUENCY_1,CPU_FREQUENCY_2,CPU_FREQUENCY_3,CPU_FREQUENCY_4,CPU_FREQUENCY_5,CPU_FREQUENCY_6,CPU_FREQUENCY_7,CPU_TEMP_0,CPU_TEMP_1,CPU_TEMP_2,CPU_TEMP_3,CPU_TEMP_4,CPU_TEMP_5,CPU_TEMP_6,CPU_TEMP_7,CPU_TEMP_8,CPU_TEMP_9,CPU_USAGE_0,CPU_USAGE_1,CPU_USAGE_2,CPU_USAGE_3,CPU_USAGE_4,CPU_USAGE_5,CPU_USAGE_6,CPU_USAGE_7,SYSTEM_POWER (Watts),TOTAL_MEMORY,TOTAL_SWAP,USED_MEMORY,USED_SWAP
0,1772011749160,3228,3228,3228,3228,3228,3228,3228,3228,54.35747146606445,54.79254150390625,57.76225280761719,58.034610748291016,55.09581756591797,53.81526565551758,58.138343811035156,57.93021774291992,54.33856201171875,55.32218933105469,0,0,50,100,0,50,0,0,18.97832489013672,17179869184,22548578304,13112344576,22004695040
100005,1772011749160,3228,3228,3228,3228,3228,3228,3228,3228,54.35747146606445,54.79254150390625,57.76225280761719,58.034610748291016,55.09581756591797,53.81526565551758,58.138343811035156,57.93021774291992,54.33856201171875,55.32218933105469,0,100,NaN,100,50,100,50,50,18.97832489013672,17179869184,22548578304,13112344576,22004695040
9,1772011849167,3228,3228,3228,3228,3228,3228,3228,3228,47.481441497802734,48.265411376953125,47.623504638671875,48.2407341003418,48.573158264160156,47.636905670166016,50.13779830932617,48.77095413208008,47.503238677978516,49.072601318359375,46.829071044921875,45.67689895629883,24.741439819335938,18.40890884399414,13.233081817626953,12.176788330078125,8.712197303771973,6.776098251342773,10.412504196166992,17179869184,22548578304,12891029504,21996306432
