Delta,Time,CPU_FREQUENCY_0,CPU_FREQUENCY_1,CPU_FREQUENCY_2,CPU_FREQUENCY_3,CPU_FREQUENCY_4,CPU_FREQUENCY_5,CPU_FREQUENCY_6,CPU_FREQUENCY_7,CPU_TEMP_0,CPU_TEMP_1,CPU_TEMP_2,CPU_TEMP_3,CPU_TEMP_4,CPU_TEMP_5,CPU_TEMP_6,CPU_TEMP_7,CPU_TEMP_8,CPU_TEMP_9,CPU_USAGE_0,CPU_USAGE_1,CPU_USAGE_2,CPU_USAGE_3,CPU_USAGE_4,CPU_USAGE_5,CPU_USAGE_6,CPU_USAGE_7,SYSTEM_POWER (Watts),TOTAL_MEMORY,TOTAL_SWAP,USED_MEMORY,USED_SWAP
0,1772012473030,3228,3228,3228,3228,3228,3228,3228,3228,50.15398406982422,48.968807220458984,55.706390380859375,55.37199401855469,51.03974914550781,49.447723388671875,51.72658157348633,51.533058166503906,49.04508590698242,50.11341857910156,66.66667175292969,50,0,0,0,0,0,0,17.028104782104492,17179869184,23622320128,13012959232,23053008896
100005,1772012473030,3228,3228,3228,3228,3228,3228,3228,3228,50.15398406982422,48.968807220458984,55.706390380859375,55.37199401855469,51.03974914550781,49.447723388671875,51.72658157348633,51.533058166503906,49.04508590698242,50.11341857910156,0,0,100,100,0,0,0,0,17.028104782104492,17179869184,23622320128,13014024192,23053008896
10,1772012573038,3228,3228,3228,3228,3228,3228,3228,3228,45.23836135864258,45.7865104675293,44.61163330078125,45.82566833496094,46.03276062011719,45.178592681884766,47.222232818603516,46.127769470214844,45.295196533203125,46.394737243652344,33.79220199584961,32.3219108581543,17.83995246887207,12.446136474609375,8.513622283935547,7.0112175941467285,5.546655654907227,4.783348560333252,7.685268878936768,17179869184,23622320128,12896911360,23053008896
