Delta,Time,CPU_FREQUENCY_0,CPU_FREQUENCY_1,CPU_FREQUENCY_2,CPU_FREQUENCY_3,CPU_FREQUENCY_4,CPU_FREQUENCY_5,CPU_FREQUENCY_6,CPU_FREQUENCY_7,CPU_TEMP_0,CPU_TEMP_1,CPU_TEMP_2,CPU_TEMP_3,CPU_TEMP_4,CPU_TEMP_5,CPU_TEMP_6,CPU_TEMP_7,CPU_TEMP_8,CPU_TEMP_9,CPU_USAGE_0,CPU_USAGE_1,CPU_USAGE_2,CPU_USAGE_3,CPU_USAGE_4,CPU_USAGE_5,CPU_USAGE_6,CPU_USAGE_7,SYSTEM_POWER (Watts),TOTAL_MEMORY,TOTAL_SWAP,USED_MEMORY,USED_SWAP
0,1772017767081,3228,3228,3228,3228,3228,3228,3228,3228,47.65684127807617,47.48967742919922,47.38208770751953,47.95578384399414,47.83063507080078,47.17967224121094,49.6698112487793,48.72806167602539,47.49471664428711,48.20219421386719,0,0,50,100,50,100,100,0,17.990680694580078,17179869184,24696061952,13491470336,24142610432
100000,1772017767081,3228,3228,3228,3228,3228,3228,3228,3228,47.65684127807617,47.48967742919922,47.38208770751953,47.95578384399414,47.83063507080078,47.17967224121094,49.6698112487793,48.72806167602539,47.49471664428711,48.20219421386719,0,NaN,NaN,50,100,0,0,100,17.990680694580078,17179869184,24696061952,13492256768,24142610432
16,1772017867083,3228,3228,3228,3228,3228,3228,3228,3228,53.96992874145508,53.95986557006836,55.5518798828125,56.11595916748047,53.62291717529297,52.410491943359375,57.25325012207031,56.5683708190918,54.33866500854492,54.650238037109375,50.015140533447266,48.617279052734375,38.71843719482422,27.2097225189209,17.915538787841797,19.5168399810791,11.736431121826172,8.31665325164795,16.426000595092773,17179869184,24696061952,13689126912,24142610432
