Delta,Time,CPU_FREQUENCY_0,CPU_FREQUENCY_1,CPU_FREQUENCY_2,CPU_FREQUENCY_3,CPU_FREQUENCY_4,CPU_FREQUENCY_5,CPU_FREQUENCY_6,CPU_FREQUENCY_7,CPU_TEMP_0,CPU_TEMP_1,CPU_TEMP_2,CPU_TEMP_3,CPU_TEMP_4,CPU_TEMP_5,CPU_TEMP_6,CPU_TEMP_7,CPU_TEMP_8,CPU_TEMP_9,CPU_USAGE_0,CPU_USAGE_1,CPU_USAGE_2,CPU_USAGE_3,CPU_USAGE_4,CPU_USAGE_5,CPU_USAGE_6,CPU_USAGE_7,SYSTEM_POWER (Watts),TOTAL_MEMORY,TOTAL_SWAP,USED_MEMORY,USED_SWAP
0,1772008231632,3228,3228,3228,3228,3228,3228,3228,3228,49.75026321411133,50.02764892578125,55.120277404785156,53.57963562011719,50.38786315917969,48.93669509887695,53.33599090576172,53.25057601928711,49.0627555847168,50.905311584472656,100,100,100,100,0,0,0,0,21.001693725585938,17179869184,22548578304,13328728064,21975007232
100005,1772008231632,3228,3228,3228,3228,3228,3228,3228,3228,49.75026321411133,50.02764892578125,55.120277404785156,53.57963562011719,50.38786315917969,48.93669509887695,53.33599090576172,53.25057601928711,49.0627555847168,50.905311584472656,100,100,NaN,50,50,0,50,0,21.001693725585938,17179869184,22548578304,13328072704,21975007232
10,1772008331639,3228,3228,3228,3228,3228,3228,3228,3228,47.66572952270508,49.20246505737305,51.085792541503906,51.73720932006836,49.70104217529297,47.609718322753906,53.27458953857422,52.62023162841797,48.66020965576172,49.35536193847656,57.36979675292969,56.936065673828125,23.546541213989258,16.62989044189453,11.165680885314941,10.030059814453125,7.170037746429443,5.9159159660339355,10.377370834350586,17179869184,22548578304,13344604160,21949841408
