Delta,Time,CPU_FREQUENCY_0,CPU_FREQUENCY_1,CPU_FREQUENCY_2,CPU_FREQUENCY_3,CPU_FREQUENCY_4,CPU_FREQUENCY_5,CPU_FREQUENCY_6,CPU_FREQUENCY_7,CPU_TEMP_0,CPU_TEMP_1,CPU_TEMP_2,CPU_TEMP_3,CPU_TEMP_4,CPU_TEMP_5,CPU_TEMP_6,CPU_TEMP_7,CPU_TEMP_8,CPU_TEMP_9,CPU_USAGE_0,CPU_USAGE_1,CPU_USAGE_2,CPU_USAGE_3,CPU_USAGE_4,CPU_USAGE_5,CPU_USAGE_6,CPU_USAGE_7,SYSTEM_POWER (Watts),TOTAL_MEMORY,TOTAL_SWAP,USED_MEMORY,USED_SWAP
0,1772017189442,3228,3228,3228,3228,3228,3228,3228,3228,53.040706634521484,52.18838119506836,53.67230224609375,54.19371795654297,53.160301208496094,52.3278694152832,54.89069747924805,54.26436996459961,52.34074401855469,53.51985168457031,0,0,100,50,0,0,0,0,9.692967414855957,17179869184,24696061952,13305102336,24176230400
100003,1772017189442,3228,3228,3228,3228,3228,3228,3228,3228,53.040706634521484,52.18838119506836,53.67230224609375,54.19371795654297,53.160301208496094,52.3278694152832,54.89069747924805,54.26436996459961,52.34074401855469,53.51985168457031,NaN,66.66667175292969,0,100,0,0,0,0,9.692967414855957,17179869184,24696061952,13305741312,24176230400
10,1772017289446,3228,3228,3228,3228,3228,3228,3228,3228,48.54315185546875,48.74274444580078,48.216896057128906,48.807159423828125,48.644683837890625,48.5721435546875,50.677555084228516,49.151031494140625,48.66632843017578,49.349220275878906,38.31071090698242,37.20088577270508,21.101192474365234,14.902785301208496,9.972965240478516,8.109731674194336,5.643950939178467,4.621849060058594,7.782620906829834,17179869184,24696061952,12999491584,24226496512
