Delta,Time,CPU_FREQUENCY_0,CPU_FREQUENCY_1,CPU_FREQUENCY_2,CPU_FREQUENCY_3,CPU_FREQUENCY_4,CPU_FREQUENCY_5,CPU_FREQUENCY_6,CPU_FREQUENCY_7,CPU_TEMP_0,CPU_TEMP_1,CPU_TEMP_2,CPU_TEMP_3,CPU_TEMP_4,CPU_TEMP_5,CPU_TEMP_6,CPU_TEMP_7,CPU_TEMP_8,CPU_TEMP_9,CPU_USAGE_0,CPU_USAGE_1,CPU_USAGE_2,CPU_USAGE_3,CPU_USAGE_4,CPU_USAGE_5,CPU_USAGE_6,CPU_USAGE_7,SYSTEM_POWER (Watts),TOTAL_MEMORY,TOTAL_SWAP,USED_MEMORY,USED_SWAP
0,1772008352707,3228,3228,3228,3228,3228,3228,3228,3228,50.01015853881836,50.25364685058594,55.048545837402344,54.743751525878906,51.684051513671875,49.25448226928711,53.82197952270508,53.40781021118164,49.36249542236328,50.89762878417969,100,66.66667175292969,0,66.66667175292969,50,50,0,0,18.05083465576172,17179869184,22548578304,13335543808,21949841408
100005,1772008352708,3228,3228,3228,3228,3228,3228,3228,3228,50.01015853881836,50.25364685058594,55.048545837402344,54.743751525878906,51.684051513671875,49.25448226928711,53.82197952270508,53.40781021118164,49.36249542236328,50.89762878417969,100,100,100,NaN,100,NaN,0,0,18.05083465576172,17179869184,22548578304,13335838720,21949841408
14,1772008452716,3228,3228,3228,3228,3228,3228,3228,3228,46.861698150634766,47.68149948120117,47.166717529296875,47.508094787597656,48.03215026855469,46.866004943847656,49.82905960083008,48.208919525146484,47.1923828125,48.63093566894531,50.1661491394043,49.12404251098633,30.36307144165039,21.839542388916016,15.308988571166992,15.103800773620605,10.49994945526123,8.239887237548828,10.012435913085938,17179869184,22548578304,13634650112,21824012288
