Delta,Time,CPU_FREQUENCY_0,CPU_FREQUENCY_1,CPU_FREQUENCY_2,CPU_FREQUENCY_3,CPU_FREQUENCY_4,CPU_FREQUENCY_5,CPU_FREQUENCY_6,CPU_FREQUENCY_7,CPU_TEMP_0,CPU_TEMP_1,CPU_TEMP_2,CPU_TEMP_3,CPU_TEMP_4,CPU_TEMP_5,CPU_TEMP_6,CPU_TEMP_7,CPU_TEMP_8,CPU_TEMP_9,CPU_USAGE_0,CPU_USAGE_1,CPU_USAGE_2,CPU_USAGE_3,CPU_USAGE_4,CPU_USAGE_5,CPU_USAGE_6,CPU_USAGE_7,SYSTEM_POWER (Watts),TOTAL_MEMORY,TOTAL_SWAP,USED_MEMORY,USED_SWAP
0,1772017651554,3228,3228,3228,3228,3228,3228,3228,3228,45.17397689819336,45.205509185791016,44.46198272705078,45.24829864501953,44.976219177246094,45.18662643432617,46.97190475463867,45.668704986572266,44.568641662597656,45.883934020996094,100,100,50,0,0,0,0,0,6.481335639953613,17179869184,24696061952,12934397952,24176164864
100010,1772017651554,3228,3228,3228,3228,3228,3228,3228,3228,45.17397689819336,45.205509185791016,44.46198272705078,45.24829864501953,44.976219177246094,45.18662643432617,46.97190475463867,45.668704986572266,44.568641662597656,45.883934020996094,100,100,100,100,0,0,0,0,8.048494338989258,17179869184,24696061952,12934397952,24176164864
12,1772017751566,3228,3228,3228,3228,3228,3228,3228,3228,46.67362976074219,46.40803146362305,45.64189147949219,46.54131317138672,45.62705993652344,46.50306701660156,48.44573211669922,47.178627014160156,46.474517822265625,47.188751220703125,37.37922668457031,35.898983001708984,23.27214241027832,16.125476837158203,9.823753356933594,8.640368461608887,5.523313999176025,4.1812543869018555,9.185859680175781,17179869184,24696061952,13190184960,24159387648
