Delta,Time,CPU_FREQUENCY_0,CPU_FREQUENCY_1,CPU_FREQUENCY_2,CPU_FREQUENCY_3,CPU_FREQUENCY_4,CPU_FREQUENCY_5,CPU_FREQUENCY_6,CPU_FREQUENCY_7,CPU_TEMP_0,CPU_TEMP_1,CPU_TEMP_2,CPU_TEMP_3,CPU_TEMP_4,CPU_TEMP_5,CPU_TEMP_6,CPU_TEMP_7,CPU_TEMP_8,CPU_TEMP_9,CPU_USAGE_0,CPU_USAGE_1,CPU_USAGE_2,CPU_USAGE_3,CPU_USAGE_4,CPU_USAGE_5,CPU_USAGE_6,CPU_USAGE_7,SYSTEM_POWER (Watts),TOTAL_MEMORY,TOTAL_SWAP,USED_MEMORY,USED_SWAP
0,1772012352624,3228,3228,3228,3228,3228,3228,3228,3228,51.59109115600586,50.6866340637207,56.40522003173828,56.315120697021484,52.200172424316406,50.31901550292969,53.42719650268555,53.431907653808594,50.33523178100586,51.57752990722656,0,0,0,0,0,0,0,0,18.287986755371094,17179869184,23622320128,13286326272,23069786112
100005,1772012352624,3228,3228,3228,3228,3228,3228,3228,3228,51.59109115600586,50.6866340637207,56.40522003173828,56.315120697021484,52.200172424316406,50.31901550292969,53.42719650268555,53.431907653808594,50.33523178100586,51.57752990722656,100,0,100,NaN,0,0,0,0,18.287986755371094,17179869184,23622320128,13286768640,23069786112
10,1772012452630,3228,3228,3228,3228,3228,3228,3228,3228,45.6416130065918,46.482017517089844,45.414581298828125,45.82581329345703,46.79808807373047,46.19304656982422,48.03335952758789,46.79452133178711,46.15165710449219,47.210662841796875,33.638099670410156,32.924869537353516,16.810344696044922,11.299208641052246,7.620669364929199,6.408330917358398,5.345345497131348,4.553187370300293,7.30918550491333,17179869184,23622320128,12951830528,23061397504
