Delta,Time,CPU_FREQUENCY_0,CPU_FREQUENCY_1,CPU_FREQUENCY_2,CPU_FREQUENCY_3,CPU_FREQUENCY_4,CPU_FREQUENCY_5,CPU_FREQUENCY_6,CPU_FREQUENCY_7,CPU_TEMP_0,CPU_TEMP_1,CPU_TEMP_2,CPU_TEMP_3,CPU_TEMP_4,CPU_TEMP_5,CPU_TEMP_6,CPU_TEMP_7,CPU_TEMP_8,CPU_TEMP_9,CPU_USAGE_0,CPU_USAGE_1,CPU_USAGE_2,CPU_USAGE_3,CPU_USAGE_4,CPU_USAGE_5,CPU_USAGE_6,CPU_USAGE_7,SYSTEM_POWER (Watts),TOTAL_MEMORY,TOTAL_SWAP,USED_MEMORY,USED_SWAP
0,1772008716756,3228,3228,3228,3228,3228,3228,3228,3228,51.88096618652344,52.039764404296875,56.63233947753906,55.72914123535156,52.68267059326172,50.877071380615234,55.963260650634766,55.330970764160156,51.3449592590332,51.976531982421875,NaN,50,50,0,0,0,0,0,21.026962280273438,17179869184,22548578304,13089603584,22025994240
100004,1772008716756,3228,3228,3228,3228,3228,3228,3228,3228,51.88096618652344,52.039764404296875,56.63233947753906,55.72914123535156,52.68267059326172,50.877071380615234,55.963260650634766,55.330970764160156,51.3449592590332,51.976531982421875,50,NaN,100,100,50,50,NaN,0,21.026962280273438,17179869184,22548578304,13090471936,22025994240
24,1772008816762,3228,3228,3228,3228,3228,3228,3228,3228,48.548095703125,49.44078826904297,49.090858459472656,49.72701644897461,49.388710021972656,48.70929718017578,51.23772430419922,50.304378509521484,48.878902435302734,50.19459533691406,55.74232482910156,55.14742660522461,31.66314697265625,23.68421173095703,16.185028076171875,14.504964828491211,10.450901985168457,8.080504417419434,11.602693557739258,17179869184,22548578304,13423378432,22017605632
