Delta,Time,CPU_FREQUENCY_0,CPU_FREQUENCY_1,CPU_FREQUENCY_2,CPU_FREQUENCY_3,CPU_FREQUENCY_4,CPU_FREQUENCY_5,CPU_FREQUENCY_6,CPU_FREQUENCY_7,CPU_TEMP_0,CPU_TEMP_1,CPU_TEMP_2,CPU_TEMP_3,CPU_TEMP_4,CPU_TEMP_5,CPU_TEMP_6,CPU_TEMP_7,CPU_TEMP_8,CPU_TEMP_9,CPU_USAGE_0,CPU_USAGE_1,CPU_USAGE_2,CPU_USAGE_3,CPU_USAGE_4,CPU_USAGE_5,CPU_USAGE_6,CPU_USAGE_7,SYSTEM_POWER (Watts),TOTAL_MEMORY,TOTAL_SWAP,USED_MEMORY,USED_SWAP
0,1772015687592,3228,3228,3228,3228,3228,3228,3228,3228,61.234134674072266,61.992313385009766,61.91210174560547,62.974124908447266,61.53099822998047,59.97610855102539,64.3457260131836,63.36083984375,60.92508316040039,61.214637756347656,NaN,66.66667175292969,0,0,0,0,0,0,25.104280471801758,17179869184,24696061952,13467140096,24293801984
100003,1772015687592,3228,3228,3228,3228,3228,3228,3228,3228,61.234134674072266,61.992313385009766,61.91210174560547,62.974124908447266,61.53099822998047,59.97610855102539,64.3457260131836,63.36083984375,60.92508316040039,61.214637756347656,66.66667175292969,NaN,100,NaN,50,0,NaN,0,25.104280471801758,17179869184,24696061952,13467353088,24293801984
9,1772015787596,3228,3228,3228,3228,3228,3228,3228,3228,62.61146545410156,63.67610549926758,64.13552856445313,65.23088836669922,62.50006103515625,61.27959442138672,67.98428344726563,66.83088684082031,62.665794372558594,62.69677734375,42.05739974975586,40,37.80659484863281,25.401607513427734,17.599279403686523,24.10580062866211,12.946830749511719,9.395637512207031,27.582237243652344,17179869184,24696061952,13365854208,24293801984
