Delta,Time,CPU_FREQUENCY_0,CPU_FREQUENCY_1,CPU_FREQUENCY_2,CPU_FREQUENCY_3,CPU_FREQUENCY_4,CPU_FREQUENCY_5,CPU_FREQUENCY_6,CPU_FREQUENCY_7,CPU_TEMP_0,CPU_TEMP_1,CPU_TEMP_2,CPU_TEMP_3,CPU_TEMP_4,CPU_TEMP_5,CPU_TEMP_6,CPU_TEMP_7,CPU_TEMP_8,CPU_TEMP_9,CPU_USAGE_0,CPU_USAGE_1,CPU_USAGE_2,CPU_USAGE_3,CPU_USAGE_4,CPU_USAGE_5,CPU_USAGE_6,CPU_USAGE_7,SYSTEM_POWER (Watts),TOTAL_MEMORY,TOTAL_SWAP,USED_MEMORY,USED_SWAP
0,1771988485686,3228,3228,3228,3228,3228,3228,3228,3228,56.011314392089844,56.1178092956543,61.38825225830078,60.79996871948242,56.84053039550781,55.10667419433594,59.37503433227539,58.04923629760742,54.99764633178711,56.42509460449219,100,100,0,100,0,0,0,0,18.237760543823242,17179869184,22548578304,12581191680,21777154048
100010,1771988485686,3228,3228,3228,3228,3228,3228,3228,3228,56.011314392089844,56.1178092956543,61.38825225830078,60.79996871948242,56.84053039550781,55.10667419433594,59.37503433227539,58.04923629760742,54.99764633178711,56.42509460449219,100,100,NaN,0,0,50,33.333335876464844,0,18.237760543823242,17179869184,22548578304,12583321600,21777154048
12,1771988585699,3228,3228,3228,3228,3228,3228,3228,3228,50.7260627746582,52.33666229248047,51.039268493652344,52.04385757446289,52.154823303222656,51.11492919921875,54.54902267456055,52.24720764160156,52.106746673583984,53.33433532714844,54.50432205200195,53.12248611450195,34.40903854370117,26.009872436523438,15.649813652038574,19.730897903442383,7.3060736656188965,4.642785549163818,7.230888843536377,17179869184,22548578304,12657557504,21777154048
