Delta,Time,CPU_FREQUENCY_0,CPU_FREQUENCY_1,CPU_FREQUENCY_2,CPU_FREQUENCY_3,CPU_FREQUENCY_4,CPU_FREQUENCY_5,CPU_FREQUENCY_6,CPU_FREQUENCY_7,CPU_TEMP_0,CPU_TEMP_1,CPU_TEMP_2,CPU_TEMP_3,CPU_TEMP_4,CPU_TEMP_5,CPU_TEMP_6,CPU_TEMP_7,CPU_TEMP_8,CPU_TEMP_9,CPU_USAGE_0,CPU_USAGE_1,CPU_USAGE_2,CPU_USAGE_3,CPU_USAGE_4,CPU_USAGE_5,CPU_USAGE_6,CPU_USAGE_7,SYSTEM_POWER (Watts),TOTAL_MEMORY,TOTAL_SWAP,USED_MEMORY,USED_SWAP
0,1771987279177,3228,3228,3228,3228,3228,3228,3228,3228,57.973236083984375,58.24247741699219,63.509178161621094,63.21636199951172,58.38505554199219,56.98771286010742,60.555213928222656,60.4522819519043,56.988529205322266,58.13505554199219,NaN,100,0,0,0,50,0,0,21.680686950683594,17179869184,22548578304,12819021824,21785542656
100010,1771987279177,3228,3228,3228,3228,3228,3228,3228,3228,57.973236083984375,58.24247741699219,63.509178161621094,63.21636199951172,58.38505554199219,56.98771286010742,60.555213928222656,60.4522819519043,56.988529205322266,58.13505554199219,100,100,NaN,0,NaN,NaN,0,NaN,21.680686950683594,17179869184,22548578304,12819021824,21785542656
14,1771987379190,3228,3228,3228,3228,3228,3228,3228,3228,53.174537658691406,55.01382827758789,54.10765075683594,54.601314544677734,54.753639221191406,53.40555191040039,56.234588623046875,54.831485748291016,54.80082321166992,55.75914001464844,93.13489532470703,93.22441864013672,33.582088470458984,25.581628799438477,16.239574432373047,19.399538040161133,7.987573146820068,5.353211879730225,7.703554153442383,17179869184,22548578304,12335382528,21785542656
