Delta,Time,CPU_FREQUENCY_0,CPU_FREQUENCY_1,CPU_FREQUENCY_2,CPU_FREQUENCY_3,CPU_FREQUENCY_4,CPU_FREQUENCY_5,CPU_FREQUENCY_6,CPU_FREQUENCY_7,CPU_TEMP_0,CPU_TEMP_1,CPU_TEMP_2,CPU_TEMP_3,CPU_TEMP_4,CPU_TEMP_5,CPU_TEMP_6,CPU_TEMP_7,CPU_TEMP_8,CPU_TEMP_9,CPU_USAGE_0,CPU_USAGE_1,CPU_USAGE_2,CPU_USAGE_3,CPU_USAGE_4,CPU_USAGE_5,CPU_USAGE_6,CPU_USAGE_7,SYSTEM_POWER (Watts),TOTAL_MEMORY,TOTAL_SWAP,USED_MEMORY,USED_SWAP
0,1771986192981,3228,3228,3228,3228,3228,3228,3228,3228,57.735206604003906,57.973697662353516,62.15034484863281,62.38429641723633,58.89287567138672,56.93871307373047,60.76048278808594,59.82872009277344,57.1849365234375,57.93578338623047,100,100,50,50,0,0,0,0,21.70404052734375,17179869184,22548578304,12748980224,21785542656
100009,1771986192981,3228,3228,3228,3228,3228,3228,3228,3228,57.735206604003906,57.973697662353516,62.15034484863281,62.38429641723633,58.89287567138672,56.93871307373047,60.76048278808594,59.82872009277344,57.1849365234375,57.93578338623047,100,100,100,50,0,0,0,0,21.70404052734375,17179869184,22548578304,12748980224,21785542656
11,1771986292991,3228,3228,3228,3228,3228,3228,3228,3228,53.49630355834961,55.545509338378906,55.67431640625,55.10007858276367,54.46221923828125,53.62515640258789,56.789920806884766,55.089595794677734,54.67923355102539,55.28912353515625,90.47714233398438,90.20649719238281,34.22087860107422,26.203908920288086,16.443862915039063,19.451696395874023,7.747043609619141,5.154123306274414,11.818303108215332,17179869184,22548578304,12727156736,21785542656
