Delta,Time,CPU_FREQUENCY_0,CPU_FREQUENCY_1,CPU_FREQUENCY_2,CPU_FREQUENCY_3,CPU_FREQUENCY_4,CPU_FREQUENCY_5,CPU_FREQUENCY_6,CPU_FREQUENCY_7,CPU_TEMP_0,CPU_TEMP_1,CPU_TEMP_2,CPU_TEMP_3,CPU_TEMP_4,CPU_TEMP_5,CPU_TEMP_6,CPU_TEMP_7,CPU_TEMP_8,CPU_TEMP_9,CPU_USAGE_0,CPU_USAGE_1,CPU_USAGE_2,CPU_USAGE_3,CPU_USAGE_4,CPU_USAGE_5,CPU_USAGE_6,CPU_USAGE_7,SYSTEM_POWER (Watts),TOTAL_MEMORY,TOTAL_SWAP,USED_MEMORY,USED_SWAP
0,1771986314149,3228,3228,3228,3228,3228,3228,3228,3228,58.43010711669922,58.689552307128906,63.37462615966797,63.092430114746094,59.15129852294922,57.57047653198242,61.441490173339844,60.811927795410156,57.51530075073242,58.255958557128906,66.66667175292969,100,0,0,0,0,0,0,20.59574317932129,17179869184,22548578304,12786532352,21785542656
100010,1771986314149,3228,3228,3228,3228,3228,3228,3228,3228,58.43010711669922,58.689552307128906,63.37462615966797,63.092430114746094,59.15129852294922,57.57047653198242,61.441490173339844,60.811927795410156,57.51530075073242,58.255958557128906,NaN,100,100,100,0,0,0,0,20.59574317932129,17179869184,22548578304,12791775232,21785542656
11,1771986414160,3228,3228,3228,3228,3228,3228,3228,3228,53.200172424316406,54.1862678527832,53.475624084472656,53.63397216796875,53.94667053222656,53.07652282714844,56.649295806884766,54.331233978271484,54.17404556274414,55.20115661621094,94.477294921875,94.43720245361328,33.753658294677734,26.10797882080078,16.57452964782715,18.75690460205078,6.957393169403076,4.293004989624023,10.930706024169922,17179869184,22548578304,12940460032,21785542656
