Delta,Time,CPU_FREQUENCY_0,CPU_FREQUENCY_1,CPU_FREQUENCY_2,CPU_FREQUENCY_3,CPU_FREQUENCY_4,CPU_FREQUENCY_5,CPU_FREQUENCY_6,CPU_FREQUENCY_7,CPU_TEMP_0,CPU_TEMP_1,CPU_TEMP_2,CPU_TEMP_3,CPU_TEMP_4,CPU_TEMP_5,CPU_TEMP_6,CPU_TEMP_7,CPU_TEMP_8,CPU_TEMP_9,CPU_USAGE_0,CPU_USAGE_1,CPU_USAGE_2,CPU_USAGE_3,CPU_USAGE_4,CPU_USAGE_5,CPU_USAGE_6,CPU_USAGE_7,SYSTEM_POWER (Watts),TOTAL_MEMORY,TOTAL_SWAP,USED_MEMORY,USED_SWAP
0,1771985709604,3228,3228,3228,3228,3228,3228,3228,3228,57.46854019165039,57.96160888671875,62.934356689453125,62.04613494873047,58.45587158203125,56.58899688720703,60.701045989990234,59.61365509033203,56.89431381225586,57.633323669433594,100,100,0,0,0,0,0,0,19.436525344848633,17179869184,22548578304,12745818112,21785542656
100008,1771985709604,3228,3228,3228,3228,3228,3228,3228,3228,57.46854019165039,57.96160888671875,62.934356689453125,62.04613494873047,58.45587158203125,56.58899688720703,60.701045989990234,59.61365509033203,56.89431381225586,57.633323669433594,100,100,100,100,0,50,50,0,19.436525344848633,17179869184,22548578304,12746424320,21785542656
11,1771985809615,3228,3228,3228,3228,3228,3228,3228,3228,52.508907318115234,54.54169845581055,52.220726013183594,53.42425537109375,53.792762756347656,53.26970672607422,55.63178634643555,53.667869567871094,53.579429626464844,54.294654846191406,94.71837615966797,94.8281021118164,33.32660675048828,26.289283752441406,16.532663345336914,18.98162078857422,7.447874546051025,4.493595123291016,8.44064712524414,17179869184,22548578304,12137218048,21785542656
