Delta,Time,CPU_FREQUENCY_0,CPU_FREQUENCY_1,CPU_FREQUENCY_2,CPU_FREQUENCY_3,CPU_FREQUENCY_4,CPU_FREQUENCY_5,CPU_FREQUENCY_6,CPU_FREQUENCY_7,CPU_TEMP_0,CPU_TEMP_1,CPU_TEMP_2,CPU_TEMP_3,CPU_TEMP_4,CPU_TEMP_5,CPU_TEMP_6,CPU_TEMP_7,CPU_TEMP_8,CPU_TEMP_9,CPU_USAGE_0,CPU_USAGE_1,CPU_USAGE_2,CPU_USAGE_3,CPU_USAGE_4,CPU_USAGE_5,CPU_USAGE_6,CPU_USAGE_7,SYSTEM_POWER (Watts),TOTAL_MEMORY,TOTAL_SWAP,USED_MEMORY,USED_SWAP
0,1771987762087,3228,3228,3228,3228,3228,3228,3228,3228,57.988304138183594,58.44156265258789,63.27696990966797,63.3364372253418,59.276397705078125,56.74375915527344,61.4178352355957,60.83767318725586,57.96021270751953,58.3935546875,100,100,0,0,0,0,0,0,20.794776916503906,17179869184,22548578304,12770656256,21777154048
100002,1771987762087,3228,3228,3228,3228,3228,3228,3228,3228,57.988304138183594,58.44156265258789,63.27696990966797,63.3364372253418,59.276397705078125,56.74375915527344,61.4178352355957,60.83767318725586,57.96021270751953,58.3935546875,100,100,100,50,0,50,0,0,20.794776916503906,17179869184,22548578304,12770656256,21777154048
9,1771987862091,3228,3228,3228,3228,3228,3228,3228,3228,52.69944381713867,54.71721267700195,53.09930419921875,54.06972122192383,54.169090270996094,53.3173828125,56.51239013671875,54.517662048339844,54.43156051635742,54.78338623046875,94.67829132080078,94.69833374023438,32.88265609741211,24.926952362060547,15.45728588104248,19.072010040283203,7.166483402252197,4.582749843597412,10.040022850036621,17179869184,22548578304,13014319104,21777154048
