Delta,Time,CPU_FREQUENCY_0,CPU_FREQUENCY_1,CPU_FREQUENCY_2,CPU_FREQUENCY_3,CPU_FREQUENCY_4,CPU_FREQUENCY_5,CPU_FREQUENCY_6,CPU_FREQUENCY_7,CPU_TEMP_0,CPU_TEMP_1,CPU_TEMP_2,CPU_TEMP_3,CPU_TEMP_4,CPU_TEMP_5,CPU_TEMP_6,CPU_TEMP_7,CPU_TEMP_8,CPU_TEMP_9,CPU_USAGE_0,CPU_USAGE_1,CPU_USAGE_2,CPU_USAGE_3,CPU_USAGE_4,CPU_USAGE_5,CPU_USAGE_6,CPU_USAGE_7,SYSTEM_POWER (Watts),TOTAL_MEMORY,TOTAL_SWAP,USED_MEMORY,USED_SWAP
0,1771987158697,3228,3228,3228,3228,3228,3228,3228,3228,57.80513381958008,58.69301986694336,63.697120666503906,62.24525451660156,57.32415771484375,56.556610107421875,61.19807815551758,60.70943832397461,57.16267013549805,58.13684844970703,100,NaN,0,0,100,NaN,0,0,19.825735092163086,17179869184,22548578304,12765102080,21785542656
100001,1771987158697,3228,3228,3228,3228,3228,3228,3228,3228,57.80513381958008,58.69301986694336,63.697120666503906,62.24525451660156,57.32415771484375,56.556610107421875,61.19807815551758,60.70943832397461,57.16267013549805,58.13684844970703,100,100,0,50,0,100,0,0,19.825735092163086,17179869184,22548578304,12770541568,21785542656
13,1771987258700,3228,3228,3228,3228,3228,3228,3228,3228,53.09278869628906,55.012142181396484,53.526268005371094,53.89200210571289,53.55863952636719,53.31001663208008,56.11895751953125,55.0409049987793,54.13833999633789,55.111427307128906,91.92141723632813,91.94146728515625,31.894290924072266,24.063255310058594,14.994974136352539,18.1160888671875,6.936647891998291,4.602761745452881,8.448514938354492,17179869184,22548578304,12822659072,21785542656
