Delta,Time,CPU_FREQUENCY_0,CPU_FREQUENCY_1,CPU_FREQUENCY_2,CPU_FREQUENCY_3,CPU_FREQUENCY_4,CPU_FREQUENCY_5,CPU_FREQUENCY_6,CPU_FREQUENCY_7,CPU_TEMP_0,CPU_TEMP_1,CPU_TEMP_2,CPU_TEMP_3,CPU_TEMP_4,CPU_TEMP_5,CPU_TEMP_6,CPU_TEMP_7,CPU_TEMP_8,CPU_TEMP_9,CPU_USAGE_0,CPU_USAGE_1,CPU_USAGE_2,CPU_USAGE_3,CPU_USAGE_4,CPU_USAGE_5,CPU_USAGE_6,CPU_USAGE_7,SYSTEM_POWER (Watts),TOTAL_MEMORY,TOTAL_SWAP,USED_MEMORY,USED_SWAP
0,1771988847515,3228,3228,3228,3228,3228,3228,3228,3228,56.12136459350586,56.73738098144531,62.23646545410156,61.213748931884766,57.06199645996094,54.75433349609375,59.10347366333008,58.33949279785156,55.34834289550781,56.25947570800781,0,50,50,0,33.333335876464844,0,0,0,19.220951080322266,17179869184,22548578304,12032933888,21768765440
100003,1771988847515,3228,3228,3228,3228,3228,3228,3228,3228,56.12136459350586,56.73738098144531,62.23646545410156,61.213748931884766,57.06199645996094,54.75433349609375,59.10347366333008,58.33949279785156,55.34834289550781,56.25947570800781,NaN,NaN,NaN,0,NaN,0,0,0,19.220951080322266,17179869184,22548578304,12033130496,21768765440
10,1771988947519,3228,3228,3228,3228,3228,3228,3228,3228,50.71878433227539,52.41322708129883,51.42601776123047,51.86876678466797,52.08528137207031,51.881954193115234,54.042076110839844,52.4043083190918,51.8319206237793,52.64276123046875,50.030189514160156,48.68434524536133,33.77370071411133,25.762916564941406,15.717013359069824,19.451696395874023,7.326851844787598,4.713771343231201,7.13351583480835,17179869184,22548578304,12333875200,21768765440
