Delta,Time,CPU_FREQUENCY_0,CPU_FREQUENCY_1,CPU_FREQUENCY_2,CPU_FREQUENCY_3,CPU_FREQUENCY_4,CPU_FREQUENCY_5,CPU_FREQUENCY_6,CPU_FREQUENCY_7,CPU_TEMP_0,CPU_TEMP_1,CPU_TEMP_2,CPU_TEMP_3,CPU_TEMP_4,CPU_TEMP_5,CPU_TEMP_6,CPU_TEMP_7,CPU_TEMP_8,CPU_TEMP_9,CPU_USAGE_0,CPU_USAGE_1,CPU_USAGE_2,CPU_USAGE_3,CPU_USAGE_4,CPU_USAGE_5,CPU_USAGE_6,CPU_USAGE_7,SYSTEM_POWER (Watts),TOTAL_MEMORY,TOTAL_SWAP,USED_MEMORY,USED_SWAP
0,1771987399768,3228,3228,3228,3228,3228,3228,3228,3228,57.513362884521484,58.28956604003906,63.35578155517578,62.446800231933594,58.17730712890625,56.47905349731445,61.29618835449219,60.51874923706055,57.822330474853516,58.36285400390625,100,100,0,100,0,100,0,0,19.78951072692871,17179869184,22548578304,12194971648,21785542656
100008,1771987399768,3228,3228,3228,3228,3228,3228,3228,3228,57.513362884521484,58.28956604003906,63.35578155517578,62.446800231933594,58.17730712890625,56.47905349731445,61.29618835449219,60.51874923706055,57.822330474853516,58.36285400390625,100,100,100,100,0,NaN,0,0,19.78951072692871,17179869184,22548578304,12199772160,21785542656
10,1771987499777,3228,3228,3228,3228,3228,3228,3228,3228,52.77000427246094,54.457008361816406,53.30149841308594,54.483707427978516,53.59577941894531,53.21730041503906,55.85850524902344,54.34950637817383,53.89708709716797,55.043914794921875,92.85212707519531,92.8822021484375,33.28290557861328,26.140827178955078,16.164052963256836,18.919462203979492,7.427826404571533,4.663264274597168,8.404555320739746,17179869184,22548578304,12403982336,21785542656
