Delta,Time,CPU_FREQUENCY_0,CPU_FREQUENCY_1,CPU_FREQUENCY_2,CPU_FREQUENCY_3,CPU_FREQUENCY_4,CPU_FREQUENCY_5,CPU_FREQUENCY_6,CPU_FREQUENCY_7,CPU_TEMP_0,CPU_TEMP_1,CPU_TEMP_2,CPU_TEMP_3,CPU_TEMP_4,CPU_TEMP_5,CPU_TEMP_6,CPU_TEMP_7,CPU_TEMP_8,CPU_TEMP_9,CPU_USAGE_0,CPU_USAGE_1,CPU_USAGE_2,CPU_USAGE_3,CPU_USAGE_4,CPU_USAGE_5,CPU_USAGE_6,CPU_USAGE_7,SYSTEM_POWER (Watts),TOTAL_MEMORY,TOTAL_SWAP,USED_MEMORY,USED_SWAP
0,1771988003169,3228,3228,3228,3228,3228,3228,3228,3228,58.6217155456543,58.59293746948242,63.169715881347656,63.24494552612305,59.858062744140625,57.393821716308594,61.20051193237305,60.281002044677734,57.43681716918945,58.061439514160156,100,100,0,50,50,0,NaN,0,21.456377029418945,17179869184,22548578304,12697010176,21777154048
100006,1771988003169,3228,3228,3228,3228,3228,3228,3228,3228,58.6217155456543,58.59293746948242,63.169715881347656,63.24494552612305,59.858062744140625,57.393821716308594,61.20051193237305,60.281002044677734,57.43681716918945,58.061439514160156,100,100,NaN,NaN,0,NaN,0,50,21.456377029418945,17179869184,22548578304,12697010176,21777154048
14,1771988103177,3228,3228,3228,3228,3228,3228,3228,3228,53.501258850097656,55.02044677734375,53.549713134765625,54.6046257019043,54.51387023925781,54.01084518432617,56.83174133300781,55.19539260864258,54.48313522338867,55.56053161621094,92.0208511352539,91.78947448730469,33.97196960449219,26.538423538208008,16.827503204345703,19.592288970947266,7.737796783447266,4.9234466552734375,8.16045093536377,17179869184,22548578304,12547211264,21777154048
