Delta,Time,CPU_FREQUENCY_0,CPU_FREQUENCY_1,CPU_FREQUENCY_2,CPU_FREQUENCY_3,CPU_FREQUENCY_4,CPU_FREQUENCY_5,CPU_FREQUENCY_6,CPU_FREQUENCY_7,CPU_TEMP_0,CPU_TEMP_1,CPU_TEMP_2,CPU_TEMP_3,CPU_TEMP_4,CPU_TEMP_5,CPU_TEMP_6,CPU_TEMP_7,CPU_TEMP_8,CPU_TEMP_9,CPU_USAGE_0,CPU_USAGE_1,CPU_USAGE_2,CPU_USAGE_3,CPU_USAGE_4,CPU_USAGE_5,CPU_USAGE_6,CPU_USAGE_7,SYSTEM_POWER (Watts),TOTAL_MEMORY,TOTAL_SWAP,USED_MEMORY,USED_SWAP
0,1771987882543,3228,3228,3228,3228,3228,3228,3228,3228,57.41451644897461,58.46950149536133,63.214080810546875,62.72787857055664,59.088294982910156,56.65359878540039,61.50351333618164,60.6250114440918,57.85981750488281,58.267120361328125,NaN,100,0,0,0,0,0,0,20.957002639770508,17179869184,22548578304,12734496768,21777154048
100004,1771987882543,3228,3228,3228,3228,3228,3228,3228,3228,57.41451644897461,58.46950149536133,63.214080810546875,62.72787857055664,59.088294982910156,56.65359878540039,61.50351333618164,60.6250114440918,57.85981750488281,58.267120361328125,100,100,NaN,NaN,0,0,0,0,20.957002639770508,17179869184,22548578304,12734496768,21777154048
16,1771987982550,3228,3228,3228,3228,3228,3228,3228,3228,53.11990737915039,54.68912887573242,53.024314880371094,53.92909240722656,53.95428466796875,53.28346252441406,56.57493591308594,54.58473587036133,54.70408630371094,55.12165069580078,94.33697509765625,94.3069076538086,33.64259719848633,26.30942726135254,16.204261779785156,19.501907348632813,7.256690502166748,4.673738956451416,8.103164672851563,17179869184,22548578304,12928352256,21777154048
