Delta,Time,CPU_FREQUENCY_0,CPU_FREQUENCY_1,CPU_FREQUENCY_2,CPU_FREQUENCY_3,CPU_FREQUENCY_4,CPU_FREQUENCY_5,CPU_FREQUENCY_6,CPU_FREQUENCY_7,CPU_TEMP_0,CPU_TEMP_1,CPU_TEMP_2,CPU_TEMP_3,CPU_TEMP_4,CPU_TEMP_5,CPU_TEMP_6,CPU_TEMP_7,CPU_TEMP_8,CPU_TEMP_9,CPU_USAGE_0,CPU_USAGE_1,CPU_USAGE_2,CPU_USAGE_3,CPU_USAGE_4,CPU_USAGE_5,CPU_USAGE_6,CPU_USAGE_7,SYSTEM_POWER (Watts),TOTAL_MEMORY,TOTAL_SWAP,USED_MEMORY,USED_SWAP
0,1771988726781,3228,3228,3228,3228,3228,3228,3228,3228,55.68701171875,56.73175811767578,61.29551696777344,60.769657135009766,57.00248718261719,54.76359558105469,59.65506362915039,58.95443344116211,55.820735931396484,56.33253479003906,0,0,50,0,0,100,0,0,19.177732467651367,17179869184,22548578304,12651626496,21777154048
100010,1771988726781,3228,3228,3228,3228,3228,3228,3228,3228,55.68701171875,56.73175811767578,61.29551696777344,60.769657135009766,57.00248718261719,54.76359558105469,59.65506362915039,58.95443344116211,55.820735931396484,56.33253479003906,50,NaN,100,50,50,100,0,0,19.177732467651367,17179869184,22548578304,12657278976,21777154048
13,1771988826793,3228,3228,3228,3228,3228,3228,3228,3228,51.53678894042969,52.887001037597656,52.209571838378906,53.19776153564453,52.26500701904297,51.596370697021484,54.54029083251953,53.06407165527344,52.5352668762207,53.091148376464844,51.09165954589844,49.72297668457031,33.15858459472656,25.375089645385742,16.129032135009766,19.941761016845703,7.936666965484619,5.053537368774414,8.38343334197998,17179869184,22548578304,12023808000,21768765440
