Delta,Time,CPU_FREQUENCY_0,CPU_FREQUENCY_1,CPU_FREQUENCY_2,CPU_FREQUENCY_3,CPU_FREQUENCY_4,CPU_FREQUENCY_5,CPU_FREQUENCY_6,CPU_FREQUENCY_7,CPU_TEMP_0,CPU_TEMP_1,CPU_TEMP_2,CPU_TEMP_3,CPU_TEMP_4,CPU_TEMP_5,CPU_TEMP_6,CPU_TEMP_7,CPU_TEMP_8,CPU_TEMP_9,CPU_USAGE_0,CPU_USAGE_1,CPU_USAGE_2,CPU_USAGE_3,CPU_USAGE_4,CPU_USAGE_5,CPU_USAGE_6,CPU_USAGE_7,SYSTEM_POWER (Watts),TOTAL_MEMORY,TOTAL_SWAP,USED_MEMORY,USED_SWAP
0,1771986917460,3228,3228,3228,3228,3228,3228,3228,3228,57.31737518310547,58.027313232421875,63.819671630859375,63.07293701171875,58.49876403808594,56.549625396728516,61.15393829345703,60.501953125,57.47526550292969,58.127845764160156,100,NaN,0,50,50,0,0,0,20.47297477722168,17179869184,22548578304,12811403264,21785542656
100000,1771986917460,3228,3228,3228,3228,3228,3228,3228,3228,57.31737518310547,58.027313232421875,63.819671630859375,63.07293701171875,58.49876403808594,56.549625396728516,61.15393829345703,60.501953125,57.47526550292969,58.127845764160156,NaN,100,NaN,50,0,0,0,0,20.47297477722168,17179869184,22548578304,12813271040,21785542656
12,1771987017462,3228,3228,3228,3228,3228,3228,3228,3228,53.020320892333984,54.48323440551758,53.167144775390625,53.69539260864258,53.749420166015625,53.1857795715332,56.109771728515625,54.09318161010742,54.22429656982422,54.53826141357422,93.83644104003906,93.95610046386719,32.361839294433594,24.984888076782227,15.840787887573242,18.4173526763916,7.036182880401611,4.543180465698242,8.534235954284668,17179869184,22548578304,13017579520,21785542656
