Delta,Time,CPU_FREQUENCY_0,CPU_FREQUENCY_1,CPU_FREQUENCY_2,CPU_FREQUENCY_3,CPU_FREQUENCY_4,CPU_FREQUENCY_5,CPU_FREQUENCY_6,CPU_FREQUENCY_7,CPU_TEMP_0,CPU_TEMP_1,CPU_TEMP_2,CPU_TEMP_3,CPU_TEMP_4,CPU_TEMP_5,CPU_TEMP_6,CPU_TEMP_7,CPU_TEMP_8,CPU_TEMP_9,CPU_USAGE_0,CPU_USAGE_1,CPU_USAGE_2,CPU_USAGE_3,CPU_USAGE_4,CPU_USAGE_5,CPU_USAGE_6,CPU_USAGE_7,SYSTEM_POWER (Watts),TOTAL_MEMORY,TOTAL_SWAP,USED_MEMORY,USED_SWAP
0,1771986072423,3228,3228,3228,3228,3228,3228,3228,3228,57.446983337402344,58.100704193115234,63.141075134277344,62.870906829833984,59.084877014160156,56.845611572265625,60.79393768310547,60.336856842041016,56.82982635498047,57.814788818359375,NaN,100,NaN,0,0,0,0,0,21.136058807373047,17179869184,22548578304,12290850816,21785542656
100006,1771986072424,3228,3228,3228,3228,3228,3228,3228,3228,57.446983337402344,58.100704193115234,63.141075134277344,62.870906829833984,59.084877014160156,56.845611572265625,60.79393768310547,60.336856842041016,56.82982635498047,57.814788818359375,100,100,50,0,0,100,0,0,21.136058807373047,17179869184,22548578304,12292980736,21785542656
11,1771986172431,3228,3228,3228,3228,3228,3228,3228,3228,53.385955810546875,55.05398941040039,55.0797119140625,55.447410583496094,54.467445373535156,52.937225341796875,56.53684997558594,54.735965728759766,54.30801773071289,55.223121643066406,94.65771484375,94.7384262084961,32.869388580322266,25.47340965270996,15.919597625732422,18.42739486694336,6.966719627380371,4.5736589431762695,8.675607681274414,17179869184,22548578304,13047988224,21785542656
