Delta,Time,CPU_FREQUENCY_0,CPU_FREQUENCY_1,CPU_FREQUENCY_2,CPU_FREQUENCY_3,CPU_FREQUENCY_4,CPU_FREQUENCY_5,CPU_FREQUENCY_6,CPU_FREQUENCY_7,CPU_TEMP_0,CPU_TEMP_1,CPU_TEMP_2,CPU_TEMP_3,CPU_TEMP_4,CPU_TEMP_5,CPU_TEMP_6,CPU_TEMP_7,CPU_TEMP_8,CPU_TEMP_9,CPU_USAGE_0,CPU_USAGE_1,CPU_USAGE_2,CPU_USAGE_3,CPU_USAGE_4,CPU_USAGE_5,CPU_USAGE_6,CPU_USAGE_7,SYSTEM_POWER (Watts),TOTAL_MEMORY,TOTAL_SWAP,USED_MEMORY,USED_SWAP
0,1771987038095,3228,3228,3228,3228,3228,3228,3228,3228,57.82581329345703,58.265811920166016,63.750518798828125,63.39253234863281,58.95018768310547,57.12675476074219,60.986793518066406,61.24560546875,57.696144104003906,58.34822082519531,100,100,NaN,0,0,0,0,0,20.194040298461914,17179869184,22548578304,12777013248,21785542656
100010,1771987038095,3228,3228,3228,3228,3228,3228,3228,3228,57.82581329345703,58.265811920166016,63.750518798828125,63.39253234863281,58.95018768310547,57.12675476074219,60.986793518066406,61.24560546875,57.696144104003906,58.34822082519531,100,100,50,0,0,NaN,0,0,20.194040298461914,17179869184,22548578304,12777373696,21785542656
13,1771987138108,3228,3228,3228,3228,3228,3228,3228,3228,53.52913284301758,55.019432067871094,53.7598876953125,54.17744064331055,53.54052734375,53.462799072265625,56.56792068481445,55.29907989501953,54.4868278503418,54.987281799316406,94.94039154052734,95.1197509765625,31.6554012298584,24.49884033203125,15.467336654663086,17.905202865600586,6.995389461517334,4.503602981567383,7.887730121612549,17179869184,22548578304,12995641344,21785542656
