Delta,Time,CPU_FREQUENCY_0,CPU_FREQUENCY_1,CPU_FREQUENCY_2,CPU_FREQUENCY_3,CPU_FREQUENCY_4,CPU_FREQUENCY_5,CPU_FREQUENCY_6,CPU_FREQUENCY_7,CPU_TEMP_0,CPU_TEMP_1,CPU_TEMP_2,CPU_TEMP_3,CPU_TEMP_4,CPU_TEMP_5,CPU_TEMP_6,CPU_TEMP_7,CPU_TEMP_8,CPU_TEMP_9,CPU_USAGE_0,CPU_USAGE_1,CPU_USAGE_2,CPU_USAGE_3,CPU_USAGE_4,CPU_USAGE_5,CPU_USAGE_6,CPU_USAGE_7,SYSTEM_POWER (Watts),TOTAL_MEMORY,TOTAL_SWAP,USED_MEMORY,USED_SWAP
0,1771988123836,3228,3228,3228,3228,3228,3228,3228,3228,57.48268127441406,58.522579193115234,62.995887756347656,62.324649810791016,58.53497314453125,57.05509567260742,60.9202995300293,59.92808151245117,57.25984573364258,57.92198944091797,100,100,0,0,0,0,0,0,20.21242904663086,17179869184,22548578304,12654706688,21777154048
100005,1771988123836,3228,3228,3228,3228,3228,3228,3228,3228,57.48268127441406,58.522579193115234,62.995887756347656,62.324649810791016,58.53497314453125,57.05509567260742,60.9202995300293,59.92808151245117,57.25984573364258,57.92198944091797,100,100,66.66667175292969,0,0,0,0,0,20.21242904663086,17179869184,22548578304,12644728832,21777154048
11,1771988223843,3228,3228,3228,3228,3228,3228,3228,3228,52.025726318359375,53.1378059387207,52.29925537109375,53.45689010620117,53.47723388671875,52.37876510620117,55.59246826171875,53.59329605102539,53.123046875,53.948387145996094,73.2978515625,72.80402374267578,33.78732681274414,25.84609031677246,16.212684631347656,19.53399658203125,7.407778739929199,4.8033623695373535,7.662220001220703,17179869184,22548578304,12965756928,21777154048
