Delta,Time,CPU_FREQUENCY_0,CPU_FREQUENCY_1,CPU_FREQUENCY_2,CPU_FREQUENCY_3,CPU_FREQUENCY_4,CPU_FREQUENCY_5,CPU_FREQUENCY_6,CPU_FREQUENCY_7,CPU_TEMP_0,CPU_TEMP_1,CPU_TEMP_2,CPU_TEMP_3,CPU_TEMP_4,CPU_TEMP_5,CPU_TEMP_6,CPU_TEMP_7,CPU_TEMP_8,CPU_TEMP_9,CPU_USAGE_0,CPU_USAGE_1,CPU_USAGE_2,CPU_USAGE_3,CPU_USAGE_4,CPU_USAGE_5,CPU_USAGE_6,CPU_USAGE_7,SYSTEM_POWER (Watts),TOTAL_MEMORY,TOTAL_SWAP,USED_MEMORY,USED_SWAP
0,1771988364984,3228,3228,3228,3228,3228,3228,3228,3228,56.3068733215332,56.68019485473633,61.302406311035156,61.1075439453125,57.88922119140625,55.6060905456543,60.16648483276367,59.25929260253906,55.84212112426758,56.773963928222656,50,66.66667175292969,NaN,0,0,0,0,0,20.204715728759766,17179869184,22548578304,12555714560,21777154048
100009,1771988364984,3228,3228,3228,3228,3228,3228,3228,3228,56.3068733215332,56.68019485473633,61.302406311035156,61.1075439453125,57.88922119140625,55.6060905456543,60.16648483276367,59.25929260253906,55.84212112426758,56.773963928222656,100,NaN,100,100,0,0,0,0,20.204715728759766,17179869184,22548578304,12555714560,21777154048
12,1771988464995,3228,3228,3228,3228,3228,3228,3228,3228,51.32655334472656,52.71432876586914,51.42498016357422,52.536720275878906,52.69398498535156,51.72486114501953,54.46768569946289,52.969093322753906,51.38752746582031,53.589691162109375,51.272762298583984,50.16627883911133,34.39895248413086,26.427635192871094,16.534324645996094,20.02410125732422,7.44638204574585,4.9234466552734375,8.074685096740723,17179869184,22548578304,12702400512,21777154048
