Delta,Time,CPU_FREQUENCY_0,CPU_FREQUENCY_1,CPU_FREQUENCY_2,CPU_FREQUENCY_3,CPU_FREQUENCY_4,CPU_FREQUENCY_5,CPU_FREQUENCY_6,CPU_FREQUENCY_7,CPU_TEMP_0,CPU_TEMP_1,CPU_TEMP_2,CPU_TEMP_3,CPU_TEMP_4,CPU_TEMP_5,CPU_TEMP_6,CPU_TEMP_7,CPU_TEMP_8,CPU_TEMP_9,CPU_USAGE_0,CPU_USAGE_1,CPU_USAGE_2,CPU_USAGE_3,CPU_USAGE_4,CPU_USAGE_5,CPU_USAGE_6,CPU_USAGE_7,SYSTEM_POWER (Watts),TOTAL_MEMORY,TOTAL_SWAP,USED_MEMORY,USED_SWAP
0,1772004376254,3228,3228,3228,3228,3228,3228,3228,3228,42.51600646972656,43.45863723754883,43.664894104003906,44.326045989990234,44.557762145996094,43.16097640991211,45.699256896972656,44.66799545288086,43.63646697998047,44.612213134765625,100,100,100,50,50,0,0,0,3.3061835765838623,17179869184,23622320128,12706578432,22173712384
100010,1772004376254,3228,3228,3228,3228,3228,3228,3228,3228,42.51600646972656,43.45863723754883,43.664894104003906,44.326045989990234,44.557762145996094,43.16097640991211,45.699256896972656,44.66799545288086,43.63646697998047,44.612213134765625,NaN,NaN,50,100,100,0,50,100,3.3061835765838623,17179869184,23622320128,12708003840,22173712384
13,1772004476265,3228,3228,3228,3228,3228,3228,3228,3228,42.379234313964844,43.827423095703125,42.79158020019531,43.29668045043945,43.00128936767578,42.947940826416016,45.48735809326172,44.01970291137695,43.17814636230469,44.38645935058594,36.8050651550293,36.694480895996094,13.370055198669434,8.918025970458984,4.331299304962158,3.350670337677002,2.6105220317840576,2.190000057220459,4.158363342285156,17179869184,23622320128,12552257536,22173712384
