Delta,Time,CPU_FREQUENCY_0,CPU_FREQUENCY_1,CPU_FREQUENCY_2,CPU_FREQUENCY_3,CPU_FREQUENCY_4,CPU_FREQUENCY_5,CPU_FREQUENCY_6,CPU_FREQUENCY_7,CPU_TEMP_0,CPU_TEMP_1,CPU_TEMP_2,CPU_TEMP_3,CPU_TEMP_4,CPU_TEMP_5,CPU_TEMP_6,CPU_TEMP_7,CPU_TEMP_8,CPU_TEMP_9,CPU_USAGE_0,CPU_USAGE_1,CPU_USAGE_2,CPU_USAGE_3,CPU_USAGE_4,CPU_USAGE_5,CPU_USAGE_6,CPU_USAGE_7,SYSTEM_POWER (Watts),TOTAL_MEMORY,TOTAL_SWAP,USED_MEMORY,USED_SWAP
0,1772004953978,3228,3228,3228,3228,3228,3228,3228,3228,43.2415885925293,43.937007904052734,43.81829833984375,43.814056396484375,44.26598358154297,43.555564880371094,46.125030517578125,45.417999267578125,43.831417083740234,44.21244812011719,50,0,0,0,0,0,0,0,2.7997753620147705,17179869184,23622320128,12778291200,22014197760
100003,1772004953978,3228,3228,3228,3228,3228,3228,3228,3228,43.2415885925293,43.937007904052734,43.81829833984375,43.814056396484375,44.26598358154297,43.555564880371094,46.125030517578125,45.417999267578125,43.831417083740234,44.21244812011719,50,NaN,100,NaN,0,0,0,0,2.7997753620147705,17179869184,23622320128,12778946560,22014197760
9,1772005053983,3228,3228,3228,3228,3228,3228,3228,3228,42.81619644165039,43.992523193359375,43.07642364501953,43.227237701416016,44.144187927246094,42.89585876464844,45.93556213378906,44.33396911621094,42.88060760498047,44.107460021972656,37.271263122558594,37.14314270019531,10.965352058410645,6.354448318481445,3.671468496322632,2.921168565750122,2.2402238845825195,1.820363998413086,3.0991201400756836,17179869184,23622320128,12592480256,22014197760
