Delta,Time,CPU_FREQUENCY_0,CPU_FREQUENCY_1,CPU_FREQUENCY_2,CPU_FREQUENCY_3,CPU_FREQUENCY_4,CPU_FREQUENCY_5,CPU_FREQUENCY_6,CPU_FREQUENCY_7,CPU_TEMP_0,CPU_TEMP_1,CPU_TEMP_2,CPU_TEMP_3,CPU_TEMP_4,CPU_TEMP_5,CPU_TEMP_6,CPU_TEMP_7,CPU_TEMP_8,CPU_TEMP_9,CPU_USAGE_0,CPU_USAGE_1,CPU_USAGE_2,CPU_USAGE_3,CPU_USAGE_4,CPU_USAGE_5,CPU_USAGE_6,CPU_USAGE_7,SYSTEM_POWER (Watts),TOTAL_MEMORY,TOTAL_SWAP,USED_MEMORY,USED_SWAP
0,1772005300607,3228,3228,3228,3228,3228,3228,3228,3228,42.051979064941406,43.42097854614258,42.42802429199219,43.079322814941406,43.621192932128906,43.486228942871094,45.24696731567383,44.557865142822266,42.99644088745117,44.034202575683594,66.66667175292969,100,25,0,0,0,0,0,3.006969928741455,17179869184,23622320128,12819890176,22005809152
100008,1772005300607,3228,3228,3228,3228,3228,3228,3228,3228,42.051979064941406,43.42097854614258,42.42802429199219,43.079322814941406,43.621192932128906,43.486228942871094,45.24696731567383,44.557865142822266,42.99644088745117,44.034202575683594,100,0,0,0,0,0,0,0,3.006969928741455,17179869184,23622320128,12820987904,22005809152
10,1772005400617,3228,3228,3228,3228,3228,3228,3228,3228,42.01707077026367,43.816009521484375,42.83375549316406,42.98976516723633,43.74421691894531,43.26338577270508,44.78540802001953,44.06196212768555,42.98748779296875,44.31371307373047,39.137428283691406,38.58061981201172,12.418627738952637,7.216494560241699,3.95158052444458,3.0806162357330322,2.3407020568847656,2.0202019214630127,3.7828633785247803,17179869184,23622320128,12808503296,22005809152
