Delta,Time,CPU_FREQUENCY_0,CPU_FREQUENCY_1,CPU_FREQUENCY_2,CPU_FREQUENCY_3,CPU_FREQUENCY_4,CPU_FREQUENCY_5,CPU_FREQUENCY_6,CPU_FREQUENCY_7,CPU_TEMP_0,CPU_TEMP_1,CPU_TEMP_2,CPU_TEMP_3,CPU_TEMP_4,CPU_TEMP_5,CPU_TEMP_6,CPU_TEMP_7,CPU_TEMP_8,CPU_TEMP_9,CPU_USAGE_0,CPU_USAGE_1,CPU_USAGE_2,CPU_USAGE_3,CPU_USAGE_4,CPU_USAGE_5,CPU_USAGE_6,CPU_USAGE_7,SYSTEM_POWER (Watts),TOTAL_MEMORY,TOTAL_SWAP,USED_MEMORY,USED_SWAP
0,1772002758892,3228,3228,3228,3228,3228,3228,3228,3228,70.37601470947266,70.34822082519531,72.06144714355469,72.17867279052734,69.71987915039063,69.31586456298828,72.10397338867188,71.97557067871094,69.24769592285156,70.14256286621094,66.66667175292969,100,66.66667175292969,0,0,50,33.333335876464844,0,23.21065902709961,17179869184,22548578304,13513457664,21739732992
100010,1772002758892,3228,3228,3228,3228,3228,3228,3228,3228,70.37601470947266,70.34822082519531,72.06144714355469,72.17867279052734,69.71987915039063,69.31586456298828,72.10397338867188,71.97557067871094,69.24769592285156,70.14256286621094,NaN,50,100,66.66667175292969,100,NaN,NaN,50,23.21065902709961,17179869184,22548578304,13513457664,21739732992
10,1772002858904,3228,3228,3228,3228,3228,3228,3228,3228,65.70657348632813,65.94646453857422,67.57257843017578,67.57378387451172,66.40534210205078,65.80010223388672,67.88020324707031,67.32504272460938,65.83485412597656,65.8951416015625,62.40298080444336,61.80205535888672,54.23677444458008,39.2310791015625,28.580041885375977,29.447237014770508,18.272125244140625,10.95972728729248,18.30415916442871,17179869184,22548578304,13011501056,21681012736
