Delta,Time,CPU_FREQUENCY_0,CPU_FREQUENCY_1,CPU_FREQUENCY_2,CPU_FREQUENCY_3,CPU_FREQUENCY_4,CPU_FREQUENCY_5,CPU_FREQUENCY_6,CPU_FREQUENCY_7,CPU_TEMP_0,CPU_TEMP_1,CPU_TEMP_2,CPU_TEMP_3,CPU_TEMP_4,CPU_TEMP_5,CPU_TEMP_6,CPU_TEMP_7,CPU_TEMP_8,CPU_TEMP_9,CPU_USAGE_0,CPU_USAGE_1,CPU_USAGE_2,CPU_USAGE_3,CPU_USAGE_4,CPU_USAGE_5,CPU_USAGE_6,CPU_USAGE_7,SYSTEM_POWER (Watts),TOTAL_MEMORY,TOTAL_SWAP,USED_MEMORY,USED_SWAP
0,1772002527725,3228,3228,3228,3228,3228,3228,3228,3228,55.70923614501953,56.30400085449219,55.656211853027344,55.94243240356445,55.52629852294922,55.84888458251953,57.8909912109375,56.737056732177734,56.62285614013672,57.59666442871094,100,100,100,100,100,83.33332824707031,100,80,8.587677001953125,17179869184,22548578304,13122355200,21584216064
100006,1772002527725,3228,3228,3228,3228,3228,3228,3228,3228,55.70923614501953,56.30400085449219,55.656211853027344,55.94243240356445,55.52629852294922,55.84888458251953,57.8909912109375,56.737056732177734,56.62285614013672,57.59666442871094,100,100,100,100,100,100,50,100,8.587677001953125,17179869184,22548578304,13122355200,21584216064
14,1772002627733,3228,3228,3228,3228,3228,3228,3228,3228,53.39980697631836,53.76955795288086,53.047454833984375,53.938026428222656,53.853965759277344,53.09339904785156,55.53536605834961,54.3982048034668,53.780452728271484,54.61505126953125,82.26437377929688,81.94235229492188,35.10541534423828,27.31943130493164,17.551267623901367,19.15620231628418,7.10776948928833,3.982787847518921,7.902444839477539,17179869184,22548578304,13088423936,21584216064
