Delta,Time,CPU_FREQUENCY_0,CPU_FREQUENCY_1,CPU_FREQUENCY_2,CPU_FREQUENCY_3,CPU_FREQUENCY_4,CPU_FREQUENCY_5,CPU_FREQUENCY_6,CPU_FREQUENCY_7,CPU_TEMP_0,CPU_TEMP_1,CPU_TEMP_2,CPU_TEMP_3,CPU_TEMP_4,CPU_TEMP_5,CPU_TEMP_6,CPU_TEMP_7,CPU_TEMP_8,CPU_TEMP_9,CPU_USAGE_0,CPU_USAGE_1,CPU_USAGE_2,CPU_USAGE_3,CPU_USAGE_4,CPU_USAGE_5,CPU_USAGE_6,CPU_USAGE_7,SYSTEM_POWER (Watts),TOTAL_MEMORY,TOTAL_SWAP,USED_MEMORY,USED_SWAP
0,1772002874416,3228,3228,3228,3228,3228,3228,3228,3228,61.780181884765625,62.207881927490234,63.14556121826172,63.85224914550781,61.88176727294922,61.16205596923828,64.1126937866211,63.80738067626953,61.31535339355469,61.82283020019531,50,0,0,50,100,50,0,0,14.470321655273438,17179869184,22548578304,13194215424,21672624128
100003,1772002874416,3228,3228,3228,3228,3228,3228,3228,3228,61.780181884765625,62.207881927490234,63.14556121826172,63.85224914550781,61.88176727294922,61.16205596923828,64.1126937866211,63.80738067626953,61.31535339355469,61.82283020019531,NaN,100,100,NaN,0,0,NaN,0,14.470321655273438,17179869184,22548578304,13191200768,21672624128
10,1772002974421,3228,3228,3228,3228,3228,3228,3228,3228,53.69105529785156,54.57253646850586,53.958290100097656,54.89767074584961,54.24651336669922,53.519107818603516,55.8650016784668,55.248374938964844,54.15608215332031,55.40570068359375,37.103614807128906,36.534385681152344,37.913692474365234,27.094635009765625,18.92624282836914,21.063722610473633,9.98095989227295,6.878942966461182,8.832191467285156,17179869184,22548578304,13427048448,21655846912
