Delta,Time,CPU_FREQUENCY_0,CPU_FREQUENCY_1,CPU_FREQUENCY_2,CPU_FREQUENCY_3,CPU_FREQUENCY_4,CPU_FREQUENCY_5,CPU_FREQUENCY_6,CPU_FREQUENCY_7,CPU_TEMP_0,CPU_TEMP_1,CPU_TEMP_2,CPU_TEMP_3,CPU_TEMP_4,CPU_TEMP_5,CPU_TEMP_6,CPU_TEMP_7,CPU_TEMP_8,CPU_TEMP_9,CPU_USAGE_0,CPU_USAGE_1,CPU_USAGE_2,CPU_USAGE_3,CPU_USAGE_4,CPU_USAGE_5,CPU_USAGE_6,CPU_USAGE_7,SYSTEM_POWER (Watts),TOTAL_MEMORY,TOTAL_SWAP,USED_MEMORY,USED_SWAP
0,1772003914079,3228,3228,3228,3228,3228,3228,3228,3228,41.874168395996094,43.3652458190918,43.63157653808594,43.796112060546875,43.70086669921875,42.652801513671875,45.47812271118164,44.918357849121094,43.00449752807617,44.231407165527344,50,50,100,0,0,0,0,0,3.350548267364502,17179869184,23622320128,12963577856,22173712384
100010,1772003914079,3228,3228,3228,3228,3228,3228,3228,3228,41.874168395996094,43.3652458190918,43.63157653808594,43.796112060546875,43.70086669921875,42.652801513671875,45.47812271118164,44.918357849121094,43.00449752807617,44.231407165527344,0,NaN,50,66.66667175292969,NaN,0,0,0,3.350548267364502,17179869184,23622320128,12963725312,22173712384
11,1772004014092,3228,3228,3228,3228,3228,3228,3228,3228,41.87543869018555,42.7570915222168,42.91224670410156,42.59260177612305,43.18321990966797,41.9801139831543,44.6028938293457,43.88072204589844,43.061370849609375,43.52214813232422,33.826194763183594,33.34674072265625,14.70205307006836,10.371408462524414,5.322661399841309,4.0516204833984375,3.0706140995025635,2.580000162124634,2.6838126182556152,17179869184,23622320128,13000982528,22173712384
