Delta,Time,CPU_FREQUENCY_0,CPU_FREQUENCY_1,CPU_FREQUENCY_2,CPU_FREQUENCY_3,CPU_FREQUENCY_4,CPU_FREQUENCY_5,CPU_FREQUENCY_6,CPU_FREQUENCY_7,CPU_TEMP_0,CPU_TEMP_1,CPU_TEMP_2,CPU_TEMP_3,CPU_TEMP_4,CPU_TEMP_5,CPU_TEMP_6,CPU_TEMP_7,CPU_TEMP_8,CPU_TEMP_9,CPU_USAGE_0,CPU_USAGE_1,CPU_USAGE_2,CPU_USAGE_3,CPU_USAGE_4,CPU_USAGE_5,CPU_USAGE_6,CPU_USAGE_7,SYSTEM_POWER (Watts),TOTAL_MEMORY,TOTAL_SWAP,USED_MEMORY,USED_SWAP
0,1772005416130,3228,3228,3228,3228,3228,3228,3228,3228,42.79601287841797,44.61039733886719,44.26701354980469,44.865482330322266,44.89918518066406,43.43289566040039,46.526527404785156,45.60956573486328,43.960853576660156,45.114471435546875,100,66.66667175292969,0,0,0,0,0,0,3.207435131072998,17179869184,23622320128,12878151680,22005809152
100010,1772005416130,3228,3228,3228,3228,3228,3228,3228,3228,42.79601287841797,44.61039733886719,44.26701354980469,44.865482330322266,44.89918518066406,43.43289566040039,46.526527404785156,45.60956573486328,43.960853576660156,45.114471435546875,0,NaN,NaN,50,0,0,0,0,3.207435131072998,17179869184,23622320128,12878151680,22005809152
8,1772005516142,3228,3228,3228,3228,3228,3228,3228,3228,44.02164077758789,45.24884033203125,45.51213836669922,45.62367630004883,45.441993713378906,44.456172943115234,47.436195373535156,46.72138214111328,44.80718231201172,45.618072509765625,37.381858825683594,37.040016174316406,16.07250213623047,11.643973350524902,6.844106197357178,5.6828413009643555,4.250850200653076,3.4906978607177734,3.354297399520874,17179869184,23622320128,12414779392,21896757248
