Delta,Time,CPU_FREQUENCY_0,CPU_FREQUENCY_1,CPU_FREQUENCY_2,CPU_FREQUENCY_3,CPU_FREQUENCY_4,CPU_FREQUENCY_5,CPU_FREQUENCY_6,CPU_FREQUENCY_7,CPU_TEMP_0,CPU_TEMP_1,CPU_TEMP_2,CPU_TEMP_3,CPU_TEMP_4,CPU_TEMP_5,CPU_TEMP_6,CPU_TEMP_7,CPU_TEMP_8,CPU_TEMP_9,CPU_USAGE_0,CPU_USAGE_1,CPU_USAGE_2,CPU_USAGE_3,CPU_USAGE_4,CPU_USAGE_5,CPU_USAGE_6,CPU_USAGE_7,SYSTEM_POWER (Watts),TOTAL_MEMORY,TOTAL_SWAP,USED_MEMORY,USED_SWAP
0,1772005531702,3228,3228,3228,3228,3228,3228,3228,3228,42.25307083129883,44.20926284790039,43.638519287109375,43.55088806152344,43.72798156738281,44.10419464111328,46.012718200683594,44.41399002075195,43.74171829223633,44.62944030761719,0,66.66667175292969,33.333335876464844,0,0,0,0,0,3.269296884536743,17179869184,23622320128,12625772544,21896757248
100010,1772005531702,3228,3228,3228,3228,3228,3228,3228,3228,42.25307083129883,44.20926284790039,43.638519287109375,43.55088806152344,43.72798156738281,44.10419464111328,46.012718200683594,44.41399002075195,43.74171829223633,44.62944030761719,50,0,NaN,0,0,0,0,0,3.269296884536743,17179869184,23622320128,12626034688,21896757248
11,1772005631715,3228,3228,3228,3228,3228,3228,3228,3228,42.246315002441406,43.63514709472656,42.8822021484375,43.42007827758789,43.702598571777344,43.3090934753418,45.7884635925293,43.8452033996582,43.74894332885742,44.536346435546875,37.63322067260742,37.17072296142578,11.844213485717773,7.3759002685546875,4.041616439819336,3.1306262016296387,2.4504902362823486,2.140000104904175,4.280825138092041,17179869184,23622320128,12696551424,21888368640
