Delta,Time,CPU_FREQUENCY_0,CPU_FREQUENCY_1,CPU_FREQUENCY_2,CPU_FREQUENCY_3,CPU_FREQUENCY_4,CPU_FREQUENCY_5,CPU_FREQUENCY_6,CPU_FREQUENCY_7,CPU_TEMP_0,CPU_TEMP_1,CPU_TEMP_2,CPU_TEMP_3,CPU_TEMP_4,CPU_TEMP_5,CPU_TEMP_6,CPU_TEMP_7,CPU_TEMP_8,CPU_TEMP_9,CPU_USAGE_0,CPU_USAGE_1,CPU_USAGE_2,CPU_USAGE_3,CPU_USAGE_4,CPU_USAGE_5,CPU_USAGE_6,CPU_USAGE_7,SYSTEM_POWER (Watts),TOTAL_MEMORY,TOTAL_SWAP,USED_MEMORY,USED_SWAP
0,1772002643262,3228,3228,3228,3228,3228,3228,3228,3228,53.89333724975586,54.10438919067383,54.16035461425781,54.31154251098633,54.31819152832031,53.41019058227539,55.9757194519043,55.150177001953125,54.381935119628906,54.85948944091797,100,100,33.333335876464844,0,0,50,0,0,11.235407829284668,17179869184,22548578304,13081296896,21584216064
100005,1772002643262,3228,3228,3228,3228,3228,3228,3228,3228,53.89333724975586,54.10438919067383,54.16035461425781,54.31154251098633,54.31819152832031,53.41019058227539,55.9757194519043,55.150177001953125,54.381935119628906,54.85948944091797,50,50,NaN,NaN,NaN,0,50,0,11.235407829284668,17179869184,22548578304,13081477120,21584216064
13,1772002743269,3228,3228,3228,3228,3228,3228,3228,3228,73.0001220703125,74.92314147949219,76.87245178222656,78.06309509277344,74.23487854003906,72.29460144042969,79.17634582519531,79.85772705078125,75.64452362060547,73.52562713623047,51.08772659301758,49.81777572631836,61.59741973876953,44.31234359741211,33.919952392578125,33.333335876464844,21.054216384887695,14.371617317199707,44.50837326049805,17179869184,22548578304,13777666048,21739732992
