Delta,Time,CPU_FREQUENCY_0,CPU_FREQUENCY_1,CPU_FREQUENCY_2,CPU_FREQUENCY_3,CPU_FREQUENCY_4,CPU_FREQUENCY_5,CPU_FREQUENCY_6,CPU_FREQUENCY_7,CPU_TEMP_0,CPU_TEMP_1,CPU_TEMP_2,CPU_TEMP_3,CPU_TEMP_4,CPU_TEMP_5,CPU_TEMP_6,CPU_TEMP_7,CPU_TEMP_8,CPU_TEMP_9,CPU_USAGE_0,CPU_USAGE_1,CPU_USAGE_2,CPU_USAGE_3,CPU_USAGE_4,CPU_USAGE_5,CPU_USAGE_6,CPU_USAGE_7,SYSTEM_POWER (Watts),TOTAL_MEMORY,TOTAL_SWAP,USED_MEMORY,USED_SWAP
0,1772002412130,3228,3228,3228,3228,3228,3228,3228,3228,59.115455627441406,59.623172760009766,59.48522186279297,60.134124755859375,59.61219024658203,58.811424255371094,61.452327728271484,60.8747673034668,59.67854690551758,60.59300231933594,100,100,0,50,0,0,0,0,9.974081993103027,17179869184,22548578304,13107462144,21584216064
100005,1772002412130,3228,3228,3228,3228,3228,3228,3228,3228,59.115455627441406,59.623172760009766,59.48522186279297,60.134124755859375,59.61219024658203,58.811424255371094,61.452327728271484,60.8747673034668,59.67854690551758,60.59300231933594,100,100,100,50,100,NaN,0,0,9.974081993103027,17179869184,22548578304,13107462144,21584216064
13,1772002512137,3228,3228,3228,3228,3228,3228,3228,3228,56.14087677001953,57.09815979003906,55.892967224121094,56.27387619018555,55.78144073486328,55.727783203125,58.363304138183594,57.13332748413086,57.11884307861328,57.824623107910156,95.1187744140625,95.22854614257813,44.09242248535156,33.34676742553711,22.691612243652344,23.67601203918457,11.736382484436035,7.059176921844482,10.14443302154541,17179869184,22548578304,12995297280,21584216064
