Delta,Time,CPU_FREQUENCY_0,CPU_FREQUENCY_1,CPU_FREQUENCY_2,CPU_FREQUENCY_3,CPU_FREQUENCY_4,CPU_FREQUENCY_5,CPU_FREQUENCY_6,CPU_FREQUENCY_7,CPU_TEMP_0,CPU_TEMP_1,CPU_TEMP_2,CPU_TEMP_3,CPU_TEMP_4,CPU_TEMP_5,CPU_TEMP_6,CPU_TEMP_7,CPU_TEMP_8,CPU_TEMP_9,CPU_USAGE_0,CPU_USAGE_1,CPU_USAGE_2,CPU_USAGE_3,CPU_USAGE_4,CPU_USAGE_5,CPU_USAGE_6,CPU_USAGE_7,SYSTEM_POWER (Watts),TOTAL_MEMORY,TOTAL_SWAP,USED_MEMORY,USED_SWAP
0,1772005185049,3228,3228,3228,3228,3228,3228,3228,3228,43.249324798583984,44.69479751586914,44.436279296875,44.584266662597656,44.76062774658203,43.21164321899414,46.7230224609375,45.06083297729492,44.34088897705078,44.8201904296875,0,100,NaN,0,0,0,0,0,4.093724250793457,17179869184,23622320128,12896616448,22014197760
100010,1772005185049,3228,3228,3228,3228,3228,3228,3228,3228,43.249324798583984,44.69479751586914,44.436279296875,44.584266662597656,44.76062774658203,43.21164321899414,46.7230224609375,45.06083297729492,44.34088897705078,44.8201904296875,NaN,NaN,NaN,NaN,NaN,NaN,0,0,4.093724250793457,17179869184,23622320128,12897075200,22014197760
14,1772005285063,3228,3228,3228,3228,3228,3228,3228,3228,42.45353698730469,43.96595764160156,43.416221618652344,43.68544006347656,44.03026580810547,43.4947395324707,45.83685302734375,45.193721771240234,43.46436309814453,44.70258331298828,38.12443161010742,37.89325714111328,12.244693756103516,7.445956707000732,4.041212558746338,3.340668201446533,2.410482168197632,1.9600000381469727,2.9937238693237305,17179869184,23622320128,12633079808,22005809152
