Delta,Time,CPU_FREQUENCY_0,CPU_FREQUENCY_1,CPU_FREQUENCY_2,CPU_FREQUENCY_3,CPU_FREQUENCY_4,CPU_FREQUENCY_5,CPU_FREQUENCY_6,CPU_FREQUENCY_7,CPU_TEMP_0,CPU_TEMP_1,CPU_TEMP_2,CPU_TEMP_3,CPU_TEMP_4,CPU_TEMP_5,CPU_TEMP_6,CPU_TEMP_7,CPU_TEMP_8,CPU_TEMP_9,CPU_USAGE_0,CPU_USAGE_1,CPU_USAGE_2,CPU_USAGE_3,CPU_USAGE_4,CPU_USAGE_5,CPU_USAGE_6,CPU_USAGE_7,SYSTEM_POWER (Watts),TOTAL_MEMORY,TOTAL_SWAP,USED_MEMORY,USED_SWAP
0,1772003105430,3228,3228,3228,3228,3228,3228,3228,3228,52.94148635864258,53.91829299926758,52.66471862792969,53.48591613769531,52.80039978027344,52.87822723388672,55.330902099609375,54.06510543823242,53.00545883178711,53.869178771972656,100,100,NaN,50,NaN,50,0,100,6.363443851470947,17179869184,23622320128,13087260672,22316384256
100005,1772003105430,3228,3228,3228,3228,3228,3228,3228,3228,52.94148635864258,53.91829299926758,52.66471862792969,53.48591613769531,52.80039978027344,52.87822723388672,55.330902099609375,54.06510543823242,53.00545883178711,53.869178771972656,100,NaN,66.66667175292969,50,0,NaN,50,0,6.363443851470947,17179869184,23622320128,13089062912,22316384256
11,1772003205436,3228,3228,3228,3228,3228,3228,3228,3228,47.36725997924805,48.55972671508789,47.915809631347656,48.38831329345703,47.866310119628906,47.329734802246094,50.10007858276367,48.777767181396484,48.1254997253418,49.37610626220703,32.766597747802734,32.50830078125,13.86079216003418,9.319319725036621,4.192095756530762,3.2112843990325928,2.4307291507720947,2.059999942779541,5.046607971191406,17179869184,23622320128,13158645760,22316384256
