Delta,Time,CPU_FREQUENCY_0,CPU_FREQUENCY_1,CPU_FREQUENCY_2,CPU_FREQUENCY_3,CPU_FREQUENCY_4,CPU_FREQUENCY_5,CPU_FREQUENCY_6,CPU_FREQUENCY_7,CPU_TEMP_0,CPU_TEMP_1,CPU_TEMP_2,CPU_TEMP_3,CPU_TEMP_4,CPU_TEMP_5,CPU_TEMP_6,CPU_TEMP_7,CPU_TEMP_8,CPU_TEMP_9,CPU_USAGE_0,CPU_USAGE_1,CPU_USAGE_2,CPU_USAGE_3,CPU_USAGE_4,CPU_USAGE_5,CPU_USAGE_6,CPU_USAGE_7,SYSTEM_POWER (Watts),TOTAL_MEMORY,TOTAL_SWAP,USED_MEMORY,USED_SWAP
0,1771990164757,3228,3228,3228,3228,3228,3228,3228,3228,54.521732330322266,53.98808288574219,59.629554748535156,59.69150161743164,55.63090515136719,53.138282775878906,57.146202087402344,56.03622055053711,52.82292175292969,54.02583312988281,NaN,100,0,0,0,50,0,0,18.22354507446289,17179869184,22548578304,12506677248,21768765440
100007,1771990164757,3228,3228,3228,3228,3228,3228,3228,3228,54.521732330322266,53.98808288574219,59.629554748535156,59.69150161743164,55.63090515136719,53.138282775878906,57.146202087402344,56.03622055053711,52.82292175292969,54.02583312988281,50,0,100,0,0,0,NaN,0,18.22354507446289,17179869184,22548578304,12506251264,21768765440
10,1771990264765,3228,3228,3228,3228,3228,3228,3228,3228,50.486297607421875,50.734432220458984,52.23652648925781,52.13716125488281,51.20362091064453,49.94963073730469,52.79501724243164,51.630455017089844,49.816837310791016,51.628997802734375,48.62145233154297,47.162010192871094,31.821388244628906,24.64760398864746,15.010549545288086,18.885541915893555,6.362725734710693,3.9019510746002197,9.945416450500488,17179869184,22548578304,11811848192,21768765440
