Delta,Time,CPU_FREQUENCY_0,CPU_FREQUENCY_1,CPU_FREQUENCY_2,CPU_FREQUENCY_3,CPU_FREQUENCY_4,CPU_FREQUENCY_5,CPU_FREQUENCY_6,CPU_FREQUENCY_7,CPU_TEMP_0,CPU_TEMP_1,CPU_TEMP_2,CPU_TEMP_3,CPU_TEMP_4,CPU_TEMP_5,CPU_TEMP_6,CPU_TEMP_7,CPU_TEMP_8,CPU_TEMP_9,CPU_USAGE_0,CPU_USAGE_1,CPU_USAGE_2,CPU_USAGE_3,CPU_USAGE_4,CPU_USAGE_5,CPU_USAGE_6,CPU_USAGE_7,SYSTEM_POWER (Watts),TOTAL_MEMORY,TOTAL_SWAP,USED_MEMORY,USED_SWAP
0,1771989807514,3228,3228,3228,3228,3228,3228,3228,3228,54.094757080078125,54.22484588623047,60.390907287597656,59.66682815551758,55.35722351074219,53.02229690551758,56.40598678588867,56.29401779174805,53.295127868652344,54.3919677734375,50,100,NaN,50,0,0,0,0,17.589235305786133,17179869184,22548578304,12584648704,21768765440
100005,1771989807514,3228,3228,3228,3228,3228,3228,3228,3228,54.094757080078125,54.22484588623047,60.390907287597656,59.66682815551758,55.35722351074219,53.02229690551758,56.40598678588867,56.29401779174805,53.295127868652344,54.3919677734375,NaN,0,0,100,100,100,50,NaN,17.589235305786133,17179869184,22548578304,12585140224,21768765440
11,1771989907521,3228,3228,3228,3228,3228,3228,3228,3228,49.490386962890625,51.250770568847656,50.34644317626953,51.3807487487793,50.459259033203125,49.63719177246094,52.594173431396484,51.274349212646484,50.27802276611328,51.35894012451172,49.778629302978516,48.43781661987305,31.703134536743164,23.710718154907227,14.259873390197754,18.39542007446289,6.053317546844482,3.6018009185791016,6.431702613830566,17179869184,22548578304,12450955264,21768765440
