Delta,Time,CPU_FREQUENCY_0,CPU_FREQUENCY_1,CPU_FREQUENCY_2,CPU_FREQUENCY_3,CPU_FREQUENCY_4,CPU_FREQUENCY_5,CPU_FREQUENCY_6,CPU_FREQUENCY_7,CPU_TEMP_0,CPU_TEMP_1,CPU_TEMP_2,CPU_TEMP_3,CPU_TEMP_4,CPU_TEMP_5,CPU_TEMP_6,CPU_TEMP_7,CPU_TEMP_8,CPU_TEMP_9,CPU_USAGE_0,CPU_USAGE_1,CPU_USAGE_2,CPU_USAGE_3,CPU_USAGE_4,CPU_USAGE_5,CPU_USAGE_6,CPU_USAGE_7,SYSTEM_POWER (Watts),TOTAL_MEMORY,TOTAL_SWAP,USED_MEMORY,USED_SWAP
0,1771989926402,3228,3228,3228,3228,3228,3228,3228,3228,54.053741455078125,53.73447036743164,60.303932189941406,60.000057220458984,55.50166320800781,52.40108108520508,55.7309684753418,55.42640686035156,52.0180549621582,53.543487548828125,100,0,0,0,0,0,0,0,17.24626922607422,17179869184,22548578304,12627705856,21768765440
100008,1771989926402,3228,3228,3228,3228,3228,3228,3228,3228,54.053741455078125,53.73447036743164,60.303932189941406,60.000057220458984,55.50166320800781,52.40108108520508,55.7309684753418,55.42640686035156,52.0180549621582,53.543487548828125,0,100,0,0,100,0,0,0,17.24626922607422,17179869184,22548578304,12629721088,21768765440
14,1771990026411,3228,3228,3228,3228,3228,3228,3228,3228,49.49541473388672,50.454246520996094,50.094085693359375,50.68696975708008,50.912025451660156,49.84349822998047,52.105247497558594,50.463043212890625,49.730628967285156,50.82463836669922,50.57343673706055,48.95182418823242,32.05968475341797,24.340381622314453,14.792482376098633,18.897480010986328,6.39406681060791,4.012407302856445,8.532342910766602,17179869184,22548578304,12440862720,21768765440
