Delta,Time,CPU_FREQUENCY_0,CPU_FREQUENCY_1,CPU_FREQUENCY_2,CPU_FREQUENCY_3,CPU_FREQUENCY_4,CPU_FREQUENCY_5,CPU_FREQUENCY_6,CPU_FREQUENCY_7,CPU_TEMP_0,CPU_TEMP_1,CPU_TEMP_2,CPU_TEMP_3,CPU_TEMP_4,CPU_TEMP_5,CPU_TEMP_6,CPU_TEMP_7,CPU_TEMP_8,CPU_TEMP_9,CPU_USAGE_0,CPU_USAGE_1,CPU_USAGE_2,CPU_USAGE_3,CPU_USAGE_4,CPU_USAGE_5,CPU_USAGE_6,CPU_USAGE_7,SYSTEM_POWER (Watts),TOTAL_MEMORY,TOTAL_SWAP,USED_MEMORY,USED_SWAP
0,1771991117421,3228,3228,3228,3228,3228,3228,3228,3228,53.3555793762207,52.891517639160156,59.587890625,58.17129898071289,54.219215393066406,52.66714096069336,54.603515625,53.720436096191406,51.835575103759766,53.92559051513672,100,100,0,0,0,0,0,0,17.38966178894043,17179869184,22548578304,12584828928,21768765440
100003,1771991117421,3228,3228,3228,3228,3228,3228,3228,3228,53.3555793762207,52.891517639160156,59.587890625,58.17129898071289,54.219215393066406,52.66714096069336,54.603515625,53.720436096191406,51.835575103759766,53.92559051513672,NaN,100,100,50,NaN,NaN,0,50,17.38966178894043,17179869184,22548578304,12585746432,21768765440
12,1771991217425,3228,3228,3228,3228,3228,3228,3228,3228,48.66590881347656,49.70655822753906,49.050575256347656,49.859493255615234,49.625030517578125,48.739341735839844,51.48931884765625,50.24205017089844,49.14319610595703,50.28460693359375,48.6464729309082,46.98054122924805,31.787479400634766,24.468833923339844,14.70913314819336,18.58433723449707,5.982563495635986,3.542479991912842,6.993576526641846,17179869184,22548578304,12403343360,21768765440
