Delta,Time,CPU_FREQUENCY_0,CPU_FREQUENCY_1,CPU_FREQUENCY_2,CPU_FREQUENCY_3,CPU_FREQUENCY_4,CPU_FREQUENCY_5,CPU_FREQUENCY_6,CPU_FREQUENCY_7,CPU_TEMP_0,CPU_TEMP_1,CPU_TEMP_2,CPU_TEMP_3,CPU_TEMP_4,CPU_TEMP_5,CPU_TEMP_6,CPU_TEMP_7,CPU_TEMP_8,CPU_TEMP_9,CPU_USAGE_0,CPU_USAGE_1,CPU_USAGE_2,CPU_USAGE_3,CPU_USAGE_4,CPU_USAGE_5,CPU_USAGE_6,CPU_USAGE_7,SYSTEM_POWER (Watts),TOTAL_MEMORY,TOTAL_SWAP,USED_MEMORY,USED_SWAP
0,1771992070691,3228,3228,3228,3228,3228,3228,3228,3228,55.740074157714844,55.93735885620117,61.667747497558594,60.98117446899414,56.595176696777344,54.08027267456055,58.8298225402832,58.10584259033203,55.020286560058594,55.79912567138672,100,100,100,0,50,50,0,0,18.40325927734375,17179869184,22548578304,12373409792,21768765440
100007,1771992070691,3228,3228,3228,3228,3228,3228,3228,3228,55.740074157714844,55.93735885620117,61.667747497558594,60.98117446899414,56.595176696777344,54.08027267456055,58.8298225402832,58.10584259033203,55.020286560058594,55.79912567138672,100,100,0,50,50,0,100,0,18.40325927734375,17179869184,22548578304,12370067456,21768765440
10,1771992170700,3228,3228,3228,3228,3228,3228,3228,3228,51.434165954589844,52.671791076660156,51.761253356933594,52.405914306640625,52.52532958984375,51.142539978027344,54.059234619140625,53.19685363769531,51.84374237060547,52.74256134033203,90.10526275634766,90.01303100585938,32.87270736694336,25.48604965209961,15.587939262390137,19.10834503173828,6.754860877990723,4.032419681549072,10.191203117370605,17179869184,22548578304,12478676992,21768765440
