Delta,Time,CPU_FREQUENCY_0,CPU_FREQUENCY_1,CPU_FREQUENCY_2,CPU_FREQUENCY_3,CPU_FREQUENCY_4,CPU_FREQUENCY_5,CPU_FREQUENCY_6,CPU_FREQUENCY_7,CPU_TEMP_0,CPU_TEMP_1,CPU_TEMP_2,CPU_TEMP_3,CPU_TEMP_4,CPU_TEMP_5,CPU_TEMP_6,CPU_TEMP_7,CPU_TEMP_8,CPU_TEMP_9,CPU_USAGE_0,CPU_USAGE_1,CPU_USAGE_2,CPU_USAGE_3,CPU_USAGE_4,CPU_USAGE_5,CPU_USAGE_6,CPU_USAGE_7,SYSTEM_POWER (Watts),TOTAL_MEMORY,TOTAL_SWAP,USED_MEMORY,USED_SWAP
0,1771989569549,3228,3228,3228,3228,3228,3228,3228,3228,54.19611740112305,54.635589599609375,60.46165466308594,60.16451644897461,55.928688049316406,53.6710090637207,57.53627395629883,57.03199768066406,53.714595794677734,54.42479705810547,0,0,100,50,0,0,0,0,17.933082580566406,17179869184,22548578304,12308447232,21768765440
100009,1771989569549,3228,3228,3228,3228,3228,3228,3228,3228,54.19611740112305,54.635589599609375,60.46165466308594,60.16451644897461,55.928688049316406,53.6710090637207,57.53627395629883,57.03199768066406,53.714595794677734,54.42479705810547,NaN,100,100,NaN,NaN,0,0,0,17.933082580566406,17179869184,22548578304,12310937600,21768765440
12,1771989669560,3228,3228,3228,3228,3228,3228,3228,3228,49.920806884765625,50.967018127441406,49.81822204589844,50.795616149902344,50.50165557861328,49.972747802734375,52.210594177246094,50.839195251464844,49.98112487792969,51.53840637207031,51.61939239501953,50.251914978027344,30.15424919128418,22.382198333740234,13.997186660766602,18.351572036743164,5.962521076202393,3.531765937805176,6.559812545776367,17179869184,22548578304,12428443648,21768765440
