Delta,Time,CPU_FREQUENCY_0,CPU_FREQUENCY_1,CPU_FREQUENCY_2,CPU_FREQUENCY_3,CPU_FREQUENCY_4,CPU_FREQUENCY_5,CPU_FREQUENCY_6,CPU_FREQUENCY_7,CPU_TEMP_0,CPU_TEMP_1,CPU_TEMP_2,CPU_TEMP_3,CPU_TEMP_4,CPU_TEMP_5,CPU_TEMP_6,CPU_TEMP_7,CPU_TEMP_8,CPU_TEMP_9,CPU_USAGE_0,CPU_USAGE_1,CPU_USAGE_2,CPU_USAGE_3,CPU_USAGE_4,CPU_USAGE_5,CPU_USAGE_6,CPU_USAGE_7,SYSTEM_POWER (Watts),TOTAL_MEMORY,TOTAL_SWAP,USED_MEMORY,USED_SWAP
0,1771991474472,3228,3228,3228,3228,3228,3228,3228,3228,53.707096099853516,53.19525909423828,59.55352783203125,59.220821380615234,55.615135192871094,52.724483489990234,56.44094467163086,55.73957824707031,52.395057678222656,54.138465881347656,100,NaN,0,0,0,NaN,0,0,17.693519592285156,17179869184,22548578304,12565544960,21768765440
100005,1771991474472,3228,3228,3228,3228,3228,3228,3228,3228,53.707096099853516,53.19525909423828,59.55352783203125,59.220821380615234,55.615135192871094,52.724483489990234,56.44094467163086,55.73957824707031,52.395057678222656,54.138465881347656,NaN,50,50,100,0,0,0,0,17.693519592285156,17179869184,22548578304,12565544960,21768765440
11,1771991574478,3228,3228,3228,3228,3228,3228,3228,3228,48.71361541748047,50.16130065917969,48.86174011230469,49.575469970703125,49.87708282470703,48.944862365722656,52.40849304199219,49.881046295166016,49.5560302734375,50.93988800048828,49.52706527709961,47.88703918457031,31.904809951782227,24.730642318725586,14.430710792541504,18.626367568969727,6.112836837768555,3.7622575759887695,6.3505988121032715,17179869184,22548578304,12563054592,21768765440
