Delta,Time,CPU_FREQUENCY_0,CPU_FREQUENCY_1,CPU_FREQUENCY_2,CPU_FREQUENCY_3,CPU_FREQUENCY_4,CPU_FREQUENCY_5,CPU_FREQUENCY_6,CPU_FREQUENCY_7,CPU_TEMP_0,CPU_TEMP_1,CPU_TEMP_2,CPU_TEMP_3,CPU_TEMP_4,CPU_TEMP_5,CPU_TEMP_6,CPU_TEMP_7,CPU_TEMP_8,CPU_TEMP_9,CPU_USAGE_0,CPU_USAGE_1,CPU_USAGE_2,CPU_USAGE_3,CPU_USAGE_4,CPU_USAGE_5,CPU_USAGE_6,CPU_USAGE_7,SYSTEM_POWER (Watts),TOTAL_MEMORY,TOTAL_SWAP,USED_MEMORY,USED_SWAP
0,1771990998435,3228,3228,3228,3228,3228,3228,3228,3228,53.6789436340332,53.750431060791016,59.93302917480469,59.14237594604492,55.09190368652344,52.62437438964844,55.89353561401367,55.421546936035156,52.58060836791992,54.05194091796875,66.66667175292969,50,0,0,0,0,50,0,17.46117401123047,17179869184,22548578304,12463472640,21768765440
100010,1771990998435,3228,3228,3228,3228,3228,3228,3228,3228,53.6789436340332,53.750431060791016,59.93302917480469,59.14237594604492,55.09190368652344,52.62437438964844,55.89353561401367,55.421546936035156,52.58060836791992,54.05194091796875,NaN,NaN,100,50,NaN,0,0,0,17.46117401123047,17179869184,22548578304,12462047232,21768765440
11,1771991098446,3228,3228,3228,3228,3228,3228,3228,3228,48.452392578125,50.01417922973633,48.858177185058594,49.64381790161133,49.594993591308594,49.08512496948242,51.61017608642578,50.06776809692383,49.0333366394043,50.976478576660156,48.10789108276367,46.74394989013672,31.56196403503418,24.24974822998047,14.208199501037598,18.443775177001953,5.73203706741333,3.1919150352478027,6.484544277191162,17179869184,22548578304,12401639424,21768765440
