Delta,Time,CPU_FREQUENCY_0,CPU_FREQUENCY_1,CPU_FREQUENCY_2,CPU_FREQUENCY_3,CPU_FREQUENCY_4,CPU_FREQUENCY_5,CPU_FREQUENCY_6,CPU_FREQUENCY_7,CPU_TEMP_0,CPU_TEMP_1,CPU_TEMP_2,CPU_TEMP_3,CPU_TEMP_4,CPU_TEMP_5,CPU_TEMP_6,CPU_TEMP_7,CPU_TEMP_8,CPU_TEMP_9,CPU_USAGE_0,CPU_USAGE_1,CPU_USAGE_2,CPU_USAGE_3,CPU_USAGE_4,CPU_USAGE_5,CPU_USAGE_6,CPU_USAGE_7,SYSTEM_POWER (Watts),TOTAL_MEMORY,TOTAL_SWAP,USED_MEMORY,USED_SWAP
0,1771990879436,3228,3228,3228,3228,3228,3228,3228,3228,53.188743591308594,53.42404556274414,60.073326110839844,59.36653518676758,54.76067352294922,52.29463577270508,55.93994903564453,55.625240325927734,52.745140075683594,54.034271240234375,NaN,0,50,0,0,0,0,0,18.874120712280273,17179869184,22548578304,12425396224,21768765440
100009,1771990879436,3228,3228,3228,3228,3228,3228,3228,3228,53.188743591308594,53.42404556274414,60.073326110839844,59.36653518676758,54.76067352294922,52.29463577270508,55.93994903564453,55.625240325927734,52.745140075683594,54.034271240234375,100,100,NaN,100,0,0,0,0,18.874120712280273,17179869184,22548578304,12429246464,21768765440
12,1771990979445,3228,3228,3228,3228,3228,3228,3228,3228,48.474849700927734,50.2853889465332,49.3349609375,49.87550735473633,50.10601806640625,48.87458801269531,51.57969284057617,49.75961685180664,48.70353698730469,50.56011962890625,48.55101776123047,47.55998992919922,31.988704681396484,24.4133358001709,14.85427188873291,18.45566749572754,5.742058277130127,3.3119871616363525,6.616814613342285,17179869184,22548578304,12311232512,21768765440
