Delta,Time,CPU_FREQUENCY_0,CPU_FREQUENCY_1,CPU_FREQUENCY_2,CPU_FREQUENCY_3,CPU_FREQUENCY_4,CPU_FREQUENCY_5,CPU_FREQUENCY_6,CPU_FREQUENCY_7,CPU_TEMP_0,CPU_TEMP_1,CPU_TEMP_2,CPU_TEMP_3,CPU_TEMP_4,CPU_TEMP_5,CPU_TEMP_6,CPU_TEMP_7,CPU_TEMP_8,CPU_TEMP_9,CPU_USAGE_0,CPU_USAGE_1,CPU_USAGE_2,CPU_USAGE_3,CPU_USAGE_4,CPU_USAGE_5,CPU_USAGE_6,CPU_USAGE_7,SYSTEM_POWER (Watts),TOTAL_MEMORY,TOTAL_SWAP,USED_MEMORY,USED_SWAP
0,1771989688490,3228,3228,3228,3228,3228,3228,3228,3228,54.57492446899414,53.391048431396484,60.12060546875,59.301883697509766,54.53253173828125,52.619895935058594,55.89656448364258,55.15170669555664,52.57745361328125,54.06428527832031,100,100,100,100,50,100,50,50,17.678251266479492,17179869184,22548578304,12603310080,21768765440
100007,1771989688490,3228,3228,3228,3228,3228,3228,3228,3228,54.57492446899414,53.391048431396484,60.12060546875,59.301883697509766,54.53253173828125,52.619895935058594,55.89656448364258,55.15170669555664,52.57745361328125,54.06428527832031,100,0,NaN,50,NaN,0,0,0,17.678251266479492,17179869184,22548578304,12609667072,21768765440
12,1771989788498,3228,3228,3228,3228,3228,3228,3228,3228,49.93650436401367,51.2940559387207,50.57472229003906,51.229801177978516,50.94805908203125,49.703163146972656,53.40917205810547,51.849891662597656,50.18878173828125,51.660621643066406,48.767234802246094,47.26814651489258,31.713708877563477,24.156681060791016,14.75080394744873,18.664657592773438,6.273802280426025,3.7622575759887695,7.264012813568115,17179869184,22548578304,12422742016,21768765440
