Delta,Time,CPU_FREQUENCY_0,CPU_FREQUENCY_1,CPU_FREQUENCY_2,CPU_FREQUENCY_3,CPU_FREQUENCY_4,CPU_FREQUENCY_5,CPU_FREQUENCY_6,CPU_FREQUENCY_7,CPU_TEMP_0,CPU_TEMP_1,CPU_TEMP_2,CPU_TEMP_3,CPU_TEMP_4,CPU_TEMP_5,CPU_TEMP_6,CPU_TEMP_7,CPU_TEMP_8,CPU_TEMP_9,CPU_USAGE_0,CPU_USAGE_1,CPU_USAGE_2,CPU_USAGE_3,CPU_USAGE_4,CPU_USAGE_5,CPU_USAGE_6,CPU_USAGE_7,SYSTEM_POWER (Watts),TOTAL_MEMORY,TOTAL_SWAP,USED_MEMORY,USED_SWAP
0,1772176777358,3228,3228,3228,3228,3228,3228,3228,3228,43.00339889526367,42.936256408691406,44.605377197265625,45.73567199707031,43.86640930175781,42.040626525878906,44.760108947753906,43.645015716552734,41.97359085083008,43.38153839111328,0,0,0,0,0,0,0,0,2.632215738296509,17179869184,8589934592,13299695616,7960002560
202,1772176777358,3228,3228,3228,3228,3228,3228,3228,3228,43.00339889526367,42.936256408691406,44.605377197265625,45.73567199707031,43.86640930175781,42.040626525878906,44.760108947753906,43.645015716552734,41.97359085083008,43.38153839111328,0,0,NaN,0,0,0,0,0,2.632215738296509,17179869184,8589934592,13302988800,7960002560
11,1772176777561,3228,3228,3228,3228,3228,3228,3228,3228,43.00339889526367,42.936256408691406,44.605377197265625,45.73567199707031,43.86640930175781,42.040626525878906,44.760108947753906,43.645015716552734,41.97359085083008,43.38153839111328,25,28.571430206298828,45,25,23.809524536132813,19.047618865966797,15.000000953674316,10,2.632215738296509,17179869184,8589934592,13257621504,7960002560
