Delta,Time,CPU_FREQUENCY_0,CPU_FREQUENCY_1,CPU_FREQUENCY_2,CPU_FREQUENCY_3,CPU_FREQUENCY_4,CPU_FREQUENCY_5,CPU_FREQUENCY_6,CPU_FREQUENCY_7,CPU_TEMP_0,CPU_TEMP_1,CPU_TEMP_2,CPU_TEMP_3,CPU_TEMP_4,CPU_TEMP_5,CPU_TEMP_6,CPU_TEMP_7,CPU_TEMP_8,CPU_TEMP_9,CPU_USAGE_0,CPU_USAGE_1,CPU_USAGE_2,CPU_USAGE_3,CPU_USAGE_4,CPU_USAGE_5,CPU_USAGE_6,CPU_USAGE_7,SYSTEM_POWER (Watts),TOTAL_MEMORY,TOTAL_SWAP,USED_MEMORY,USED_SWAP
0,1772156430730,3228,3228,3228,3228,3228,3228,3228,3228,56.27720260620117,56.45275115966797,55.679176330566406,57.5615119934082,56.511322021484375,56.25717544555664,57.97995376586914,56.81745147705078,56.1618766784668,56.970115661621094,66.66667175292969,50,50,50,0,0,0,0,10.156953811645508,17179869184,9663676416,13163282432,7950893056
204,1772156430730,3228,3228,3228,3228,3228,3228,3228,3228,56.27720260620117,56.45275115966797,55.679176330566406,57.5615119934082,56.511322021484375,56.25717544555664,57.97995376586914,56.81745147705078,56.1618766784668,56.970115661621094,NaN,100,100,50,50,50,0,0,10.156953811645508,17179869184,9663676416,13163282432,7950893056
10,1772156430935,3228,3228,3228,3228,3228,3228,3228,3228,56.27720260620117,56.45275115966797,55.679176330566406,57.5615119934082,56.511322021484375,56.25717544555664,57.97995376586914,56.81745147705078,56.1618766784668,56.970115661621094,80,76.19047546386719,45,35,23.809524536132813,20,19.047618865966797,14.285715103149414,10.156953811645508,17179869184,9663676416,13163282432,7950893056
