Delta,Time,CPU_FREQUENCY_0,CPU_FREQUENCY_1,CPU_FREQUENCY_2,CPU_FREQUENCY_3,CPU_FREQUENCY_4,CPU_FREQUENCY_5,CPU_FREQUENCY_6,CPU_FREQUENCY_7,CPU_TEMP_0,CPU_TEMP_1,CPU_TEMP_2,CPU_TEMP_3,CPU_TEMP_4,CPU_TEMP_5,CPU_TEMP_6,CPU_TEMP_7,CPU_TEMP_8,CPU_TEMP_9,CPU_USAGE_0,CPU_USAGE_1,CPU_USAGE_2,CPU_USAGE_3,CPU_USAGE_4,CPU_USAGE_5,CPU_USAGE_6,CPU_USAGE_7,SYSTEM_POWER (Watts),TOTAL_MEMORY,TOTAL_SWAP,USED_MEMORY,USED_SWAP
0,1772148727798,3228,3228,3228,3228,3228,3228,3228,3228,53.4366340637207,53.45396423339844,52.947845458984375,53.73528289794922,53.40446472167969,52.96198272705078,54.5836181640625,54.3506965637207,53.19364547729492,54.762542724609375,0,100,50,0,0,0,0,0,4.544848442077637,17179869184,6442450944,12370755584,4963762176
204,1772148727798,3228,3228,3228,3228,3228,3228,3228,3228,53.4366340637207,53.45396423339844,52.947845458984375,53.73528289794922,53.40446472167969,52.96198272705078,54.5836181640625,54.3506965637207,53.19364547729492,54.762542724609375,50,0,NaN,0,0,0,0,0,4.544848442077637,17179869184,6442450944,12370755584,4963762176
7,1772148728003,3228,3228,3228,3228,3228,3228,3228,3228,53.4366340637207,53.45396423339844,52.947845458984375,53.73528289794922,53.40446472167969,52.96198272705078,54.5836181640625,54.3506965637207,53.19364547729492,54.762542724609375,45,42.85714340209961,42.85714340209961,50,30.000001907348633,31.81818199157715,20,20,4.544848442077637,17179869184,6442450944,12370755584,4963762176
