Delta,Time,CPU_FREQUENCY_0,CPU_FREQUENCY_1,CPU_FREQUENCY_2,CPU_FREQUENCY_3,CPU_FREQUENCY_4,CPU_FREQUENCY_5,CPU_FREQUENCY_6,CPU_FREQUENCY_7,CPU_TEMP_0,CPU_TEMP_1,CPU_TEMP_2,CPU_TEMP_3,CPU_TEMP_4,CPU_TEMP_5,CPU_TEMP_6,CPU_TEMP_7,CPU_TEMP_8,CPU_TEMP_9,CPU_USAGE_0,CPU_USAGE_1,CPU_USAGE_2,CPU_USAGE_3,CPU_USAGE_4,CPU_USAGE_5,CPU_USAGE_6,CPU_USAGE_7,SYSTEM_POWER (Watts),TOTAL_MEMORY,TOTAL_SWAP,USED_MEMORY,USED_SWAP
0,1772156942783,3228,3228,3228,3228,3228,3228,3228,3228,56.369564056396484,56.35148620605469,57.36714172363281,58.29464340209961,56.51362609863281,55.562171936035156,58.676063537597656,57.903564453125,56.227935791015625,57.330299377441406,0,0,0,0,0,0,0,0,9.605138778686523,17179869184,9663676416,12906905600,8156348416
204,1772156942783,3228,3228,3228,3228,3228,3228,3228,3228,56.369564056396484,56.35148620605469,57.36714172363281,58.29464340209961,56.51362609863281,55.562171936035156,58.676063537597656,57.903564453125,56.227935791015625,57.330299377441406,NaN,NaN,100,NaN,0,0,0,0,9.605138778686523,17179869184,9663676416,12907708416,8156348416
10,1772156942988,3228,3228,3228,3228,3228,3228,3228,3228,56.369564056396484,56.35148620605469,57.36714172363281,58.29464340209961,56.51362609863281,55.562171936035156,58.676063537597656,57.903564453125,56.227935791015625,57.330299377441406,38.095237731933594,31.81818199157715,42.105262756347656,38.095237731933594,35,28.571430206298828,20,10,9.605138778686523,17179869184,9663676416,12876775424,8156348416
