Delta,Time,CPU_FREQUENCY_0,CPU_FREQUENCY_1,CPU_FREQUENCY_2,CPU_FREQUENCY_3,CPU_FREQUENCY_4,CPU_FREQUENCY_5,CPU_FREQUENCY_6,CPU_FREQUENCY_7,CPU_TEMP_0,CPU_TEMP_1,CPU_TEMP_2,CPU_TEMP_3,CPU_TEMP_4,CPU_TEMP_5,CPU_TEMP_6,CPU_TEMP_7,CPU_TEMP_8,CPU_TEMP_9,CPU_USAGE_0,CPU_USAGE_1,CPU_USAGE_2,CPU_USAGE_3,CPU_USAGE_4,CPU_USAGE_5,CPU_USAGE_6,CPU_USAGE_7,SYSTEM_POWER (Watts),TOTAL_MEMORY,TOTAL_SWAP,USED_MEMORY,USED_SWAP
0,1772156369756,3228,3228,3228,3228,3228,3228,3228,3228,56.546695709228516,55.98579788208008,58.62909698486328,58.69925308227539,56.52201843261719,55.921627044677734,57.952938079833984,57.216796875,56.08137512207031,57.141517639160156,50,33.333335876464844,50,0,0,0,0,0,8.872621536254883,17179869184,9663676416,12882624512,7959281664
204,1772156369756,3228,3228,3228,3228,3228,3228,3228,3228,56.546695709228516,55.98579788208008,58.62909698486328,58.69925308227539,56.52201843261719,55.921627044677734,57.952938079833984,57.216796875,56.08137512207031,57.141517639160156,0,NaN,0,NaN,50,0,0,0,8.872621536254883,17179869184,9663676416,12881608704,7959281664
11,1772156369961,3228,3228,3228,3228,3228,3228,3228,3228,56.546695709228516,55.98579788208008,58.62909698486328,58.69925308227539,56.52201843261719,55.921627044677734,57.952938079833984,57.216796875,56.08137512207031,57.141517639160156,57.142860412597656,47.619049072265625,42.105262756347656,15.000000953674316,15.000000953674316,10,9.523809432983398,10,8.872621536254883,17179869184,9663676416,12847693824,7959281664
