Delta,Time,CPU_FREQUENCY_0,CPU_FREQUENCY_1,CPU_FREQUENCY_2,CPU_FREQUENCY_3,CPU_FREQUENCY_4,CPU_FREQUENCY_5,CPU_FREQUENCY_6,CPU_FREQUENCY_7,CPU_TEMP_0,CPU_TEMP_1,CPU_TEMP_2,CPU_TEMP_3,CPU_TEMP_4,CPU_TEMP_5,CPU_TEMP_6,CPU_TEMP_7,CPU_TEMP_8,CPU_TEMP_9,CPU_USAGE_0,CPU_USAGE_1,CPU_USAGE_2,CPU_USAGE_3,CPU_USAGE_4,CPU_USAGE_5,CPU_USAGE_6,CPU_USAGE_7,SYSTEM_POWER (Watts),TOTAL_MEMORY,TOTAL_SWAP,USED_MEMORY,USED_SWAP
0,1772158405019,3228,3228,3228,3228,3228,3228,3228,3228,42.82164001464844,43.1670036315918,42.506134033203125,43.46269226074219,43.315208435058594,43.3649787902832,45.16874694824219,43.503841400146484,42.999961853027344,44.44325256347656,100,100,50,50,0,0,0,0,2.7886624336242676,17179869184,9663676416,12719751168,7929856000
206,1772158405019,3228,3228,3228,3228,3228,3228,3228,3228,42.82164001464844,43.1670036315918,42.506134033203125,43.46269226074219,43.315208435058594,43.3649787902832,45.16874694824219,43.503841400146484,42.999961853027344,44.44325256347656,NaN,100,50,0,0,0,0,0,2.7886624336242676,17179869184,9663676416,12722733056,7929856000
10,1772158405226,3228,3228,3228,3228,3228,3228,3228,3228,45.02599334716797,44.81233215332031,46.91492462158203,47.730316162109375,45.61511993408203,44.73731994628906,47.965843200683594,46.91360092163086,44.66038131713867,45.9183349609375,66.66667175292969,73.68421173095703,35,19.047618865966797,10,19.047618865966797,9.523809432983398,9.523809432983398,2.7886624336242676,17179869184,9663676416,12703612928,7929856000
