Delta,Time,CPU_FREQUENCY_0,CPU_FREQUENCY_1,CPU_FREQUENCY_2,CPU_FREQUENCY_3,CPU_FREQUENCY_4,CPU_FREQUENCY_5,CPU_FREQUENCY_6,CPU_FREQUENCY_7,CPU_TEMP_0,CPU_TEMP_1,CPU_TEMP_2,CPU_TEMP_3,CPU_TEMP_4,CPU_TEMP_5,CPU_TEMP_6,CPU_TEMP_7,CPU_TEMP_8,CPU_TEMP_9,CPU_USAGE_0,CPU_USAGE_1,CPU_USAGE_2,CPU_USAGE_3,CPU_USAGE_4,CPU_USAGE_5,CPU_USAGE_6,CPU_USAGE_7,SYSTEM_POWER (Watts),TOTAL_MEMORY,TOTAL_SWAP,USED_MEMORY,USED_SWAP
0,1772161238380,3228,3228,3228,3228,3228,3228,3228,3228,43.69728469848633,44.0280647277832,47.70152282714844,46.92170333862305,44.213340759277344,43.06740188598633,45.605262756347656,44.848506927490234,43.252769470214844,45.03608703613281,100,100,0,0,0,0,0,0,12.3289155960083,17179869184,8589934592,13308657664,7226589184
207,1772161238380,3228,3228,3228,3228,3228,3228,3228,3228,43.69728469848633,44.0280647277832,47.70152282714844,46.92170333862305,44.213340759277344,43.06740188598633,45.605262756347656,44.848506927490234,43.252769470214844,45.03608703613281,NaN,100,100,0,0,0,0,0,12.3289155960083,17179869184,8589934592,13310050304,7226589184
10,1772161238587,3228,3228,3228,3228,3228,3228,3228,3228,43.69728469848633,44.0280647277832,47.70152282714844,46.92170333862305,44.213340759277344,43.06740188598633,45.605262756347656,44.848506927490234,43.252769470214844,45.03608703613281,81.81818389892578,80.95238494873047,35,25,19.047618865966797,23.809524536132813,14.285715103149414,5,12.3289155960083,17179869184,8589934592,13320323072,7226589184
