Delta,Time,CPU_FREQUENCY_0,CPU_FREQUENCY_1,CPU_FREQUENCY_2,CPU_FREQUENCY_3,CPU_FREQUENCY_4,CPU_FREQUENCY_5,CPU_FREQUENCY_6,CPU_FREQUENCY_7,CPU_TEMP_0,CPU_TEMP_1,CPU_TEMP_2,CPU_TEMP_3,CPU_TEMP_4,CPU_TEMP_5,CPU_TEMP_6,CPU_TEMP_7,CPU_TEMP_8,CPU_TEMP_9,CPU_USAGE_0,CPU_USAGE_1,CPU_USAGE_2,CPU_USAGE_3,CPU_USAGE_4,CPU_USAGE_5,CPU_USAGE_6,CPU_USAGE_7,SYSTEM_POWER (Watts),TOTAL_MEMORY,TOTAL_SWAP,USED_MEMORY,USED_SWAP
0,1772154952301,3228,3228,3228,3228,3228,3228,3228,3228,56.8076171875,56.68782424926758,58.26727294921875,60.005332946777344,56.90904998779297,55.822914123535156,59.302879333496094,59.41413116455078,56.750091552734375,56.715911865234375,100,0,50,0,0,0,0,0,9.255816459655762,17179869184,9663676416,13028392960,8378777600
203,1772154952301,3228,3228,3228,3228,3228,3228,3228,3228,56.8076171875,56.68782424926758,58.26727294921875,60.005332946777344,56.90904998779297,55.822914123535156,59.302879333496094,59.41413116455078,56.750091552734375,56.715911865234375,0,100,NaN,NaN,100,100,0,NaN,9.255816459655762,17179869184,9663676416,13031358464,8378777600
11,1772154952504,3228,3228,3228,3228,3228,3228,3228,3228,56.8076171875,56.68782424926758,58.26727294921875,60.005332946777344,56.90904998779297,55.822914123535156,59.302879333496094,59.41413116455078,56.750091552734375,56.715911865234375,70,65,55,45,31.57894515991211,31.57894515991211,33.333335876464844,20,9.255816459655762,17179869184,9663676416,13031358464,8378777600
