Delta,Time,CPU_FREQUENCY_0,CPU_FREQUENCY_1,CPU_FREQUENCY_2,CPU_FREQUENCY_3,CPU_FREQUENCY_4,CPU_FREQUENCY_5,CPU_FREQUENCY_6,CPU_FREQUENCY_7,CPU_TEMP_0,CPU_TEMP_1,CPU_TEMP_2,CPU_TEMP_3,CPU_TEMP_4,CPU_TEMP_5,CPU_TEMP_6,CPU_TEMP_7,CPU_TEMP_8,CPU_TEMP_9,CPU_USAGE_0,CPU_USAGE_1,CPU_USAGE_2,CPU_USAGE_3,CPU_USAGE_4,CPU_USAGE_5,CPU_USAGE_6,CPU_USAGE_7,SYSTEM_POWER (Watts),TOTAL_MEMORY,TOTAL_SWAP,USED_MEMORY,USED_SWAP
0,1772151069959,3228,3228,3228,3228,3228,3228,3228,3228,63.12582015991211,62.22883224487305,65.89747619628906,66.96575927734375,62.986366271972656,61.6905517578125,66.82009887695313,66.47508239746094,62.38958740234375,62.251487731933594,100,66.66667175292969,66.66667175292969,60.000003814697266,50,50,50,33.333335876464844,27.839065551757813,17179869184,6442450944,13957349376,5630263296
202,1772151069959,3228,3228,3228,3228,3228,3228,3228,3228,63.12582015991211,62.22883224487305,65.89747619628906,66.96575927734375,62.986366271972656,61.6905517578125,66.82009887695313,66.47508239746094,62.38958740234375,62.251487731933594,100,100,100,100,100,100,100,100,27.839065551757813,17179869184,6442450944,13959135232,5630263296
10,1772151070162,3228,3228,3228,3228,3228,3228,3228,3228,63.16206359863281,62.78267288208008,65.57115173339844,66.74502563476563,63.238739013671875,62.22465133666992,66.44035339355469,66.56096649169922,62.80537414550781,62.730003356933594,60.000003814697266,57.894737243652344,71.42857360839844,68.42105102539063,60.000003814697266,61.904762268066406,61.904762268066406,57.142860412597656,27.839065551757813,17179869184,6442450944,13863813120,5648941056
