Delta,Time,CPU_FREQUENCY_0,CPU_FREQUENCY_1,CPU_FREQUENCY_2,CPU_FREQUENCY_3,CPU_FREQUENCY_4,CPU_FREQUENCY_5,CPU_FREQUENCY_6,CPU_FREQUENCY_7,CPU_TEMP_0,CPU_TEMP_1,CPU_TEMP_2,CPU_TEMP_3,CPU_TEMP_4,CPU_TEMP_5,CPU_TEMP_6,CPU_TEMP_7,CPU_TEMP_8,CPU_TEMP_9,CPU_USAGE_0,CPU_USAGE_1,CPU_USAGE_2,CPU_USAGE_3,CPU_USAGE_4,CPU_USAGE_5,CPU_USAGE_6,CPU_USAGE_7,SYSTEM_POWER (Watts),TOTAL_MEMORY,TOTAL_SWAP,USED_MEMORY,USED_SWAP
0,1772174988539,3228,3228,3228,3228,3228,3228,3228,3228,43.304561614990234,42.52550506591797,46.583343505859375,46.341758728027344,43.268577575683594,42.409027099609375,45.32558822631836,44.020965576171875,42.39866256713867,44.061065673828125,0,50,50,0,0,0,0,0,13.022748947143555,17179869184,8589934592,13124190208,7892893696
201,1772174988539,3228,3228,3228,3228,3228,3228,3228,3228,43.304561614990234,42.52550506591797,46.583343505859375,46.341758728027344,43.268577575683594,42.409027099609375,45.32558822631836,44.020965576171875,42.39866256713867,44.061065673828125,50,50,NaN,100,0,0,0,0,13.022748947143555,17179869184,8589934592,13125124096,7892893696
10,1772174988740,3228,3228,3228,3228,3228,3228,3228,3228,43.304561614990234,42.52550506591797,46.583343505859375,46.341758728027344,43.268577575683594,42.409027099609375,45.32558822631836,44.020965576171875,42.39866256713867,44.061065673828125,50,45,42.85714340209961,25,15.000000953674316,10.526315689086914,19.047618865966797,10,7.508331775665283,17179869184,8589934592,13115850752,7892893696
