Delta,Time,CPU_FREQUENCY_0,CPU_FREQUENCY_1,CPU_FREQUENCY_2,CPU_FREQUENCY_3,CPU_FREQUENCY_4,CPU_FREQUENCY_5,CPU_FREQUENCY_6,CPU_FREQUENCY_7,CPU_TEMP_0,CPU_TEMP_1,CPU_TEMP_2,CPU_TEMP_3,CPU_TEMP_4,CPU_TEMP_5,CPU_TEMP_6,CPU_TEMP_7,CPU_TEMP_8,CPU_TEMP_9,CPU_USAGE_0,CPU_USAGE_1,CPU_USAGE_2,CPU_USAGE_3,CPU_USAGE_4,CPU_USAGE_5,CPU_USAGE_6,CPU_USAGE_7,SYSTEM_POWER (Watts),TOTAL_MEMORY,TOTAL_SWAP,USED_MEMORY,USED_SWAP
0,1772148291991,3228,3228,3228,3228,3228,3228,3228,3228,56.496246337890625,56.04772186279297,57.71216583251953,57.348716735839844,56.600196838378906,55.32797622680664,58.10955047607422,57.25334167480469,55.983985900878906,57.32359313964844,0,50,50,NaN,0,0,0,0,14.891838073730469,17179869184,6442450944,12415664128,4980539392
204,1772148291991,3228,3228,3228,3228,3228,3228,3228,3228,56.496246337890625,56.04772186279297,57.71216583251953,57.348716735839844,56.600196838378906,55.32797622680664,58.10955047607422,57.25334167480469,55.983985900878906,57.32359313964844,100,NaN,NaN,50,100,NaN,0,NaN,14.891838073730469,17179869184,6442450944,12415664128,4980539392
10,1772148292196,3228,3228,3228,3228,3228,3228,3228,3228,57.32977294921875,55.98358154296875,60.55536651611328,58.9904670715332,56.26465606689453,55.103416442871094,57.672325134277344,56.833229064941406,55.471275329589844,57.26829528808594,50,45,47.619049072265625,20,10,14.285715103149414,15.000000953674316,9.523809432983398,14.891838073730469,17179869184,6442450944,12415664128,4980539392
