Delta,Time,CPU_FREQUENCY_0,CPU_FREQUENCY_1,CPU_FREQUENCY_2,CPU_FREQUENCY_3,CPU_FREQUENCY_4,CPU_FREQUENCY_5,CPU_FREQUENCY_6,CPU_FREQUENCY_7,CPU_TEMP_0,CPU_TEMP_1,CPU_TEMP_2,CPU_TEMP_3,CPU_TEMP_4,CPU_TEMP_5,CPU_TEMP_6,CPU_TEMP_7,CPU_TEMP_8,CPU_TEMP_9,CPU_USAGE_0,CPU_USAGE_1,CPU_USAGE_2,CPU_USAGE_3,CPU_USAGE_4,CPU_USAGE_5,CPU_USAGE_6,CPU_USAGE_7,SYSTEM_POWER (Watts),TOTAL_MEMORY,TOTAL_SWAP,USED_MEMORY,USED_SWAP
0,1772164954974,3228,3228,3228,3228,3228,3228,3228,3228,42.92518997192383,43.17998123168945,45.119873046875,45.1333122253418,43.175804138183594,42.704437255859375,45.669437408447266,43.98184585571289,42.86943817138672,43.86168670654297,50,100,0,0,0,0,0,0,8.521188735961914,17179869184,8589934592,13287899136,7422672896
202,1772164954974,3228,3228,3228,3228,3228,3228,3228,3228,42.92518997192383,43.17998123168945,45.119873046875,45.1333122253418,43.175804138183594,42.704437255859375,45.669437408447266,43.98184585571289,42.86943817138672,43.86168670654297,100,0,100,NaN,0,0,0,0,8.521188735961914,17179869184,8589934592,13288128512,7422672896
9,1772164955177,3228,3228,3228,3228,3228,3228,3228,3228,43.44365692138672,43.33412551879883,46.328094482421875,45.71523666381836,43.417205810546875,42.956016540527344,45.82624816894531,44.163673400878906,42.97657775878906,44.153717041015625,30.000001907348633,30.000001907348633,42.85714340209961,27.272727966308594,15.789472579956055,25,10,9.523809432983398,8.521188735961914,17179869184,8589934592,13288128512,7422672896
