Delta,Time,CPU_FREQUENCY_0,CPU_FREQUENCY_1,CPU_FREQUENCY_2,CPU_FREQUENCY_3,CPU_FREQUENCY_4,CPU_FREQUENCY_5,CPU_FREQUENCY_6,CPU_FREQUENCY_7,CPU_TEMP_0,CPU_TEMP_1,CPU_TEMP_2,CPU_TEMP_3,CPU_TEMP_4,CPU_TEMP_5,CPU_TEMP_6,CPU_TEMP_7,CPU_TEMP_8,CPU_TEMP_9,CPU_USAGE_0,CPU_USAGE_1,CPU_USAGE_2,CPU_USAGE_3,CPU_USAGE_4,CPU_USAGE_5,CPU_USAGE_6,CPU_USAGE_7,SYSTEM_POWER (Watts),TOTAL_MEMORY,TOTAL_SWAP,USED_MEMORY,USED_SWAP
0,1772171132550,3228,3228,3228,3228,3228,3228,3228,3228,46.96238327026367,45.00745391845703,53.10205078125,51.8292350769043,46.417564392089844,45.22438430786133,48.031978607177734,46.57069396972656,44.72374725341797,45.97222137451172,0,0,50,0,0,0,0,0,15.235279083251953,17179869184,8589934592,13352239104,7600078848
203,1772171132550,3228,3228,3228,3228,3228,3228,3228,3228,46.96238327026367,45.00745391845703,53.10205078125,51.8292350769043,46.417564392089844,45.22438430786133,48.031978607177734,46.57069396972656,44.72374725341797,45.97222137451172,NaN,50,NaN,50,0,0,0,0,15.235279083251953,17179869184,8589934592,13351288832,7600078848
209,1772171132753,3228,3228,3228,3228,3228,3228,3228,3228,46.96238327026367,45.00745391845703,53.10205078125,51.8292350769043,46.417564392089844,45.22438430786133,48.031978607177734,46.57069396972656,44.72374725341797,45.97222137451172,65,65,66.66667175292969,57.894737243652344,45.45454788208008,42.85714340209961,33.333335876464844,30.000001907348633,11.834070205688477,17179869184,8589934592,13433929728,7600078848
204,1772171132968,3228,3228,3228,3228,3228,3228,3228,3228,46.96238327026367,45.00745391845703,53.10205078125,51.8292350769043,46.417564392089844,45.22438430786133,48.031978607177734,46.57069396972656,44.72374725341797,45.97222137451172,76.19047546386719,77.2727279663086,80.95238494873047,78.26087188720703,75,68.18181610107422,57.142860412597656,52.38095474243164,11.834070205688477,17179869184,8589934592,13431128064,7600078848
6,1772171133173,3228,3228,3228,3228,3228,3228,3228,3228,46.447235107421875,46.516231536865234,48.585365295410156,50.033164978027344,47.490333557128906,45.87010192871094,50.696929931640625,49.23541259765625,46.65284729003906,47.380165100097656,42.85714340209961,35,30.000001907348633,30.000001907348633,30.000001907348633,26.3157901763916,28.571430206298828,23.809524536132813,11.834070205688477,17179869184,8589934592,13349748736,7600078848
