Delta,Time,CPU_FREQUENCY_0,CPU_FREQUENCY_1,CPU_FREQUENCY_2,CPU_FREQUENCY_3,CPU_FREQUENCY_4,CPU_FREQUENCY_5,CPU_FREQUENCY_6,CPU_FREQUENCY_7,CPU_TEMP_0,CPU_TEMP_1,CPU_TEMP_2,CPU_TEMP_3,CPU_TEMP_4,CPU_TEMP_5,CPU_TEMP_6,CPU_TEMP_7,CPU_TEMP_8,CPU_TEMP_9,CPU_USAGE_0,CPU_USAGE_1,CPU_USAGE_2,CPU_USAGE_3,CPU_USAGE_4,CPU_USAGE_5,CPU_USAGE_6,CPU_USAGE_7,SYSTEM_POWER (Watts),TOTAL_MEMORY,TOTAL_SWAP,USED_MEMORY,USED_SWAP
0,1772163504366,3228,3228,3228,3228,3228,3228,3228,3228,45.835609436035156,45.1592903137207,51.78330993652344,51.02912521362305,46.76072692871094,44.939517974853516,47.112144470214844,46.948875427246094,44.185184478759766,45.78352355957031,0,0,50,66.66667175292969,0,0,0,0,16.036836624145508,17179869184,8589934592,12942606336,7210663936
203,1772163504366,3228,3228,3228,3228,3228,3228,3228,3228,45.835609436035156,45.1592903137207,51.78330993652344,51.02912521362305,46.76072692871094,44.939517974853516,47.112144470214844,46.948875427246094,44.185184478759766,45.78352355957031,50,50,0,0,0,0,0,0,16.036836624145508,17179869184,8589934592,12942606336,7210663936
204,1772163504570,3228,3228,3228,3228,3228,3228,3228,3228,45.835609436035156,45.1592903137207,51.78330993652344,51.02912521362305,46.76072692871094,44.939517974853516,47.112144470214844,46.948875427246094,44.185184478759766,45.78352355957031,78.94737243652344,65,80,65,60.000003814697266,52.6315803527832,45,40,16.036836624145508,17179869184,8589934592,12942606336,7210663936
209,1772163504774,3228,3228,3228,3228,3228,3228,3228,3228,45.835609436035156,45.1592903137207,51.78330993652344,51.02912521362305,46.76072692871094,44.939517974853516,47.112144470214844,46.948875427246094,44.185184478759766,45.78352355957031,76.19047546386719,85,80,73.68421173095703,66.66667175292969,52.38095474243164,45,45,13.519758224487305,17179869184,8589934592,12942606336,7210663936
10,1772163504984,3228,3228,3228,3228,3228,3228,3228,3228,45.835609436035156,45.1592903137207,51.78330993652344,51.02912521362305,46.76072692871094,44.939517974853516,47.112144470214844,46.948875427246094,44.185184478759766,45.78352355957031,38.095237731933594,38.095237731933594,54.54545593261719,50,40,47.619049072265625,33.333335876464844,28.571430206298828,13.519758224487305,17179869184,8589934592,12936970240,7210663936
