Delta,Time,CPU_FREQUENCY_0,CPU_FREQUENCY_1,CPU_FREQUENCY_2,CPU_FREQUENCY_3,CPU_FREQUENCY_4,CPU_FREQUENCY_5,CPU_FREQUENCY_6,CPU_FREQUENCY_7,CPU_TEMP_0,CPU_TEMP_1,CPU_TEMP_2,CPU_TEMP_3,CPU_TEMP_4,CPU_TEMP_5,CPU_TEMP_6,CPU_TEMP_7,CPU_TEMP_8,CPU_TEMP_9,CPU_USAGE_0,CPU_USAGE_1,CPU_USAGE_2,CPU_USAGE_3,CPU_USAGE_4,CPU_USAGE_5,CPU_USAGE_6,CPU_USAGE_7,SYSTEM_POWER (Watts),TOTAL_MEMORY,TOTAL_SWAP,USED_MEMORY,USED_SWAP
0,1772161337336,3228,3228,3228,3228,3228,3228,3228,3228,45.41984558105469,44.44194030761719,51.147979736328125,50.0635986328125,46.1278076171875,45.261207580566406,47.094696044921875,46.7887077331543,44.132904052734375,45.89860534667969,0,0,0,0,0,0,0,0,14.28488826751709,17179869184,8589934592,13165625344,7218200576
202,1772161337336,3228,3228,3228,3228,3228,3228,3228,3228,45.41984558105469,44.44194030761719,51.147979736328125,50.0635986328125,46.1278076171875,45.261207580566406,47.094696044921875,46.7887077331543,44.132904052734375,45.89860534667969,NaN,50,NaN,0,0,0,0,0,14.28488826751709,17179869184,8589934592,13165625344,7218200576
210,1772161337539,3228,3228,3228,3228,3228,3228,3228,3228,45.41984558105469,44.44194030761719,51.147979736328125,50.0635986328125,46.1278076171875,45.261207580566406,47.094696044921875,46.7887077331543,44.132904052734375,45.89860534667969,68.18181610107422,63.15789031982422,70,60.000003814697266,47.619049072265625,40,38.095237731933594,33.333335876464844,14.28488826751709,17179869184,8589934592,13165625344,7218200576
13,1772161337750,3228,3228,3228,3228,3228,3228,3228,3228,45.41984558105469,44.44194030761719,51.147979736328125,50.0635986328125,46.1278076171875,45.261207580566406,47.094696044921875,46.7887077331543,44.132904052734375,45.89860534667969,84.21052551269531,76.19047546386719,80.95238494873047,76.19047546386719,70,52.38095474243164,42.85714340209961,40,11.7803955078125,17179869184,8589934592,13165625344,7218200576
