Delta,Time,CPU_FREQUENCY_0,CPU_FREQUENCY_1,CPU_FREQUENCY_2,CPU_FREQUENCY_3,CPU_FREQUENCY_4,CPU_FREQUENCY_5,CPU_FREQUENCY_6,CPU_FREQUENCY_7,CPU_TEMP_0,CPU_TEMP_1,CPU_TEMP_2,CPU_TEMP_3,CPU_TEMP_4,CPU_TEMP_5,CPU_TEMP_6,CPU_TEMP_7,CPU_TEMP_8,CPU_TEMP_9,CPU_USAGE_0,CPU_USAGE_1,CPU_USAGE_2,CPU_USAGE_3,CPU_USAGE_4,CPU_USAGE_5,CPU_USAGE_6,CPU_USAGE_7,SYSTEM_POWER (Watts),TOTAL_MEMORY,TOTAL_SWAP,USED_MEMORY,USED_SWAP
0,1772171931055,3228,3228,3228,3228,3228,3228,3228,3228,46.170928955078125,44.86153030395508,52.89903259277344,50.61225128173828,46.14515686035156,44.693016052246094,47.354515075683594,45.913673400878906,44.838157653808594,46.13093566894531,0,0,0,0,0,0,0,0,11.446293830871582,17179869184,8589934592,13358366720,7583301632
201,1772171931055,3228,3228,3228,3228,3228,3228,3228,3228,46.170928955078125,44.86153030395508,52.89903259277344,50.61225128173828,46.14515686035156,44.693016052246094,47.354515075683594,45.913673400878906,44.838157653808594,46.13093566894531,0,50,66.66667175292969,0,0,0,0,0,11.446293830871582,17179869184,8589934592,13360611328,7583301632
208,1772171931257,3228,3228,3228,3228,3228,3228,3228,3228,46.45555877685547,45.97322082519531,50.50239562988281,50.569393157958984,47.326438903808594,45.34442138671875,49.64730453491211,48.37236022949219,46.24140548706055,46.98876953125,65,60.000003814697266,73.68421173095703,55,47.619049072265625,55,33.333335876464844,30.000001907348633,11.446293830871582,17179869184,8589934592,13444431872,7583301632
193,1772171931476,3228,3228,3228,3228,3228,3228,3228,3228,46.45555877685547,45.97322082519531,50.50239562988281,50.569393157958984,47.326438903808594,45.34442138671875,49.64730453491211,48.37236022949219,46.24140548706055,46.98876953125,90.90909576416016,95.23809814453125,90.47618865966797,90.90909576416016,86.36363983154297,86.9565200805664,85,90.47618865966797,11.446293830871582,17179869184,8589934592,13251067904,7583301632
10,1772171931669,3228,3228,3228,3228,3228,3228,3228,3228,46.45555877685547,45.97322082519531,50.50239562988281,50.569393157958984,47.326438903808594,45.34442138671875,49.64730453491211,48.37236022949219,46.24140548706055,46.98876953125,84.21052551269531,80,95,100,100,100,75,75,14.247974395751953,17179869184,8589934592,12923535360,7583301632
