Delta,Time,CPU_FREQUENCY_0,CPU_FREQUENCY_1,CPU_FREQUENCY_2,CPU_FREQUENCY_3,CPU_FREQUENCY_4,CPU_FREQUENCY_5,CPU_FREQUENCY_6,CPU_FREQUENCY_7,CPU_TEMP_0,CPU_TEMP_1,CPU_TEMP_2,CPU_TEMP_3,CPU_TEMP_4,CPU_TEMP_5,CPU_TEMP_6,CPU_TEMP_7,CPU_TEMP_8,CPU_TEMP_9,CPU_USAGE_0,CPU_USAGE_1,CPU_USAGE_2,CPU_USAGE_3,CPU_USAGE_4,CPU_USAGE_5,CPU_USAGE_6,CPU_USAGE_7,SYSTEM_POWER (Watts),TOTAL_MEMORY,TOTAL_SWAP,USED_MEMORY,USED_SWAP
0,1772147076246,3228,3228,3228,3228,3228,3228,3228,3228,57.9678955078125,55.47140121459961,62.63615417480469,62.28019332885742,57.7398681640625,55.17548751831055,57.729515075683594,57.24374008178711,55.21141052246094,56.4281005859375,100,100,0,50,0,0,0,0,18.941600799560547,17179869184,6442450944,12032327680,5542641664
200,1772147076246,3228,3228,3228,3228,3228,3228,3228,3228,57.9678955078125,55.47140121459961,62.63615417480469,62.28019332885742,57.7398681640625,55.17548751831055,57.729515075683594,57.24374008178711,55.21141052246094,56.4281005859375,100,0,100,0,0,0,0,0,18.941600799560547,17179869184,6442450944,12031213568,5542641664
200,1772147076447,3228,3228,3228,3228,3228,3228,3228,3228,57.9678955078125,55.47140121459961,62.63615417480469,62.28019332885742,57.7398681640625,55.17548751831055,57.729515075683594,57.24374008178711,55.21141052246094,56.4281005859375,90,90,75,60.000003814697266,45,38.095237731933594,35,25,18.941600799560547,17179869184,6442450944,12036784128,5542641664
12,1772147076647,3228,3228,3228,3228,3228,3228,3228,3228,57.9678955078125,55.47140121459961,62.63615417480469,62.28019332885742,57.7398681640625,55.17548751831055,57.729515075683594,57.24374008178711,55.21141052246094,56.4281005859375,95,94.73684692382813,89.47368621826172,84.21052551269531,68.42105102539063,57.894737243652344,55,50,13.135353088378906,17179869184,6442450944,12030476288,5542641664
