Delta,Time,CPU_FREQUENCY_0,CPU_FREQUENCY_1,CPU_FREQUENCY_2,CPU_FREQUENCY_3,CPU_FREQUENCY_4,CPU_FREQUENCY_5,CPU_FREQUENCY_6,CPU_FREQUENCY_7,CPU_TEMP_0,CPU_TEMP_1,CPU_TEMP_2,CPU_TEMP_3,CPU_TEMP_4,CPU_TEMP_5,CPU_TEMP_6,CPU_TEMP_7,CPU_TEMP_8,CPU_TEMP_9,CPU_USAGE_0,CPU_USAGE_1,CPU_USAGE_2,CPU_USAGE_3,CPU_USAGE_4,CPU_USAGE_5,CPU_USAGE_6,CPU_USAGE_7,SYSTEM_POWER (Watts),TOTAL_MEMORY,TOTAL_SWAP,USED_MEMORY,USED_SWAP
0,1772158868813,3228,3228,3228,3228,3228,3228,3228,3228,47.840911865234375,47.097408294677734,54.86677551269531,52.54168701171875,47.379486083984375,46.860694885253906,49.11410903930664,48.173675537109375,46.19731140136719,47.838523864746094,0,50,50,0,0,0,0,0,11.957938194274902,17179869184,9663676416,13054853120,7896301568
202,1772158868813,3228,3228,3228,3228,3228,3228,3228,3228,47.840911865234375,47.097408294677734,54.86677551269531,52.54168701171875,47.379486083984375,46.860694885253906,49.11410903930664,48.173675537109375,46.19731140136719,47.838523864746094,0,0,100,0,0,0,0,0,11.957938194274902,17179869184,9663676416,13053902848,7896301568
207,1772158869015,3228,3228,3228,3228,3228,3228,3228,3228,47.840911865234375,47.097408294677734,54.86677551269531,52.54168701171875,47.379486083984375,46.860694885253906,49.11410903930664,48.173675537109375,46.19731140136719,47.838523864746094,61.904762268066406,60.000003814697266,68.42105102539063,65,55,36.842105865478516,33.333335876464844,30.000001907348633,11.957938194274902,17179869184,9663676416,13078888448,7896301568
200,1772158869223,3228,3228,3228,3228,3228,3228,3228,3228,47.44525909423828,47.7411003112793,51.15271759033203,51.27995300292969,48.33434295654297,47.38912582397461,50.412147521972656,49.761470794677734,47.538230895996094,48.4185791015625,78.94737243652344,80.95238494873047,90.47618865966797,85,80,71.42857360839844,63.15789031982422,60.000003814697266,11.957938194274902,17179869184,9663676416,13078888448,7896301568
10,1772158869424,3228,3228,3228,3228,3228,3228,3228,3228,47.44525909423828,47.7411003112793,51.15271759033203,51.27995300292969,48.33434295654297,47.38912582397461,50.412147521972656,49.761470794677734,47.538230895996094,48.4185791015625,61.904762268066406,68.42105102539063,42.85714340209961,35,38.095237731933594,35,28.571430206298828,28.571430206298828,11.957938194274902,17179869184,9663676416,12990611456,7896301568
