Delta,Time,CPU_FREQUENCY_0,CPU_FREQUENCY_1,CPU_FREQUENCY_2,CPU_FREQUENCY_3,CPU_FREQUENCY_4,CPU_FREQUENCY_5,CPU_FREQUENCY_6,CPU_FREQUENCY_7,CPU_TEMP_0,CPU_TEMP_1,CPU_TEMP_2,CPU_TEMP_3,CPU_TEMP_4,CPU_TEMP_5,CPU_TEMP_6,CPU_TEMP_7,CPU_TEMP_8,CPU_TEMP_9,CPU_USAGE_0,CPU_USAGE_1,CPU_USAGE_2,CPU_USAGE_3,CPU_USAGE_4,CPU_USAGE_5,CPU_USAGE_6,CPU_USAGE_7,SYSTEM_POWER (Watts),TOTAL_MEMORY,TOTAL_SWAP,USED_MEMORY,USED_SWAP
0,1772157305807,3228,3228,3228,3228,3228,3228,3228,3228,51.30567932128906,49.79521942138672,57.646270751953125,55.39128875732422,50.845008850097656,50.00630187988281,51.82474899291992,51.28738784790039,48.867530822753906,50.951690673828125,0,0,50,0,0,0,0,0,12.093267440795898,17179869184,9663676416,12770377728,8005353472
200,1772157305807,3228,3228,3228,3228,3228,3228,3228,3228,51.30567932128906,49.79521942138672,57.646270751953125,55.39128875732422,50.845008850097656,50.00630187988281,51.82474899291992,51.28738784790039,48.867530822753906,50.951690673828125,50,0,100,0,0,0,0,0,12.093267440795898,17179869184,9663676416,12771557376,8005353472
204,1772157306008,3228,3228,3228,3228,3228,3228,3228,3228,51.30567932128906,49.79521942138672,57.646270751953125,55.39128875732422,50.845008850097656,50.00630187988281,51.82474899291992,51.28738784790039,48.867530822753906,50.951690673828125,70,60.000003814697266,75,61.904762268066406,47.36842346191406,47.619049072265625,42.85714340209961,40,12.093267440795898,17179869184,9663676416,12849840128,8005353472
204,1772157306213,3228,3228,3228,3228,3228,3228,3228,3228,51.08359146118164,51.14414596557617,54.848350524902344,55.207340240478516,51.92761993408203,50.60921096801758,53.623783111572266,53.268280029296875,50.59463119506836,51.596885681152344,100,100,85,84.21052551269531,71.42857360839844,76.19047546386719,65,61.904762268066406,12.093267440795898,17179869184,9663676416,12849840128,8005353472
10,1772157306418,3228,3228,3228,3228,3228,3228,3228,3228,51.08359146118164,51.14414596557617,54.848350524902344,55.207340240478516,51.92761993408203,50.60921096801758,53.623783111572266,53.268280029296875,50.59463119506836,51.596885681152344,50,45,61.904762268066406,50,47.619049072265625,45,42.85714340209961,45,12.093267440795898,17179869184,9663676416,12773212160,8005353472
