Delta,Time,CPU_FREQUENCY_0,CPU_FREQUENCY_1,CPU_FREQUENCY_2,CPU_FREQUENCY_3,CPU_FREQUENCY_4,CPU_FREQUENCY_5,CPU_FREQUENCY_6,CPU_FREQUENCY_7,CPU_TEMP_0,CPU_TEMP_1,CPU_TEMP_2,CPU_TEMP_3,CPU_TEMP_4,CPU_TEMP_5,CPU_TEMP_6,CPU_TEMP_7,CPU_TEMP_8,CPU_TEMP_9,CPU_USAGE_0,CPU_USAGE_1,CPU_USAGE_2,CPU_USAGE_3,CPU_USAGE_4,CPU_USAGE_5,CPU_USAGE_6,CPU_USAGE_7,SYSTEM_POWER (Watts),TOTAL_MEMORY,TOTAL_SWAP,USED_MEMORY,USED_SWAP
0,1772175424979,3228,3228,3228,3228,3228,3228,3228,3228,45.39386749267578,43.90961837768555,51.105125427246094,49.38740158081055,45.60120391845703,43.78630065917969,46.59385299682617,45.367122650146484,43.26835632324219,44.58477783203125,0,0,0,0,0,0,0,0,12.728717803955078,17179869184,8589934592,13437861888,7910522880
203,1772175424979,3228,3228,3228,3228,3228,3228,3228,3228,45.39386749267578,43.90961837768555,51.105125427246094,49.38740158081055,45.60120391845703,43.78630065917969,46.59385299682617,45.367122650146484,43.26835632324219,44.58477783203125,NaN,100,50,NaN,0,0,0,0,12.728717803955078,17179869184,8589934592,13437042688,7910522880
201,1772175425183,3228,3228,3228,3228,3228,3228,3228,3228,44.83289337158203,43.90961837768555,48.31425476074219,48.48704147338867,45.42108154296875,43.6179084777832,47.04293441772461,45.7709846496582,43.837501525878906,44.97844696044922,75,70,73.68421173095703,52.38095474243164,52.38095474243164,42.85714340209961,40,33.333335876464844,12.728717803955078,17179869184,8589934592,13537820672,7910522880
198,1772175425396,3228,3228,3228,3228,3228,3228,3228,3228,44.83289337158203,44.02912521362305,48.31425476074219,48.48704147338867,45.42108154296875,43.6179084777832,47.04293441772461,45.7709846496582,43.837501525878906,44.97844696044922,81.81818389892578,86.36363983154297,80.95238494873047,80.95238494873047,71.42857360839844,61.904762268066406,50,42.85714340209961,12.728717803955078,17179869184,8589934592,13533020160,7910522880
10,1772175425595,3228,3228,3228,3228,3228,3228,3228,3228,44.83289337158203,44.02912521362305,48.31425476074219,48.48704147338867,45.42108154296875,43.6179084777832,47.04293441772461,45.7709846496582,43.837501525878906,44.97844696044922,52.6315803527832,52.6315803527832,40,38.095237731933594,30.000001907348633,30.000001907348633,21.052631378173828,21.052631378173828,12.728717803955078,17179869184,8589934592,13448757248,7910522880
