Delta,Time,CPU_FREQUENCY_0,CPU_FREQUENCY_1,CPU_FREQUENCY_2,CPU_FREQUENCY_3,CPU_FREQUENCY_4,CPU_FREQUENCY_5,CPU_FREQUENCY_6,CPU_FREQUENCY_7,CPU_TEMP_0,CPU_TEMP_1,CPU_TEMP_2,CPU_TEMP_3,CPU_TEMP_4,CPU_TEMP_5,CPU_TEMP_6,CPU_TEMP_7,CPU_TEMP_8,CPU_TEMP_9,CPU_USAGE_0,CPU_USAGE_1,CPU_USAGE_2,CPU_USAGE_3,CPU_USAGE_4,CPU_USAGE_5,CPU_USAGE_6,CPU_USAGE_7,SYSTEM_POWER (Watts),TOTAL_MEMORY,TOTAL_SWAP,USED_MEMORY,USED_SWAP
0,1772163800393,3228,3228,3228,3228,3228,3228,3228,3228,45.56561279296875,44.540775299072266,52.138633728027344,51.26990509033203,46.761505126953125,44.908416748046875,47.63788986206055,46.94975662231445,44.37015914916992,46.217681884765625,50,50,0,0,0,0,0,0,13.64748477935791,17179869184,8589934592,13435453440,7210663936
202,1772163800393,3228,3228,3228,3228,3228,3228,3228,3228,45.56561279296875,44.540775299072266,52.138633728027344,51.26990509033203,46.761505126953125,44.908416748046875,47.63788986206055,46.94975662231445,44.37015914916992,46.217681884765625,100,NaN,100,0,0,0,0,0,13.64748477935791,17179869184,8589934592,13432733696,7210663936
207,1772163800595,3228,3228,3228,3228,3228,3228,3228,3228,45.56561279296875,44.540775299072266,52.138633728027344,51.26990509033203,46.761505126953125,44.908416748046875,47.63788986206055,46.94975662231445,44.37015914916992,46.217681884765625,80,80,80,71.42857360839844,60.000003814697266,50,40,35,13.64748477935791,17179869184,8589934592,13468123136,7210663936
209,1772163800803,3228,3228,3228,3228,3228,3228,3228,3228,45.56561279296875,44.540775299072266,52.138633728027344,51.26990509033203,46.761505126953125,44.908416748046875,47.63788986206055,46.94975662231445,44.37015914916992,46.217681884765625,85,66.66667175292969,80.95238494873047,80,76.19047546386719,70,61.904762268066406,57.142860412597656,11.80361557006836,17179869184,8589934592,13461782528,7210663936
10,1772163801013,3228,3228,3228,3228,3228,3228,3228,3228,45.56561279296875,44.540775299072266,52.138633728027344,51.26990509033203,46.761505126953125,44.908416748046875,47.63788986206055,46.94975662231445,44.37015914916992,46.217681884765625,36.3636360168457,33.333335876464844,33.333335876464844,28.571430206298828,23.809524536132813,23.809524536132813,15.000000953674316,23.809524536132813,11.80361557006836,17179869184,8589934592,13374586880,7210663936
