Delta,Time,CPU_FREQUENCY_0,CPU_FREQUENCY_1,CPU_FREQUENCY_2,CPU_FREQUENCY_3,CPU_FREQUENCY_4,CPU_FREQUENCY_5,CPU_FREQUENCY_6,CPU_FREQUENCY_7,CPU_TEMP_0,CPU_TEMP_1,CPU_TEMP_2,CPU_TEMP_3,CPU_TEMP_4,CPU_TEMP_5,CPU_TEMP_6,CPU_TEMP_7,CPU_TEMP_8,CPU_TEMP_9,CPU_USAGE_0,CPU_USAGE_1,CPU_USAGE_2,CPU_USAGE_3,CPU_USAGE_4,CPU_USAGE_5,CPU_USAGE_6,CPU_USAGE_7,SYSTEM_POWER (Watts),TOTAL_MEMORY,TOTAL_SWAP,USED_MEMORY,USED_SWAP
0,1772148636452,3228,3228,3228,3228,3228,3228,3228,3228,65.53741455078125,65.29116821289063,70.0125503540039,70.59441375732422,65.79145812988281,64.04358673095703,69.63478088378906,69.15672302246094,64.52754974365234,65.11529541015625,NaN,0,50,100,0,0,0,0,27.297504425048828,17179869184,6442450944,13157482496,4963762176
200,1772148636452,3228,3228,3228,3228,3228,3228,3228,3228,65.53741455078125,65.29116821289063,70.0125503540039,70.59441375732422,65.79145812988281,64.04358673095703,69.63478088378906,69.15672302246094,64.52754974365234,65.11529541015625,66.66667175292969,0,100,100,100,NaN,0,0,27.297504425048828,17179869184,6442450944,13156843520,4963762176
201,1772148636653,3228,3228,3228,3228,3228,3228,3228,3228,65.53741455078125,65.29116821289063,70.0125503540039,70.59441375732422,65.79145812988281,64.04358673095703,69.63478088378906,69.15672302246094,64.52754974365234,65.11529541015625,63.15789031982422,71.42857360839844,85,85,80.95238494873047,80,75,55,26.749372482299805,17179869184,6442450944,13165133824,4963762176
204,1772148636855,3228,3228,3228,3228,3228,3228,3228,3228,65.53741455078125,65.29116821289063,70.0125503540039,70.59441375732422,65.79145812988281,64.04358673095703,69.63478088378906,69.15672302246094,64.52754974365234,65.11529541015625,70,73.68421173095703,84.21052551269531,80,78.94737243652344,75,65,63.15789031982422,26.749372482299805,17179869184,6442450944,13158629376,4963762176
6,1772148637060,3228,3228,3228,3228,3228,3228,3228,3228,65.8772201538086,66.46398162841797,68.84867095947266,70.3336410522461,67.07015991210938,64.75342559814453,70.99955749511719,71.08468627929688,67.09625244140625,66.54821014404297,61.904762268066406,60.000003814697266,80.95238494873047,80,70,66.66667175292969,57.894737243652344,57.142860412597656,26.749372482299805,17179869184,6442450944,13083541504,4963762176
