Delta,Time,CPU_FREQUENCY_0,CPU_FREQUENCY_1,CPU_FREQUENCY_2,CPU_FREQUENCY_3,CPU_FREQUENCY_4,CPU_FREQUENCY_5,CPU_FREQUENCY_6,CPU_FREQUENCY_7,CPU_TEMP_0,CPU_TEMP_1,CPU_TEMP_2,CPU_TEMP_3,CPU_TEMP_4,CPU_TEMP_5,CPU_TEMP_6,CPU_TEMP_7,CPU_TEMP_8,CPU_TEMP_9,CPU_USAGE_0,CPU_USAGE_1,CPU_USAGE_2,CPU_USAGE_3,CPU_USAGE_4,CPU_USAGE_5,CPU_USAGE_6,CPU_USAGE_7,SYSTEM_POWER (Watts),TOTAL_MEMORY,TOTAL_SWAP,USED_MEMORY,USED_SWAP
0,1772150003313,3228,3228,3228,3228,3228,3228,3228,3228,58.48299789428711,57.41829299926758,64.33159637451172,63.357269287109375,57.866790771484375,56.805538177490234,59.24800109863281,58.54424285888672,56.58585739135742,58.24925231933594,50,0,0,0,0,0,0,0,25.242603302001953,17179869184,6442450944,12341395456,5753536512
200,1772150003314,3228,3228,3228,3228,3228,3228,3228,3228,58.48299789428711,57.41829299926758,64.33159637451172,63.357269287109375,57.866790771484375,56.805538177490234,59.24800109863281,58.54424285888672,56.58585739135742,58.24925231933594,NaN,100,100,66.66667175292969,0,0,0,0,25.242603302001953,17179869184,6442450944,12342738944,5753536512
204,1772150003515,3228,3228,3228,3228,3228,3228,3228,3228,58.48299789428711,57.41829299926758,64.33159637451172,63.357269287109375,57.866790771484375,56.805538177490234,59.24800109863281,58.54424285888672,56.58585739135742,58.24925231933594,71.42857360839844,60.000003814697266,68.42105102539063,52.6315803527832,40,35,30.000001907348633,25,25.242603302001953,17179869184,6442450944,12361383936,5753536512
200,1772150003720,3228,3228,3228,3228,3228,3228,3228,3228,58.48299789428711,57.41829299926758,64.33159637451172,63.357269287109375,57.866790771484375,56.805538177490234,59.24800109863281,58.54424285888672,56.58585739135742,58.24925231933594,90,95.23809814453125,85.71428680419922,85.71428680419922,85.71428680419922,80,70,66.66667175292969,18.8359375,17179869184,6442450944,12374048768,5753536512
9,1772150003920,3228,3228,3228,3228,3228,3228,3228,3228,58.48299789428711,57.41829299926758,64.33159637451172,63.357269287109375,57.866790771484375,56.805538177490234,59.24800109863281,58.54424285888672,56.58585739135742,58.24925231933594,85,80,60.000003814697266,57.894737243652344,45,40,40,35,18.8359375,17179869184,6442450944,12279726080,5753536512
