Delta,Time,CPU_FREQUENCY_0,CPU_FREQUENCY_1,CPU_FREQUENCY_2,CPU_FREQUENCY_3,CPU_FREQUENCY_4,CPU_FREQUENCY_5,CPU_FREQUENCY_6,CPU_FREQUENCY_7,CPU_TEMP_0,CPU_TEMP_1,CPU_TEMP_2,CPU_TEMP_3,CPU_TEMP_4,CPU_TEMP_5,CPU_TEMP_6,CPU_TEMP_7,CPU_TEMP_8,CPU_TEMP_9,CPU_USAGE_0,CPU_USAGE_1,CPU_USAGE_2,CPU_USAGE_3,CPU_USAGE_4,CPU_USAGE_5,CPU_USAGE_6,CPU_USAGE_7,SYSTEM_POWER (Watts),TOTAL_MEMORY,TOTAL_SWAP,USED_MEMORY,USED_SWAP
0,1771976708290,3228,3228,3228,3228,3228,3228,3228,3228,58.53013610839844,58.6266975402832,64.75582122802734,64.12060546875,59.97486877441406,57.44845199584961,61.30732727050781,60.80624771118164,57.27631759643555,58.62891387939453,NaN,50,50,100,0,0,0,0,21.18035125732422,17179869184,26843545600,11606540288,25109790720
100008,1771976708290,3228,3228,3228,3228,3228,3228,3228,3228,58.53013610839844,58.6266975402832,64.75582122802734,64.12060546875,59.97486877441406,57.44845199584961,61.30732727050781,60.80624771118164,57.27631759643555,58.62891387939453,100,100,100,NaN,50,50,NaN,0,21.18035125732422,17179869184,26843545600,11606540288,25109790720
9,1771976808300,3228,3228,3228,3228,3228,3228,3228,3228,54.860374450683594,56.48170471191406,55.306251525878906,55.40024948120117,56.236663818359375,55.21287536621094,57.72093200683594,56.51689529418945,55.36712646484375,56.619529724121094,60.99376678466797,60.16505432128906,42.35578918457031,28.92087745666504,18.800241470336914,19.156625747680664,8.066940307617188,4.843390464782715,9.186731338500977,17179869184,26843545600,11904778240,25109790720
