Delta,Time,CPU_FREQUENCY_0,CPU_FREQUENCY_1,CPU_FREQUENCY_2,CPU_FREQUENCY_3,CPU_FREQUENCY_4,CPU_FREQUENCY_5,CPU_FREQUENCY_6,CPU_FREQUENCY_7,CPU_TEMP_0,CPU_TEMP_1,CPU_TEMP_2,CPU_TEMP_3,CPU_TEMP_4,CPU_TEMP_5,CPU_TEMP_6,CPU_TEMP_7,CPU_TEMP_8,CPU_TEMP_9,CPU_USAGE_0,CPU_USAGE_1,CPU_USAGE_2,CPU_USAGE_3,CPU_USAGE_4,CPU_USAGE_5,CPU_USAGE_6,CPU_USAGE_7,SYSTEM_POWER (Watts),TOTAL_MEMORY,TOTAL_SWAP,USED_MEMORY,USED_SWAP
0,1771979234881,3228,3228,3228,3228,3228,3228,3228,3228,60.8364372253418,60.77888107299805,65.91268920898438,64.95948028564453,61.69751739501953,59.8009033203125,63.23554992675781,62.517921447753906,59.84548568725586,61.178863525390625,100,100,NaN,NaN,100,0,100,0,22.31822395324707,17179869184,26843545600,11673092096,25034293248
100000,1771979234881,3228,3228,3228,3228,3228,3228,3228,3228,60.8364372253418,60.77888107299805,65.91268920898438,64.95948028564453,61.69751739501953,59.8009033203125,63.23554992675781,62.517921447753906,59.84548568725586,61.178863525390625,NaN,NaN,NaN,0,0,NaN,0,NaN,22.31822395324707,17179869184,26843545600,11673108480,25034293248
8,1771979334883,3228,3228,3228,3228,3228,3228,3228,3228,57.37226104736328,58.60650634765625,57.64875030517578,57.591346740722656,58.112464904785156,57.22254943847656,59.947200775146484,58.75318908691406,57.890480041503906,59.59217071533203,95.01904296875,95.07966613769531,39.5944709777832,28.870756149291992,19.33668327331543,20.319246292114258,8.660785675048828,5.413789749145508,13.170062065124512,17179869184,23622320128,11822137344,21873491968
