Delta,Time,CPU_FREQUENCY_0,CPU_FREQUENCY_1,CPU_FREQUENCY_2,CPU_FREQUENCY_3,CPU_FREQUENCY_4,CPU_FREQUENCY_5,CPU_FREQUENCY_6,CPU_FREQUENCY_7,CPU_TEMP_0,CPU_TEMP_1,CPU_TEMP_2,CPU_TEMP_3,CPU_TEMP_4,CPU_TEMP_5,CPU_TEMP_6,CPU_TEMP_7,CPU_TEMP_8,CPU_TEMP_9,CPU_USAGE_0,CPU_USAGE_1,CPU_USAGE_2,CPU_USAGE_3,CPU_USAGE_4,CPU_USAGE_5,CPU_USAGE_6,CPU_USAGE_7,SYSTEM_POWER (Watts),TOTAL_MEMORY,TOTAL_SWAP,USED_MEMORY,USED_SWAP
0,1771980552838,3228,3228,3228,3228,3228,3228,3228,3228,60.4643440246582,61.141422271728516,66.65918731689453,65.30331420898438,61.34485626220703,59.44992446899414,62.676170349121094,62.40987777709961,59.462764739990234,60.67387390136719,NaN,NaN,100,0,0,0,0,0,20.82590103149414,17179869184,23622320128,11885215744,21865103360
100009,1771980552838,3228,3228,3228,3228,3228,3228,3228,3228,60.4643440246582,61.141422271728516,66.65918731689453,65.30331420898438,61.34485626220703,59.44992446899414,62.676170349121094,62.40987777709961,59.462764739990234,60.67387390136719,100,100,NaN,NaN,100,NaN,0,NaN,20.82590103149414,17179869184,23622320128,11885215744,21865103360
8,1771980652848,3228,3228,3228,3228,3228,3228,3228,3228,56.27687072753906,57.82417678833008,56.495513916015625,57.34214782714844,57.46015167236328,56.34314727783203,58.6361083984375,57.92564010620117,56.625465393066406,57.794273376464844,93.735595703125,93.67481994628906,39.20362854003906,28.64767074584961,18.31792640686035,19.84740447998047,7.4864702224731445,4.802881717681885,8.43585205078125,17179869184,23622320128,11869552640,21856714752
