Delta,Time,CPU_FREQUENCY_0,CPU_FREQUENCY_1,CPU_FREQUENCY_2,CPU_FREQUENCY_3,CPU_FREQUENCY_4,CPU_FREQUENCY_5,CPU_FREQUENCY_6,CPU_FREQUENCY_7,CPU_TEMP_0,CPU_TEMP_1,CPU_TEMP_2,CPU_TEMP_3,CPU_TEMP_4,CPU_TEMP_5,CPU_TEMP_6,CPU_TEMP_7,CPU_TEMP_8,CPU_TEMP_9,CPU_USAGE_0,CPU_USAGE_1,CPU_USAGE_2,CPU_USAGE_3,CPU_USAGE_4,CPU_USAGE_5,CPU_USAGE_6,CPU_USAGE_7,SYSTEM_POWER (Watts),TOTAL_MEMORY,TOTAL_SWAP,USED_MEMORY,USED_SWAP
0,1771980193519,3228,3228,3228,3228,3228,3228,3228,3228,60.58160400390625,59.99070358276367,66.6546401977539,65.5285415649414,61.39173889160156,59.21413803100586,61.733543395996094,60.987205505371094,59.1682014465332,59.99998474121094,100,100,0,NaN,0,0,0,0,18.943153381347656,17179869184,23622320128,11812618240,21865103360
100010,1771980193519,3228,3228,3228,3228,3228,3228,3228,3228,60.58160400390625,59.99070358276367,66.6546401977539,65.5285415649414,61.39173889160156,59.21413803100586,61.733543395996094,60.987205505371094,59.1682014465332,59.99998474121094,NaN,100,100,0,0,0,0,0,18.943153381347656,17179869184,23622320128,11812782080,21865103360
10,1771980293531,3228,3228,3228,3228,3228,3228,3228,3228,55.869171142578125,57.456947326660156,56.13690948486328,56.927268981933594,57.534324645996094,56.04686737060547,58.926513671875,57.05708694458008,56.813297271728516,57.61659240722656,94.52741241455078,94.56695556640625,39.068641662597656,28.289539337158203,18.685955047607422,19.965869903564453,8.097002983093262,5.273691654205322,8.261377334594727,17179869184,23622320128,11998724096,21865103360
