Delta,Time,CPU_FREQUENCY_0,CPU_FREQUENCY_1,CPU_FREQUENCY_2,CPU_FREQUENCY_3,CPU_FREQUENCY_4,CPU_FREQUENCY_5,CPU_FREQUENCY_6,CPU_FREQUENCY_7,CPU_TEMP_0,CPU_TEMP_1,CPU_TEMP_2,CPU_TEMP_3,CPU_TEMP_4,CPU_TEMP_5,CPU_TEMP_6,CPU_TEMP_7,CPU_TEMP_8,CPU_TEMP_9,CPU_USAGE_0,CPU_USAGE_1,CPU_USAGE_2,CPU_USAGE_3,CPU_USAGE_4,CPU_USAGE_5,CPU_USAGE_6,CPU_USAGE_7,SYSTEM_POWER (Watts),TOTAL_MEMORY,TOTAL_SWAP,USED_MEMORY,USED_SWAP
0,1771980073718,3228,3228,3228,3228,3228,3228,3228,3228,60.30485916137695,60.11708450317383,65.97127532958984,65.23458862304688,61.14776611328125,59.337860107421875,62.099491119384766,60.890865325927734,58.69556427001953,60.662811279296875,100,100,0,0,0,0,0,0,19.212186813354492,17179869184,23622320128,11836538880,21865103360
100006,1771980073718,3228,3228,3228,3228,3228,3228,3228,3228,60.30485916137695,60.11708450317383,65.97127532958984,65.23458862304688,61.14776611328125,59.337860107421875,62.099491119384766,60.890865325927734,58.69556427001953,60.662811279296875,100,NaN,100,0,0,NaN,0,0,19.212186813354492,17179869184,23622320128,11836571648,21865103360
9,1771980173726,3228,3228,3228,3228,3228,3228,3228,3228,56.32964324951172,58.10992431640625,56.453269958496094,57.02149963378906,57.88340759277344,56.52012634277344,58.95473861694336,57.4268913269043,57.294189453125,58.29058074951172,93.36407470703125,93.36407470703125,38.92137145996094,27.721277236938477,18.1790771484375,19.757051467895508,7.856498718261719,5.063544750213623,9.790299415588379,17179869184,23622320128,11879661568,21865103360
