Delta,Time,CPU_FREQUENCY_0,CPU_FREQUENCY_1,CPU_FREQUENCY_2,CPU_FREQUENCY_3,CPU_FREQUENCY_4,CPU_FREQUENCY_5,CPU_FREQUENCY_6,CPU_FREQUENCY_7,CPU_TEMP_0,CPU_TEMP_1,CPU_TEMP_2,CPU_TEMP_3,CPU_TEMP_4,CPU_TEMP_5,CPU_TEMP_6,CPU_TEMP_7,CPU_TEMP_8,CPU_TEMP_9,CPU_USAGE_0,CPU_USAGE_1,CPU_USAGE_2,CPU_USAGE_3,CPU_USAGE_4,CPU_USAGE_5,CPU_USAGE_6,CPU_USAGE_7,SYSTEM_POWER (Watts),TOTAL_MEMORY,TOTAL_SWAP,USED_MEMORY,USED_SWAP
0,1771981391949,3228,3228,3228,3228,3228,3228,3228,3228,60.6856689453125,60.91898727416992,65.78718566894531,65.2881851196289,61.94068908691406,59.35862731933594,63.48263931274414,63.098358154296875,59.90573501586914,60.55310821533203,50,100,100,0,0,0,0,0,19.93796730041504,17179869184,23622320128,12138496000,21848326144
100010,1771981391949,3228,3228,3228,3228,3228,3228,3228,3228,60.6856689453125,60.91898727416992,65.78718566894531,65.2881851196289,61.94068908691406,59.35862731933594,63.48263931274414,63.098358154296875,59.90573501586914,60.55310821533203,NaN,100,0,NaN,100,0,0,0,19.93796730041504,17179869184,23622320128,12138381312,21848326144
15,1771981491960,3228,3228,3228,3228,3228,3228,3228,3228,55.38393020629883,56.45072555541992,55.43424987792969,55.75273132324219,56.39777374267578,54.799400329589844,57.35513687133789,56.60358810424805,55.42399597167969,56.6702880859375,52.0028190612793,50.56428909301758,38.298728942871094,28.085363388061523,18.10509490966797,19.7269344329834,7.656844615936279,4.753327369689941,7.6610918045043945,17179869184,23622320128,12130172928,21839937536
