Delta,Time,CPU_FREQUENCY_0,CPU_FREQUENCY_1,CPU_FREQUENCY_2,CPU_FREQUENCY_3,CPU_FREQUENCY_4,CPU_FREQUENCY_5,CPU_FREQUENCY_6,CPU_FREQUENCY_7,CPU_TEMP_0,CPU_TEMP_1,CPU_TEMP_2,CPU_TEMP_3,CPU_TEMP_4,CPU_TEMP_5,CPU_TEMP_6,CPU_TEMP_7,CPU_TEMP_8,CPU_TEMP_9,CPU_USAGE_0,CPU_USAGE_1,CPU_USAGE_2,CPU_USAGE_3,CPU_USAGE_4,CPU_USAGE_5,CPU_USAGE_6,CPU_USAGE_7,SYSTEM_POWER (Watts),TOTAL_MEMORY,TOTAL_SWAP,USED_MEMORY,USED_SWAP
0,1771979115091,3228,3228,3228,3228,3228,3228,3228,3228,60.85163879394531,60.24909591674805,66.0733871459961,66.2026596069336,61.542991638183594,60.12818908691406,62.9080810546875,63.01272964477539,59.84928512573242,60.749603271484375,NaN,100,66.66667175292969,0,NaN,0,0,0,21.7879638671875,17179869184,26843545600,11835342848,25034293248
100011,1771979115091,3228,3228,3228,3228,3228,3228,3228,3228,60.85163879394531,60.24909591674805,66.0733871459961,66.2026596069336,61.542991638183594,60.12818908691406,62.9080810546875,63.01272964477539,59.84928512573242,60.749603271484375,100,100,NaN,NaN,0,NaN,0,0,21.7879638671875,17179869184,26843545600,11835359232,25034293248
8,1771979215104,3228,3228,3228,3228,3228,3228,3228,3228,56.201534271240234,57.64964294433594,56.934486389160156,56.97930145263672,57.303428649902344,56.771026611328125,58.68684768676758,57.79744338989258,57.28894805908203,58.06768798828125,94.65771484375,94.58755493164063,37.95362854003906,28.23920249938965,18.6055850982666,20.126482009887695,8.227277755737305,5.27316427230835,9.361705780029297,17179869184,26843545600,11743625216,25034293248
