Delta,Time,CPU_FREQUENCY_0,CPU_FREQUENCY_1,CPU_FREQUENCY_2,CPU_FREQUENCY_3,CPU_FREQUENCY_4,CPU_FREQUENCY_5,CPU_FREQUENCY_6,CPU_FREQUENCY_7,CPU_TEMP_0,CPU_TEMP_1,CPU_TEMP_2,CPU_TEMP_3,CPU_TEMP_4,CPU_TEMP_5,CPU_TEMP_6,CPU_TEMP_7,CPU_TEMP_8,CPU_TEMP_9,CPU_USAGE_0,CPU_USAGE_1,CPU_USAGE_2,CPU_USAGE_3,CPU_USAGE_4,CPU_USAGE_5,CPU_USAGE_6,CPU_USAGE_7,SYSTEM_POWER (Watts),TOTAL_MEMORY,TOTAL_SWAP,USED_MEMORY,USED_SWAP
0,1771975015708,3228,3228,3228,3228,3228,3228,3228,3228,66.55037689208984,66.35102081298828,71.71878051757813,71.35549926757813,67.63006591796875,65.55042266845703,69.24607849121094,68.97531127929688,65.31864166259766,66.30904388427734,100,NaN,100,0,0,NaN,0,0,24.70539665222168,17179869184,26843545600,13566705664,25197674496
100006,1771975015708,3228,3228,3228,3228,3228,3228,3228,3228,66.55037689208984,66.35102081298828,71.71878051757813,71.35549926757813,67.63006591796875,65.55042266845703,69.24607849121094,68.97531127929688,65.31864166259766,66.30904388427734,100,100,0,0,50,100,0,50,24.70539665222168,17179869184,26843545600,13570293760,25197674496
16,1771975115715,3228,3228,3228,3228,3228,3228,3228,3228,63.41496276855469,64.49205017089844,64.55262756347656,65.15425872802734,63.933372497558594,62.97116470336914,66.55360412597656,66.018798828125,63.6187629699707,64.43257904052734,99.39981842041016,99.39981842041016,53.63883972167969,40.38480758666992,30.282609939575195,29.373931884765625,18.681650161743164,13.109664916992188,23.73691177368164,17179869184,26843545600,13142327296,25189285888
