Delta,Time,CPU_FREQUENCY_0,CPU_FREQUENCY_1,CPU_FREQUENCY_2,CPU_FREQUENCY_3,CPU_FREQUENCY_4,CPU_FREQUENCY_5,CPU_FREQUENCY_6,CPU_FREQUENCY_7,CPU_TEMP_0,CPU_TEMP_1,CPU_TEMP_2,CPU_TEMP_3,CPU_TEMP_4,CPU_TEMP_5,CPU_TEMP_6,CPU_TEMP_7,CPU_TEMP_8,CPU_TEMP_9,CPU_USAGE_0,CPU_USAGE_1,CPU_USAGE_2,CPU_USAGE_3,CPU_USAGE_4,CPU_USAGE_5,CPU_USAGE_6,CPU_USAGE_7,SYSTEM_POWER (Watts),TOTAL_MEMORY,TOTAL_SWAP,USED_MEMORY,USED_SWAP
0,1771975136200,3228,3228,3228,3228,3228,3228,3228,3228,63.77587890625,63.738243103027344,69.96614074707031,69.52507019042969,64.81913757324219,63.03364562988281,66.15237426757813,66.10142517089844,62.81787109375,63.93547058105469,100,100,66.66667175292969,50,100,0,0,0,23.897031784057617,17179869184,26843545600,13638451200,25189285888
100005,1771975136200,3228,3228,3228,3228,3228,3228,3228,3228,63.77587890625,63.738243103027344,69.96614074707031,69.52507019042969,64.81913757324219,63.03364562988281,66.15237426757813,66.10142517089844,62.81787109375,63.93547058105469,100,100,NaN,50,0,100,0,0,23.897031784057617,17179869184,26843545600,13639974912,25189285888
58,1771975236206,3228,3228,3228,3228,3228,3228,3228,3228,62.29238510131836,64.09461212158203,65.46764373779297,66.3442153930664,63.46251678466797,61.96432876586914,70.0704345703125,68.48303985595703,63.188758850097656,63.69795227050781,99.08972930908203,99.09963989257813,51.216064453125,37.82994079589844,26.77189064025879,28.890005111694336,16.594806671142578,11.995594024658203,25.964353561401367,17179869184,26843545600,13836369920,25180897280
