Delta,Time,CPU_FREQUENCY_0,CPU_FREQUENCY_1,CPU_FREQUENCY_2,CPU_FREQUENCY_3,CPU_FREQUENCY_4,CPU_FREQUENCY_5,CPU_FREQUENCY_6,CPU_FREQUENCY_7,CPU_TEMP_0,CPU_TEMP_1,CPU_TEMP_2,CPU_TEMP_3,CPU_TEMP_4,CPU_TEMP_5,CPU_TEMP_6,CPU_TEMP_7,CPU_TEMP_8,CPU_TEMP_9,CPU_USAGE_0,CPU_USAGE_1,CPU_USAGE_2,CPU_USAGE_3,CPU_USAGE_4,CPU_USAGE_5,CPU_USAGE_6,CPU_USAGE_7,SYSTEM_POWER (Watts),TOTAL_MEMORY,TOTAL_SWAP,USED_MEMORY,USED_SWAP
0,1771977669878,3228,3228,3228,3228,3228,3228,3228,3228,61.57411193847656,62.103694915771484,66.83285522460938,66.26226043701172,62.587249755859375,61.344486236572266,64.8759765625,64.05835723876953,60.35506820678711,61.92742156982422,100,100,0,NaN,0,0,NaN,NaN,19.407421112060547,17179869184,26843545600,11870961664,25076236288
100001,1771977669878,3228,3228,3228,3228,3228,3228,3228,3228,61.57411193847656,62.103694915771484,66.83285522460938,66.26226043701172,62.587249755859375,61.344486236572266,64.8759765625,64.05835723876953,60.35506820678711,61.92742156982422,NaN,NaN,NaN,0,0,0,0,0,19.407421112060547,17179869184,26843545600,11870978048,25076236288
12,1771977769881,3228,3228,3228,3228,3228,3228,3228,3228,57.231693267822266,59.1842041015625,57.97290802001953,58.06382751464844,57.98907470703125,57.52534484863281,60.673797607421875,59.1170768737793,57.894779205322266,59.27354431152344,89.66519927978516,89.47473907470703,42.234771728515625,28.68216896057129,19.214149475097656,19.31532859802246,8.419364929199219,5.313719272613525,8.480440139770508,17179869184,26843545600,12053954560,25067847680
