Delta,Time,CPU_FREQUENCY_0,CPU_FREQUENCY_1,CPU_FREQUENCY_2,CPU_FREQUENCY_3,CPU_FREQUENCY_4,CPU_FREQUENCY_5,CPU_FREQUENCY_6,CPU_FREQUENCY_7,CPU_TEMP_0,CPU_TEMP_1,CPU_TEMP_2,CPU_TEMP_3,CPU_TEMP_4,CPU_TEMP_5,CPU_TEMP_6,CPU_TEMP_7,CPU_TEMP_8,CPU_TEMP_9,CPU_USAGE_0,CPU_USAGE_1,CPU_USAGE_2,CPU_USAGE_3,CPU_USAGE_4,CPU_USAGE_5,CPU_USAGE_6,CPU_USAGE_7,SYSTEM_POWER (Watts),TOTAL_MEMORY,TOTAL_SWAP,USED_MEMORY,USED_SWAP
0,1771983613583,3228,3228,3228,3228,3228,3228,3228,3228,50.113399505615234,51.303733825683594,50.201576232910156,51.51743698120117,51.09942626953125,49.95305633544922,53.2441291809082,51.90419387817383,50.37334442138672,51.695396423339844,66.66667175292969,100,50,0,50,0,0,0,6.300285816192627,17179869184,23622320128,12686540800,21814771712
100001,1771983613583,3228,3228,3228,3228,3228,3228,3228,3228,50.113399505615234,51.303733825683594,50.201576232910156,51.51743698120117,51.09942626953125,49.95305633544922,53.2441291809082,51.90419387817383,50.37334442138672,51.695396423339844,NaN,0,NaN,NaN,0,0,0,0,6.300285816192627,17179869184,23622320128,12686540800,21814771712
48,1771983713585,3228,3228,3228,3228,3228,3228,3228,3228,50.3194465637207,51.37222671508789,50.31829071044922,50.942344665527344,51.42577362060547,49.99684524536133,53.14729690551758,51.92420196533203,51.101139068603516,51.62079620361328,49.904380798339844,48.629032135009766,34.069149017333984,24.46904945373535,14.930171966552734,17.339357376098633,5.9330525398254395,3.3620171546936035,6.483674049377441,17179869184,23622320128,12583550976,21814771712
