Delta,Time,CPU_FREQUENCY_0,CPU_FREQUENCY_1,CPU_FREQUENCY_2,CPU_FREQUENCY_3,CPU_FREQUENCY_4,CPU_FREQUENCY_5,CPU_FREQUENCY_6,CPU_FREQUENCY_7,CPU_TEMP_0,CPU_TEMP_1,CPU_TEMP_2,CPU_TEMP_3,CPU_TEMP_4,CPU_TEMP_5,CPU_TEMP_6,CPU_TEMP_7,CPU_TEMP_8,CPU_TEMP_9,CPU_USAGE_0,CPU_USAGE_1,CPU_USAGE_2,CPU_USAGE_3,CPU_USAGE_4,CPU_USAGE_5,CPU_USAGE_6,CPU_USAGE_7,SYSTEM_POWER (Watts),TOTAL_MEMORY,TOTAL_SWAP,USED_MEMORY,USED_SWAP
0,1771983960217,3228,3228,3228,3228,3228,3228,3228,3228,50.28794479370117,52.31471633911133,51.17595672607422,51.74471664428711,51.2191162109375,50.007144927978516,54.2161979675293,52.460731506347656,51.02027130126953,51.805870056152344,0,0,0,0,0,0,0,0,7.966901779174805,17179869184,23622320128,12793692160,21814771712
100011,1771983960217,3228,3228,3228,3228,3228,3228,3228,3228,50.28794479370117,52.31471633911133,51.17595672607422,51.74471664428711,51.2191162109375,50.007144927978516,54.2161979675293,52.460731506347656,51.02027130126953,51.805870056152344,100,100,100,100,0,0,0,0,7.966901779174805,17179869184,23622320128,12793856000,21814771712
12,1771984060230,3228,3228,3228,3228,3228,3228,3228,3228,50.12093734741211,51.966861724853516,50.31299591064453,51.3628044128418,51.012168884277344,50.53311538696289,53.22519302368164,51.82185363769531,51.138309478759766,51.95771789550781,49.431419372558594,48.03911590576172,34.71074295043945,24.26774024963379,14.848301887512207,17.727365493774414,6.052104473114014,3.711855888366699,7.155013084411621,17179869184,23622320128,12577767424,21814771712
