Delta,Time,CPU_FREQUENCY_0,CPU_FREQUENCY_1,CPU_FREQUENCY_2,CPU_FREQUENCY_3,CPU_FREQUENCY_4,CPU_FREQUENCY_5,CPU_FREQUENCY_6,CPU_FREQUENCY_7,CPU_TEMP_0,CPU_TEMP_1,CPU_TEMP_2,CPU_TEMP_3,CPU_TEMP_4,CPU_TEMP_5,CPU_TEMP_6,CPU_TEMP_7,CPU_TEMP_8,CPU_TEMP_9,CPU_USAGE_0,CPU_USAGE_1,CPU_USAGE_2,CPU_USAGE_3,CPU_USAGE_4,CPU_USAGE_5,CPU_USAGE_6,CPU_USAGE_7,SYSTEM_POWER (Watts),TOTAL_MEMORY,TOTAL_SWAP,USED_MEMORY,USED_SWAP
0,1771982342509,3228,3228,3228,3228,3228,3228,3228,3228,51.622352600097656,53.27326583862305,51.69081115722656,52.98565673828125,52.676185607910156,51.38346862792969,54.26908493041992,52.14863967895508,51.92718505859375,53.42893981933594,100,100,0,33.333335876464844,50,0,0,0,7.49498987197876,17179869184,23622320128,11772592128,21831548928
100010,1771982342509,3228,3228,3228,3228,3228,3228,3228,3228,51.622352600097656,53.27326583862305,51.69081115722656,52.98565673828125,52.676185607910156,51.38346862792969,54.26908493041992,52.14863967895508,51.92718505859375,53.42893981933594,0,50,66.66667175292969,100,0,NaN,0,0,7.49498987197876,17179869184,23622320128,11772592128,21831548928
10,1771982442522,3228,3228,3228,3228,3228,3228,3228,3228,51.880062103271484,53.24250793457031,53.19092559814453,55.51572036743164,53.066993713378906,51.58968734741211,54.97229766845703,53.267093658447266,52.02523422241211,53.52698516845703,49.40122604370117,48.240394592285156,34.67392349243164,24.80370330810547,15.370705604553223,18.249347686767578,6.302605628967285,3.5817909240722656,8.91146183013916,17179869184,23622320128,11782127616,21831548928
