Delta,Time,CPU_FREQUENCY_0,CPU_FREQUENCY_1,CPU_FREQUENCY_2,CPU_FREQUENCY_3,CPU_FREQUENCY_4,CPU_FREQUENCY_5,CPU_FREQUENCY_6,CPU_FREQUENCY_7,CPU_TEMP_0,CPU_TEMP_1,CPU_TEMP_2,CPU_TEMP_3,CPU_TEMP_4,CPU_TEMP_5,CPU_TEMP_6,CPU_TEMP_7,CPU_TEMP_8,CPU_TEMP_9,CPU_USAGE_0,CPU_USAGE_1,CPU_USAGE_2,CPU_USAGE_3,CPU_USAGE_4,CPU_USAGE_5,CPU_USAGE_6,CPU_USAGE_7,SYSTEM_POWER (Watts),TOTAL_MEMORY,TOTAL_SWAP,USED_MEMORY,USED_SWAP
0,1771975987111,3228,3228,3228,3228,3228,3228,3228,3228,69.55193328857422,69.89196014404297,74.4618148803711,74.19004821777344,70.78977966308594,68.61615753173828,74.36006164550781,73.44816589355469,69.10090637207031,70.06794738769531,NaN,0,NaN,0,50,0,0,0,28.334558486938477,17179869184,26843545600,13465190400,25411780608
100001,1771975987111,3228,3228,3228,3228,3228,3228,3228,3228,69.55193328857422,69.89196014404297,74.4618148803711,74.19004821777344,70.78977966308594,68.61615753173828,74.36006164550781,73.44816589355469,69.10090637207031,70.06794738769531,100,100,NaN,NaN,50,100,0,0,28.334558486938477,17179869184,26843545600,13460471808,25411780608
10,1771976087113,3228,3228,3228,3228,3228,3228,3228,3228,61.601593017578125,63.07998275756836,61.79009246826172,62.59894943237305,62.761878967285156,61.97909927368164,64.75875854492188,62.69937515258789,61.8748779296875,63.35478210449219,61.27827072143555,60.533226013183594,55.790008544921875,45.15576171875,34.967288970947266,35.56918716430664,23.775100708007813,17.318099975585938,13.329384803771973,17179869184,26843545600,12467273728,25302728704
