Delta,Time,CPU_FREQUENCY_0,CPU_FREQUENCY_1,CPU_FREQUENCY_2,CPU_FREQUENCY_3,CPU_FREQUENCY_4,CPU_FREQUENCY_5,CPU_FREQUENCY_6,CPU_FREQUENCY_7,CPU_TEMP_0,CPU_TEMP_1,CPU_TEMP_2,CPU_TEMP_3,CPU_TEMP_4,CPU_TEMP_5,CPU_TEMP_6,CPU_TEMP_7,CPU_TEMP_8,CPU_TEMP_9,CPU_USAGE_0,CPU_USAGE_1,CPU_USAGE_2,CPU_USAGE_3,CPU_USAGE_4,CPU_USAGE_5,CPU_USAGE_6,CPU_USAGE_7,SYSTEM_POWER (Watts),TOTAL_MEMORY,TOTAL_SWAP,USED_MEMORY,USED_SWAP
0,1771977068946,3228,3228,3228,3228,3228,3228,3228,3228,59.80633544921875,59.774330139160156,65.24175262451172,64.71917724609375,61.63109588623047,59.350704193115234,61.75812530517578,61.39101791381836,57.93801498413086,60.25499725341797,100,NaN,0,0,0,0,0,0,19.10892105102539,17179869184,26843545600,11662475264,25109790720
100005,1771977068946,3228,3228,3228,3228,3228,3228,3228,3228,59.80633544921875,59.774330139160156,65.24175262451172,64.71917724609375,61.63109588623047,59.350704193115234,61.75812530517578,61.39101791381836,57.93801498413086,60.25499725341797,NaN,100,50,0,0,0,0,0,19.10892105102539,17179869184,26843545600,11662491648,25109790720
13,1771977168952,3228,3228,3228,3228,3228,3228,3228,3228,55.76808166503906,57.135406494140625,56.073219299316406,57.000648498535156,56.62947082519531,55.76852035522461,58.376949310302734,56.98895263671875,56.180564880371094,57.63099670410156,53.74395751953125,52.988006591796875,41.90620040893555,28.413209915161133,19.017480850219727,19.156625747680664,8.157947540283203,5.433803558349609,7.101885795593262,17179869184,26843545600,11822153728,25109790720
