Delta,Time,CPU_FREQUENCY_0,CPU_FREQUENCY_1,CPU_FREQUENCY_2,CPU_FREQUENCY_3,CPU_FREQUENCY_4,CPU_FREQUENCY_5,CPU_FREQUENCY_6,CPU_FREQUENCY_7,CPU_TEMP_0,CPU_TEMP_1,CPU_TEMP_2,CPU_TEMP_3,CPU_TEMP_4,CPU_TEMP_5,CPU_TEMP_6,CPU_TEMP_7,CPU_TEMP_8,CPU_TEMP_9,CPU_USAGE_0,CPU_USAGE_1,CPU_USAGE_2,CPU_USAGE_3,CPU_USAGE_4,CPU_USAGE_5,CPU_USAGE_6,CPU_USAGE_7,SYSTEM_POWER (Watts),TOTAL_MEMORY,TOTAL_SWAP,USED_MEMORY,USED_SWAP
0,1771984537918,3228,3228,3228,3228,3228,3228,3228,3228,50.16732406616211,51.17391586303711,50.855064392089844,51.76615905761719,51.74883270263672,49.88142395019531,53.60011672973633,51.932281494140625,50.5889892578125,52.23303985595703,0,0,66.66667175292969,0,0,0,0,0,6.613739013671875,17179869184,23622320128,12632145920,21814771712
100012,1771984537918,3228,3228,3228,3228,3228,3228,3228,3228,50.16732406616211,51.17391586303711,50.855064392089844,51.76615905761719,51.74883270263672,49.88142395019531,53.60011672973633,51.932281494140625,50.5889892578125,52.23303985595703,100,100,NaN,NaN,0,0,0,0,6.613739013671875,17179869184,23622320128,12632145920,21814771712
11,1771984637931,3228,3228,3228,3228,3228,3228,3228,3228,51.369140625,52.6307373046875,53.35536193847656,53.123046875,52.258872985839844,51.48518753051758,54.6319465637207,52.396549224853516,52.296817779541016,53.284950256347656,78.99809265136719,78.55995178222656,34.04598617553711,23.761579513549805,14.86839485168457,17.697248458862305,6.031459808349609,3.361680746078491,9.794475555419922,17179869184,23622320128,12810092544,21814771712
