Delta,Time,CPU_FREQUENCY_0,CPU_FREQUENCY_1,CPU_FREQUENCY_2,CPU_FREQUENCY_3,CPU_FREQUENCY_4,CPU_FREQUENCY_5,CPU_FREQUENCY_6,CPU_FREQUENCY_7,CPU_TEMP_0,CPU_TEMP_1,CPU_TEMP_2,CPU_TEMP_3,CPU_TEMP_4,CPU_TEMP_5,CPU_TEMP_6,CPU_TEMP_7,CPU_TEMP_8,CPU_TEMP_9,CPU_USAGE_0,CPU_USAGE_1,CPU_USAGE_2,CPU_USAGE_3,CPU_USAGE_4,CPU_USAGE_5,CPU_USAGE_6,CPU_USAGE_7,SYSTEM_POWER (Watts),TOTAL_MEMORY,TOTAL_SWAP,USED_MEMORY,USED_SWAP
0,1771976588079,3228,3228,3228,3228,3228,3228,3228,3228,56.48686981201172,56.3768310546875,61.954872131347656,61.453922271728516,57.9356689453125,55.85634994506836,59.91938400268555,58.94873809814453,55.08383560180664,57.15142822265625,0,50,100,0,50,0,0,0,18.983455657958984,17179869184,26843545600,11613863936,25109790720
100010,1771976588079,3228,3228,3228,3228,3228,3228,3228,3228,56.48686981201172,56.3768310546875,61.954872131347656,61.453922271728516,57.9356689453125,55.85634994506836,59.91938400268555,58.94873809814453,55.08383560180664,57.15142822265625,100,100,100,NaN,0,0,0,0,18.983455657958984,17179869184,26843545600,11613880320,25109790720
10,1771976688091,3228,3228,3228,3228,3228,3228,3228,3228,53.514400482177734,54.652530670166016,53.90834045410156,54.11020278930664,54.637451171875,54.538063049316406,56.71737289428711,55.26259231567383,54.32011032104492,55.432518005371094,53.06019592285156,52.06611633300781,41.609519958496094,28.548419952392578,18.485031127929688,19.202972412109375,7.796372413635254,4.833383560180664,9.143219947814941,17179869184,26843545600,11752800256,25109790720
