Delta,Time,CPU_FREQUENCY_0,CPU_FREQUENCY_1,CPU_FREQUENCY_2,CPU_FREQUENCY_3,CPU_FREQUENCY_4,CPU_FREQUENCY_5,CPU_FREQUENCY_6,CPU_FREQUENCY_7,CPU_TEMP_0,CPU_TEMP_1,CPU_TEMP_2,CPU_TEMP_3,CPU_TEMP_4,CPU_TEMP_5,CPU_TEMP_6,CPU_TEMP_7,CPU_TEMP_8,CPU_TEMP_9,CPU_USAGE_0,CPU_USAGE_1,CPU_USAGE_2,CPU_USAGE_3,CPU_USAGE_4,CPU_USAGE_5,CPU_USAGE_6,CPU_USAGE_7,SYSTEM_POWER (Watts),TOTAL_MEMORY,TOTAL_SWAP,USED_MEMORY,USED_SWAP
0,1771981871054,3228,3228,3228,3228,3228,3228,3228,3228,59.193023681640625,59.027076721191406,64.0494384765625,63.73154830932617,59.95203399658203,57.16534423828125,61.725982666015625,60.950374603271484,58.41279602050781,58.81147766113281,NaN,100,0,50,33.333335876464844,0,0,0,19.9586181640625,17179869184,23622320128,11809128448,21839937536
100009,1771981871054,3228,3228,3228,3228,3228,3228,3228,3228,59.193023681640625,59.027076721191406,64.0494384765625,63.73154830932617,59.95203399658203,57.16534423828125,61.725982666015625,60.950374603271484,58.41279602050781,58.81147766113281,66.66667175292969,0,50,0,0,0,NaN,0,19.9586181640625,17179869184,23622320128,11809325056,21839937536
18,1771981971065,3228,3228,3228,3228,3228,3228,3228,3228,54.03888702392578,55.16257858276367,53.85645294189453,54.342872619628906,54.47802734375,53.51993179321289,56.33342361450195,54.86409378051758,54.21624755859375,54.99146270751953,53.93360137939453,52.85166931152344,38.232032775878906,27.60773277282715,17.5524959564209,19.31532859802246,7.424849987030029,4.652791976928711,8.64125919342041,17179869184,23622320128,12084936704,21831548928
