Delta,Time,CPU_FREQUENCY_0,CPU_FREQUENCY_1,CPU_FREQUENCY_2,CPU_FREQUENCY_3,CPU_FREQUENCY_4,CPU_FREQUENCY_5,CPU_FREQUENCY_6,CPU_FREQUENCY_7,CPU_TEMP_0,CPU_TEMP_1,CPU_TEMP_2,CPU_TEMP_3,CPU_TEMP_4,CPU_TEMP_5,CPU_TEMP_6,CPU_TEMP_7,CPU_TEMP_8,CPU_TEMP_9,CPU_USAGE_0,CPU_USAGE_1,CPU_USAGE_2,CPU_USAGE_3,CPU_USAGE_4,CPU_USAGE_5,CPU_USAGE_6,CPU_USAGE_7,SYSTEM_POWER (Watts),TOTAL_MEMORY,TOTAL_SWAP,USED_MEMORY,USED_SWAP
0,1771979474650,3228,3228,3228,3228,3228,3228,3228,3228,61.012596130371094,61.21146011352539,67.05467224121094,65.54660034179688,61.672264099121094,60.107730865478516,63.613765716552734,62.935585021972656,60.6361083984375,61.217613220214844,100,100,50,50,0,50,0,0,18.78743553161621,17179869184,23622320128,11914182656,21865103360
100005,1771979474650,3228,3228,3228,3228,3228,3228,3228,3228,61.012596130371094,61.21146011352539,67.05467224121094,65.54660034179688,61.672264099121094,60.107730865478516,63.613765716552734,62.935585021972656,60.6361083984375,61.217613220214844,100,NaN,100,NaN,100,100,0,0,18.78743553161621,17179869184,23622320128,11914182656,21865103360
12,1771979574657,3228,3228,3228,3228,3228,3228,3228,3228,56.3924446105957,57.57155227661133,56.635581970214844,56.709938049316406,56.99774932861328,56.14806365966797,58.437374114990234,57.45957946777344,57.03042221069336,58.16810607910156,94.5675048828125,94.62763977050781,38.40105056762695,27.89971923828125,18.338022232055664,19.58835220336914,7.906603813171387,4.843874931335449,7.3307929039001465,17179869184,23622320128,12047122432,21865103360
