Delta,Time,CPU_FREQUENCY_0,CPU_FREQUENCY_1,CPU_FREQUENCY_2,CPU_FREQUENCY_3,CPU_FREQUENCY_4,CPU_FREQUENCY_5,CPU_FREQUENCY_6,CPU_FREQUENCY_7,CPU_TEMP_0,CPU_TEMP_1,CPU_TEMP_2,CPU_TEMP_3,CPU_TEMP_4,CPU_TEMP_5,CPU_TEMP_6,CPU_TEMP_7,CPU_TEMP_8,CPU_TEMP_9,CPU_USAGE_0,CPU_USAGE_1,CPU_USAGE_2,CPU_USAGE_3,CPU_USAGE_4,CPU_USAGE_5,CPU_USAGE_6,CPU_USAGE_7,SYSTEM_POWER (Watts),TOTAL_MEMORY,TOTAL_SWAP,USED_MEMORY,USED_SWAP
0,1771982920313,3228,3228,3228,3228,3228,3228,3228,3228,51.21339797973633,52.59428024291992,51.91401672363281,52.578250885009766,52.027435302734375,50.90003204345703,54.356468200683594,52.97929763793945,51.729248046875,52.73173522949219,50,0,0,0,0,0,0,0,6.430706024169922,17179869184,23622320128,12116541440,21823160320
100009,1771982920313,3228,3228,3228,3228,3228,3228,3228,3228,51.21339797973633,52.59428024291992,51.91401672363281,52.578250885009766,52.027435302734375,50.90003204345703,54.356468200683594,52.97929763793945,51.729248046875,52.73173522949219,50,100,NaN,NaN,0,0,0,0,6.430706024169922,17179869184,23622320128,12116393984,21823160320
12,1771983020324,3228,3228,3228,3228,3228,3228,3228,3228,50.13182830810547,52.343780517578125,51.60539245605469,51.80010986328125,52.24384307861328,50.728580474853516,54.162452697753906,52.71500778198242,51.201141357421875,52.15668487548828,50.88566589355469,49.44556427001953,35.752445220947266,24.753372192382813,15.543052673339844,18.353412628173828,7.054815292358398,3.6518261432647705,8.417329788208008,17179869184,23622320128,12443779072,21814771712
