Delta,Time,CPU_FREQUENCY_0,CPU_FREQUENCY_1,CPU_FREQUENCY_2,CPU_FREQUENCY_3,CPU_FREQUENCY_4,CPU_FREQUENCY_5,CPU_FREQUENCY_6,CPU_FREQUENCY_7,CPU_TEMP_0,CPU_TEMP_1,CPU_TEMP_2,CPU_TEMP_3,CPU_TEMP_4,CPU_TEMP_5,CPU_TEMP_6,CPU_TEMP_7,CPU_TEMP_8,CPU_TEMP_9,CPU_USAGE_0,CPU_USAGE_1,CPU_USAGE_2,CPU_USAGE_3,CPU_USAGE_4,CPU_USAGE_5,CPU_USAGE_6,CPU_USAGE_7,SYSTEM_POWER (Watts),TOTAL_MEMORY,TOTAL_SWAP,USED_MEMORY,USED_SWAP
0,1771985462378,3228,3228,3228,3228,3228,3228,3228,3228,52.09996795654297,53.568763732910156,52.173912048339844,52.56047439575195,52.190887451171875,51.97002410888672,54.78133010864258,53.412864685058594,52.543704986572266,53.532257080078125,100,100,0,0,50,0,33.333335876464844,0,6.858912467956543,17179869184,22548578304,12899368960,21785542656
100010,1771985462378,3228,3228,3228,3228,3228,3228,3228,3228,52.09996795654297,53.568763732910156,52.173912048339844,52.56047439575195,52.190887451171875,51.97002410888672,54.78133010864258,53.412864685058594,52.543704986572266,53.532257080078125,NaN,NaN,NaN,0,0,0,0,0,6.858912467956543,17179869184,22548578304,12901515264,21785542656
10,1771985562390,3228,3228,3228,3228,3228,3228,3228,3228,51.15177917480469,52.76637649536133,51.38059997558594,52.262046813964844,52.39067840576172,51.77919006347656,54.63594055175781,53.1110954284668,52.860233306884766,53.935760498046875,86.92732238769531,86.79566955566406,33.44420623779297,23.38669204711914,14.327338218688965,17.22545623779297,5.911823749542236,3.3516757488250732,8.22205924987793,17179869184,22548578304,12570804224,21785542656
