Delta,Time,CPU_FREQUENCY_0,CPU_FREQUENCY_1,CPU_FREQUENCY_2,CPU_FREQUENCY_3,CPU_FREQUENCY_4,CPU_FREQUENCY_5,CPU_FREQUENCY_6,CPU_FREQUENCY_7,CPU_TEMP_0,CPU_TEMP_1,CPU_TEMP_2,CPU_TEMP_3,CPU_TEMP_4,CPU_TEMP_5,CPU_TEMP_6,CPU_TEMP_7,CPU_TEMP_8,CPU_TEMP_9,CPU_USAGE_0,CPU_USAGE_1,CPU_USAGE_2,CPU_USAGE_3,CPU_USAGE_4,CPU_USAGE_5,CPU_USAGE_6,CPU_USAGE_7,SYSTEM_POWER (Watts),TOTAL_MEMORY,TOTAL_SWAP,USED_MEMORY,USED_SWAP
0,1771977429466,3228,3228,3228,3228,3228,3228,3228,3228,60.69358444213867,61.201438903808594,67.24687957763672,66.33965301513672,62.425010681152344,60.40922164916992,63.201297760009766,63.12981414794922,59.97737503051758,60.85980987548828,100,100,66.66667175292969,NaN,0,0,0,0,19.961498260498047,17179869184,26843545600,11733237760,25093013504
100010,1771977429466,3228,3228,3228,3228,3228,3228,3228,3228,60.69358444213867,61.201438903808594,67.24687957763672,66.33965301513672,62.425010681152344,60.40922164916992,63.201297760009766,63.12981414794922,59.97737503051758,60.85980987548828,100,NaN,0,50,0,0,0,0,19.961498260498047,17179869184,26843545600,11733696512,25093013504
11,1771977529478,3228,3228,3228,3228,3228,3228,3228,3228,56.58222961425781,58.603721618652344,57.32703399658203,57.751808166503906,58.084510803222656,57.72845458984375,59.752723693847656,58.29243087768555,57.682518005371094,59.25800323486328,95.16032409667969,95.07161712646484,42.1095085144043,28.64908218383789,18.98925018310547,18.893686294555664,8.066940307617188,5.193115711212158,8.940511703491211,17179869184,26843545600,11949293568,25093013504
