Delta,Time,CPU_FREQUENCY_0,CPU_FREQUENCY_1,CPU_FREQUENCY_2,CPU_FREQUENCY_3,CPU_FREQUENCY_4,CPU_FREQUENCY_5,CPU_FREQUENCY_6,CPU_FREQUENCY_7,CPU_TEMP_0,CPU_TEMP_1,CPU_TEMP_2,CPU_TEMP_3,CPU_TEMP_4,CPU_TEMP_5,CPU_TEMP_6,CPU_TEMP_7,CPU_TEMP_8,CPU_TEMP_9,CPU_USAGE_0,CPU_USAGE_1,CPU_USAGE_2,CPU_USAGE_3,CPU_USAGE_4,CPU_USAGE_5,CPU_USAGE_6,CPU_USAGE_7,SYSTEM_POWER (Watts),TOTAL_MEMORY,TOTAL_SWAP,USED_MEMORY,USED_SWAP
0,1771981272056,3228,3228,3228,3228,3228,3228,3228,3228,64.20027923583984,64.23048400878906,69.70549011230469,69.25170135498047,65.36697387695313,62.61773681640625,66.90546417236328,66.3463134765625,62.71986770629883,63.855506896972656,100,NaN,100,NaN,0,100,0,0,22.74862289428711,17179869184,23622320128,12465356800,21848326144
100003,1771981272056,3228,3228,3228,3228,3228,3228,3228,3228,64.20027923583984,64.23048400878906,69.70549011230469,69.25170135498047,65.36697387695313,62.61773681640625,66.90546417236328,66.3463134765625,62.71986770629883,63.855506896972656,100,100,NaN,0,0,100,66.66667175292969,NaN,22.74862289428711,17179869184,23622320128,12465356800,21848326144
10,1771981372061,3228,3228,3228,3228,3228,3228,3228,3228,57.02978515625,57.71615982055664,56.19517517089844,57.00951385498047,56.967491149902344,56.40155792236328,59.37206268310547,57.90556716918945,56.847293853759766,57.95197296142578,59.25814437866211,58.44155502319336,40.95535659790039,31.52119255065918,20.556617736816406,22.447546005249023,10.383883476257324,6.7253804206848145,7.579805374145508,17179869184,23622320128,12098977792,21848326144
