Delta,Time,CPU_FREQUENCY_0,CPU_FREQUENCY_1,CPU_FREQUENCY_2,CPU_FREQUENCY_3,CPU_FREQUENCY_4,CPU_FREQUENCY_5,CPU_FREQUENCY_6,CPU_FREQUENCY_7,CPU_TEMP_0,CPU_TEMP_1,CPU_TEMP_2,CPU_TEMP_3,CPU_TEMP_4,CPU_TEMP_5,CPU_TEMP_6,CPU_TEMP_7,CPU_TEMP_8,CPU_TEMP_9,CPU_USAGE_0,CPU_USAGE_1,CPU_USAGE_2,CPU_USAGE_3,CPU_USAGE_4,CPU_USAGE_5,CPU_USAGE_6,CPU_USAGE_7,SYSTEM_POWER (Watts),TOTAL_MEMORY,TOTAL_SWAP,USED_MEMORY,USED_SWAP
0,1771984653470,3228,3228,3228,3228,3228,3228,3228,3228,51.40540313720703,52.55523681640625,51.276763916015625,51.70132064819336,51.975563049316406,51.26821517944336,54.234127044677734,52.348533630371094,51.99370193481445,53.347373962402344,100,100,0,33.333335876464844,0,0,0,0,9.195939064025879,17179869184,23622320128,12859080704,21814771712
100003,1771984653470,3228,3228,3228,3228,3228,3228,3228,3228,51.40540313720703,52.55523681640625,51.276763916015625,51.70132064819336,51.975563049316406,51.26821517944336,54.234127044677734,52.348533630371094,51.99370193481445,53.347373962402344,100,NaN,0,100,0,50,0,0,9.195939064025879,17179869184,23622320128,12859129856,21814771712
15,1771984753475,3228,3228,3228,3228,3228,3228,3228,3228,51.75699996948242,52.99187469482422,51.576812744140625,52.690731048583984,52.60192108154297,52.21134567260742,54.814456939697266,52.82585144042969,52.837860107421875,53.848548889160156,94.22672271728516,94.25679016113281,33.333335876464844,23.41925048828125,13.824976921081543,17.16867446899414,5.510469913482666,2.9914958477020264,9.193042755126953,17179869184,23622320128,12731432960,21814771712
