Delta,Time,CPU_FREQUENCY_0,CPU_FREQUENCY_1,CPU_FREQUENCY_2,CPU_FREQUENCY_3,CPU_FREQUENCY_4,CPU_FREQUENCY_5,CPU_FREQUENCY_6,CPU_FREQUENCY_7,CPU_TEMP_0,CPU_TEMP_1,CPU_TEMP_2,CPU_TEMP_3,CPU_TEMP_4,CPU_TEMP_5,CPU_TEMP_6,CPU_TEMP_7,CPU_TEMP_8,CPU_TEMP_9,CPU_USAGE_0,CPU_USAGE_1,CPU_USAGE_2,CPU_USAGE_3,CPU_USAGE_4,CPU_USAGE_5,CPU_USAGE_6,CPU_USAGE_7,SYSTEM_POWER (Watts),TOTAL_MEMORY,TOTAL_SWAP,USED_MEMORY,USED_SWAP
0,1771978516182,3228,3228,3228,3228,3228,3228,3228,3228,61.748291015625,61.820430755615234,67.66261291503906,67.97250366210938,63.09468078613281,61.32285690307617,65.47603607177734,64.47579956054688,61.420597076416016,62.48188781738281,100,100,NaN,50,66.66667175292969,0,0,0,22.506181716918945,17179869184,26843545600,11846680576,25042681856
100001,1771978516182,3228,3228,3228,3228,3228,3228,3228,3228,61.748291015625,61.820430755615234,67.66261291503906,67.97250366210938,63.09468078613281,61.32285690307617,65.47603607177734,64.47579956054688,61.420597076416016,62.48188781738281,NaN,NaN,0,0,NaN,100,0,0,22.506181716918945,17179869184,26843545600,11846713344,25042681856
12,1771978616185,3228,3228,3228,3228,3228,3228,3228,3228,56.9319953918457,58.77715301513672,57.16656494140625,57.96528625488281,57.652740478515625,57.17552947998047,59.633087158203125,58.93202209472656,57.88235855102539,59.07939147949219,94.85868835449219,94.93937683105469,38.66317367553711,28.37293815612793,18.50884246826172,19.889558792114258,7.89658260345459,5.034027099609375,8.585325241088867,17179869184,26843545600,11770363904,25042681856
