Delta,Time,CPU_FREQUENCY_0,CPU_FREQUENCY_1,CPU_FREQUENCY_2,CPU_FREQUENCY_3,CPU_FREQUENCY_4,CPU_FREQUENCY_5,CPU_FREQUENCY_6,CPU_FREQUENCY_7,CPU_TEMP_0,CPU_TEMP_1,CPU_TEMP_2,CPU_TEMP_3,CPU_TEMP_4,CPU_TEMP_5,CPU_TEMP_6,CPU_TEMP_7,CPU_TEMP_8,CPU_TEMP_9,CPU_USAGE_0,CPU_USAGE_1,CPU_USAGE_2,CPU_USAGE_3,CPU_USAGE_4,CPU_USAGE_5,CPU_USAGE_6,CPU_USAGE_7,SYSTEM_POWER (Watts),TOTAL_MEMORY,TOTAL_SWAP,USED_MEMORY,USED_SWAP
0,1771975501954,3228,3228,3228,3228,3228,3228,3228,3228,69.88651275634766,70.7712631225586,73.90486145019531,74.85843658447266,71.16664123535156,68.93065643310547,74.5677490234375,74.00431823730469,70.43424987792969,70.17073059082031,100,100,100,100,100,100,NaN,50,35.282405853271484,17179869184,26843545600,13245448192,25227952128
100005,1771975501954,3228,3228,3228,3228,3228,3228,3228,3228,69.88651275634766,70.7712631225586,73.90486145019531,74.85843658447266,71.16664123535156,68.93065643310547,74.5677490234375,74.00431823730469,70.43424987792969,70.17073059082031,100,100,75,66.66667175292969,50,66.66667175292969,66.66667175292969,100,35.282405853271484,17179869184,26843545600,13245448192,25227952128
11,1771975601965,3228,3228,3228,3228,3228,3228,3228,3228,68.57034301757813,71.066650390625,71.59939575195313,72.1834487915039,69.84056091308594,68.16436004638672,74.67857360839844,73.57537841796875,69.54156494140625,69.83476257324219,100,100,72.4207763671875,64.21861267089844,54.76262664794922,58.16901397705078,49.2112922668457,41.33641052246094,17.10153579711914,17179869184,26843545600,13277675520,25568935936
