Delta,Time,CPU_FREQUENCY_0,CPU_FREQUENCY_1,CPU_FREQUENCY_2,CPU_FREQUENCY_3,CPU_FREQUENCY_4,CPU_FREQUENCY_5,CPU_FREQUENCY_6,CPU_FREQUENCY_7,CPU_TEMP_0,CPU_TEMP_1,CPU_TEMP_2,CPU_TEMP_3,CPU_TEMP_4,CPU_TEMP_5,CPU_TEMP_6,CPU_TEMP_7,CPU_TEMP_8,CPU_TEMP_9,CPU_USAGE_0,CPU_USAGE_1,CPU_USAGE_2,CPU_USAGE_3,CPU_USAGE_4,CPU_USAGE_5,CPU_USAGE_6,CPU_USAGE_7,SYSTEM_POWER (Watts),TOTAL_MEMORY,TOTAL_SWAP,USED_MEMORY,USED_SWAP
0,1771977309307,3228,3228,3228,3228,3228,3228,3228,3228,60.085838317871094,60.18622589111328,66.33277893066406,65.94989013671875,61.64226531982422,59.57265853881836,63.16581344604492,62.686798095703125,59.439781188964844,60.71648406982422,NaN,100,50,0,50,0,0,0,21.625125885009766,17179869184,26843545600,11616649216,25109790720
100004,1771977309307,3228,3228,3228,3228,3228,3228,3228,3228,60.085838317871094,60.18622589111328,66.33277893066406,65.94989013671875,61.64226531982422,59.57265853881836,63.16581344604492,62.686798095703125,59.439781188964844,60.71648406982422,100,100,0,0,0,0,0,0,19.40041732788086,17179869184,26843545600,11616829440,25109790720
14,1771977409313,3228,3228,3228,3228,3228,3228,3228,3228,56.31497573852539,57.93959426879883,57.250999450683594,57.66200256347656,57.77223205566406,57.18584442138672,59.19856262207031,58.27467346191406,57.42121887207031,58.652549743652344,93.82765197753906,93.82765197753906,41.48260498046875,28.94683837890625,18.438505172729492,18.933841705322266,7.636801242828369,4.833383560180664,9.20805835723877,17179869184,26843545600,11847942144,25093013504
