Delta,Time,CPU_FREQUENCY_0,CPU_FREQUENCY_1,CPU_FREQUENCY_2,CPU_FREQUENCY_3,CPU_FREQUENCY_4,CPU_FREQUENCY_5,CPU_FREQUENCY_6,CPU_FREQUENCY_7,CPU_TEMP_0,CPU_TEMP_1,CPU_TEMP_2,CPU_TEMP_3,CPU_TEMP_4,CPU_TEMP_5,CPU_TEMP_6,CPU_TEMP_7,CPU_TEMP_8,CPU_TEMP_9,CPU_USAGE_0,CPU_USAGE_1,CPU_USAGE_2,CPU_USAGE_3,CPU_USAGE_4,CPU_USAGE_5,CPU_USAGE_6,CPU_USAGE_7,SYSTEM_POWER (Watts),TOTAL_MEMORY,TOTAL_SWAP,USED_MEMORY,USED_SWAP
0,1771979354775,3228,3228,3228,3228,3228,3228,3228,3228,61.81486892700195,61.67326736450195,67.0538101196289,65.74421691894531,62.27674865722656,60.12736129760742,64.54395294189453,63.928436279296875,61.0610466003418,61.77111053466797,100,100,50,0,50,0,0,0,20.285593032836914,17179869184,23622320128,11825971200,21873491968
100004,1771979354775,3228,3228,3228,3228,3228,3228,3228,3228,61.81486892700195,61.67326736450195,67.0538101196289,65.74421691894531,62.27674865722656,60.12736129760742,64.54395294189453,63.928436279296875,61.0610466003418,61.77111053466797,100,100,100,0,0,0,0,50,20.285593032836914,17179869184,23622320128,11825971200,21873491968
11,1771979454781,3228,3228,3228,3228,3228,3228,3228,3228,56.56902313232422,58.107452392578125,57.32659912109375,56.9129524230957,57.282630920410156,56.20707321166992,59.58802795410156,58.3873291015625,57.53535079956055,58.69542694091797,95.04058074951172,94.97044372558594,38.98356246948242,28.25780487060547,18.35175895690918,19.797208786010742,8.107837677001953,5.22365665435791,8.845617294311523,17179869184,23622320128,11842748416,21865103360
