Delta,Time,CPU_FREQUENCY_0,CPU_FREQUENCY_1,CPU_FREQUENCY_2,CPU_FREQUENCY_3,CPU_FREQUENCY_4,CPU_FREQUENCY_5,CPU_FREQUENCY_6,CPU_FREQUENCY_7,CPU_TEMP_0,CPU_TEMP_1,CPU_TEMP_2,CPU_TEMP_3,CPU_TEMP_4,CPU_TEMP_5,CPU_TEMP_6,CPU_TEMP_7,CPU_TEMP_8,CPU_TEMP_9,CPU_USAGE_0,CPU_USAGE_1,CPU_USAGE_2,CPU_USAGE_3,CPU_USAGE_4,CPU_USAGE_5,CPU_USAGE_6,CPU_USAGE_7,SYSTEM_POWER (Watts),TOTAL_MEMORY,TOTAL_SWAP,USED_MEMORY,USED_SWAP
0,1771975866000,3228,3228,3228,3228,3228,3228,3228,3228,71.24359893798828,73.76786804199219,75.89005279541016,76.80904388427734,72.9206314086914,70.67459106445313,79.27815246582031,78.54920959472656,73.42765045166016,72.32259368896484,0,NaN,100,66.66667175292969,100,100,0,0,24.629587173461914,17179869184,26843545600,13501906944,25411780608
100005,1771975866000,3228,3228,3228,3228,3228,3228,3228,3228,71.24359893798828,73.76786804199219,75.89005279541016,76.80904388427734,72.9206314086914,70.67459106445313,79.27815246582031,78.54920959472656,73.42765045166016,72.32259368896484,100,100,0,NaN,0,0,0,0,24.629587173461914,17179869184,26843545600,13501906944,25411780608
11,1771975966008,3228,3228,3228,3228,3228,3228,3228,3228,64.81644439697266,65.91595458984375,65.72930908203125,65.9725112915039,65.24781036376953,65.04193878173828,67.82752990722656,66.07319641113281,65.18276977539063,66.3463134765625,59.01970672607422,58.089942932128906,60.44000244140625,47.364707946777344,36.7176513671875,39.36651611328125,26.90492820739746,19.187971115112305,12.641942024230957,17179869184,26843545600,13287489536,25411780608
