Delta,Time,CPU_FREQUENCY_0,CPU_FREQUENCY_1,CPU_FREQUENCY_2,CPU_FREQUENCY_3,CPU_FREQUENCY_4,CPU_FREQUENCY_5,CPU_FREQUENCY_6,CPU_FREQUENCY_7,CPU_TEMP_0,CPU_TEMP_1,CPU_TEMP_2,CPU_TEMP_3,CPU_TEMP_4,CPU_TEMP_5,CPU_TEMP_6,CPU_TEMP_7,CPU_TEMP_8,CPU_TEMP_9,CPU_USAGE_0,CPU_USAGE_1,CPU_USAGE_2,CPU_USAGE_3,CPU_USAGE_4,CPU_USAGE_5,CPU_USAGE_6,CPU_USAGE_7,SYSTEM_POWER (Watts),TOTAL_MEMORY,TOTAL_SWAP,USED_MEMORY,USED_SWAP
0,1771976948779,3228,3228,3228,3228,3228,3228,3228,3228,59.303855895996094,59.498634338378906,65.3258285522461,63.74273681640625,60.053077697753906,58.51008224487305,62.37431335449219,61.843650817871094,58.77152633666992,59.79145050048828,66.66667175292969,NaN,NaN,0,0,0,50,0,18.277957916259766,17179869184,26843545600,11681415168,25109790720
100010,1771976948779,3228,3228,3228,3228,3228,3228,3228,3228,59.303855895996094,59.498634338378906,65.3258285522461,63.74273681640625,60.053077697753906,58.51008224487305,62.37431335449219,61.843650817871094,58.77152633666992,59.79145050048828,NaN,0,50,NaN,100,50,0,0,18.277957916259766,17179869184,26843545600,11681611776,25109790720
10,1771977048792,3228,3228,3228,3228,3228,3228,3228,3228,55.26252365112305,56.784645080566406,55.786781311035156,56.000064849853516,56.38823699951172,55.466312408447266,57.90812301635742,56.34149932861328,55.16889190673828,57.16114044189453,55.17310333251953,54.21286392211914,42.10367202758789,29.102075576782227,19.09164047241211,19.43775177001953,8.187193870544434,5.27316427230835,8.736422538757324,17179869184,26843545600,11797577728,25109790720
