Delta,Time,CPU_FREQUENCY_0,CPU_FREQUENCY_1,CPU_FREQUENCY_2,CPU_FREQUENCY_3,CPU_FREQUENCY_4,CPU_FREQUENCY_5,CPU_FREQUENCY_6,CPU_FREQUENCY_7,CPU_TEMP_0,CPU_TEMP_1,CPU_TEMP_2,CPU_TEMP_3,CPU_TEMP_4,CPU_TEMP_5,CPU_TEMP_6,CPU_TEMP_7,CPU_TEMP_8,CPU_TEMP_9,CPU_USAGE_0,CPU_USAGE_1,CPU_USAGE_2,CPU_USAGE_3,CPU_USAGE_4,CPU_USAGE_5,CPU_USAGE_6,CPU_USAGE_7,SYSTEM_POWER (Watts),TOTAL_MEMORY,TOTAL_SWAP,USED_MEMORY,USED_SWAP
0,1771977790034,3228,3228,3228,3228,3228,3228,3228,3228,61.58811950683594,61.75833511352539,66.6856689453125,65.90467071533203,62.70751953125,61.090328216552734,64.30267333984375,63.3065071105957,60.53861999511719,61.91082763671875,NaN,NaN,0,50,100,100,0,0,20.421037673950195,17179869184,26843545600,11883462656,25067847680
100008,1771977790034,3228,3228,3228,3228,3228,3228,3228,3228,61.58811950683594,61.75833511352539,66.6856689453125,65.90467071533203,62.70751953125,61.090328216552734,64.30267333984375,63.3065071105957,60.53861999511719,61.91082763671875,100,100,NaN,NaN,0,NaN,NaN,100,20.421037673950195,17179869184,26843545600,11884511232,25067847680
13,1771977890044,3228,3228,3228,3228,3228,3228,3228,3228,57.13702392578125,59.0538330078125,57.73271179199219,58.825199127197266,58.367950439453125,57.652259826660156,60.63862609863281,59.15372085571289,58.2537956237793,59.669464111328125,92.27067565917969,92.10025024414063,42.04315948486328,28.5786190032959,18.848588943481445,18.771331787109375,7.9659318923950195,5.1731038093566895,9.600334167480469,17179869184,26843545600,11907481600,25067847680
