Delta,Time,CPU_FREQUENCY_0,CPU_FREQUENCY_1,CPU_FREQUENCY_2,CPU_FREQUENCY_3,CPU_FREQUENCY_4,CPU_FREQUENCY_5,CPU_FREQUENCY_6,CPU_FREQUENCY_7,CPU_TEMP_0,CPU_TEMP_1,CPU_TEMP_2,CPU_TEMP_3,CPU_TEMP_4,CPU_TEMP_5,CPU_TEMP_6,CPU_TEMP_7,CPU_TEMP_8,CPU_TEMP_9,CPU_USAGE_0,CPU_USAGE_1,CPU_USAGE_2,CPU_USAGE_3,CPU_USAGE_4,CPU_USAGE_5,CPU_USAGE_6,CPU_USAGE_7,SYSTEM_POWER (Watts),TOTAL_MEMORY,TOTAL_SWAP,USED_MEMORY,USED_SWAP
0,1772010898731,3228,3228,3228,3228,3228,3228,3228,3228,50.401329040527344,50.40351867675781,55.98377990722656,54.64282989501953,50.664154052734375,49.509220123291016,53.50718688964844,52.76993942260742,49.970359802246094,50.84033203125,NaN,50,50,0,0,0,0,0,21.08770179748535,17179869184,22548578304,13282672640,21903507456
100005,1772010898731,3228,3228,3228,3228,3228,3228,3228,3228,50.401329040527344,50.40351867675781,55.98377990722656,54.64282989501953,50.664154052734375,49.509220123291016,53.50718688964844,52.76993942260742,49.970359802246094,50.84033203125,66.66667175292969,100,NaN,66.66667175292969,0,0,0,0,21.08770179748535,17179869184,22548578304,13282672640,21903507456
11,1772010998739,3228,3228,3228,3228,3228,3228,3228,3228,45.14571762084961,46.458683013916016,45.70111083984375,45.77582550048828,45.72779846191406,45.84796142578125,47.463584899902344,46.76450729370117,46.10771560668945,47.63964080810547,46.55051040649414,46.08336639404297,23.342708587646484,16.56466293334961,10.976343154907227,9.781518936157227,6.639959812164307,5.105104923248291,8.001737594604492,17179869184,22548578304,12324847616,21903507456
