Delta,Time,CPU_FREQUENCY_0,CPU_FREQUENCY_1,CPU_FREQUENCY_2,CPU_FREQUENCY_3,CPU_FREQUENCY_4,CPU_FREQUENCY_5,CPU_FREQUENCY_6,CPU_FREQUENCY_7,CPU_TEMP_0,CPU_TEMP_1,CPU_TEMP_2,CPU_TEMP_3,CPU_TEMP_4,CPU_TEMP_5,CPU_TEMP_6,CPU_TEMP_7,CPU_TEMP_8,CPU_TEMP_9,CPU_USAGE_0,CPU_USAGE_1,CPU_USAGE_2,CPU_USAGE_3,CPU_USAGE_4,CPU_USAGE_5,CPU_USAGE_6,CPU_USAGE_7,SYSTEM_POWER (Watts),TOTAL_MEMORY,TOTAL_SWAP,USED_MEMORY,USED_SWAP
0,1772009444397,3228,3228,3228,3228,3228,3228,3228,3228,54.26396179199219,54.32855987548828,58.919578552246094,58.03795623779297,55.14183807373047,53.57585525512695,57.85637664794922,57.704471588134766,54.20696258544922,54.96288299560547,100,100,100,100,100,100,100,100,23.868940353393555,17179869184,22548578304,13579075584,22046113792
100003,1772009444397,3228,3228,3228,3228,3228,3228,3228,3228,54.26396179199219,54.32855987548828,58.919578552246094,58.03795623779297,55.14183807373047,53.57585525512695,57.85637664794922,57.704471588134766,54.20696258544922,54.96288299560547,100,100,100,100,100,100,100,100,23.868940353393555,17179869184,22548578304,13579075584,22046113792
10,1772009544401,3228,3228,3228,3228,3228,3228,3228,3228,47.531978607177734,48.2968864440918,47.91759490966797,48.44576644897461,48.70170593261719,47.91912078857422,50.049659729003906,49.471675872802734,47.93162536621094,49.46305847167969,31.833282470703125,31.474584579467773,24.13239860534668,19.11971092224121,14.229883193969727,14.227030754089355,10.384537696838379,8.59859848022461,7.542058944702148,17179869184,22548578304,12665487360,21945450496
