Delta,Time,CPU_FREQUENCY_0,CPU_FREQUENCY_1,CPU_FREQUENCY_2,CPU_FREQUENCY_3,CPU_FREQUENCY_4,CPU_FREQUENCY_5,CPU_FREQUENCY_6,CPU_FREQUENCY_7,CPU_TEMP_0,CPU_TEMP_1,CPU_TEMP_2,CPU_TEMP_3,CPU_TEMP_4,CPU_TEMP_5,CPU_TEMP_6,CPU_TEMP_7,CPU_TEMP_8,CPU_TEMP_9,CPU_USAGE_0,CPU_USAGE_1,CPU_USAGE_2,CPU_USAGE_3,CPU_USAGE_4,CPU_USAGE_5,CPU_USAGE_6,CPU_USAGE_7,SYSTEM_POWER (Watts),TOTAL_MEMORY,TOTAL_SWAP,USED_MEMORY,USED_SWAP
0,1772013802082,3228,3228,3228,3228,3228,3228,3228,3228,52.636329650878906,52.1673469543457,55.75884246826172,55.7546272277832,53.10645294189453,51.28569030761719,54.614662170410156,53.84209442138672,52.16587448120117,52.744956970214844,0,0,100,0,NaN,0,0,0,22.171510696411133,17179869184,23622320128,13331283968,23272095744
100005,1772013802082,3228,3228,3228,3228,3228,3228,3228,3228,52.636329650878906,52.1673469543457,55.75884246826172,55.7546272277832,53.10645294189453,51.28569030761719,54.614662170410156,53.84209442138672,52.16587448120117,52.744956970214844,0,NaN,NaN,NaN,0,0,0,0,22.171510696411133,17179869184,23622320128,13331283968,23272095744
10,1772013902089,3228,3228,3228,3228,3228,3228,3228,3228,45.980587005615234,46.25296401977539,47.29498291015625,47.39961242675781,46.164031982421875,45.49700164794922,48.90992736816406,47.235904693603516,45.973487854003906,47.158790588378906,35.1918830871582,33.81880187988281,18.919189453125,12.537582397460938,8.45352554321289,7.112090110778809,5.657920837402344,4.7342610359191895,8.150505065917969,17179869184,23622320128,13101940736,23272095744
