Delta,Time,CPU_FREQUENCY_0,CPU_FREQUENCY_1,CPU_FREQUENCY_2,CPU_FREQUENCY_3,CPU_FREQUENCY_4,CPU_FREQUENCY_5,CPU_FREQUENCY_6,CPU_FREQUENCY_7,CPU_TEMP_0,CPU_TEMP_1,CPU_TEMP_2,CPU_TEMP_3,CPU_TEMP_4,CPU_TEMP_5,CPU_TEMP_6,CPU_TEMP_7,CPU_TEMP_8,CPU_TEMP_9,CPU_USAGE_0,CPU_USAGE_1,CPU_USAGE_2,CPU_USAGE_3,CPU_USAGE_4,CPU_USAGE_5,CPU_USAGE_6,CPU_USAGE_7,SYSTEM_POWER (Watts),TOTAL_MEMORY,TOTAL_SWAP,USED_MEMORY,USED_SWAP
0,1772010656424,3228,3228,3228,3228,3228,3228,3228,3228,50.08845138549805,49.98799514770508,55.212860107421875,54.15983963012695,50.73480224609375,49.43840789794922,52.451114654541016,52.2398681640625,49.76786804199219,50.891807556152344,0,50,0,0,0,0,0,0,14.646227836608887,17179869184,22548578304,13265960960,21928673280
100007,1772010656424,3228,3228,3228,3228,3228,3228,3228,3228,50.08845138549805,49.98799514770508,55.212860107421875,54.15983963012695,50.73480224609375,49.43840789794922,52.451114654541016,52.2398681640625,49.76786804199219,50.891807556152344,100,100,0,NaN,0,0,0,0,14.646227836608887,17179869184,22548578304,13266878464,21928673280
11,1772010756432,3228,3228,3228,3228,3228,3228,3228,3228,45.05363845825195,45.8599853515625,45.77093505859375,46.336456298828125,46.23844909667969,46.09994888305664,47.871341705322266,46.83158874511719,45.92845916748047,47.33985137939453,43.129154205322266,42.35068893432617,21.78714942932129,15.282792091369629,10.113260269165039,8.527053833007813,6.2581353187561035,5.034531116485596,8.367117881774902,17179869184,22548578304,12788580352,21928673280
