Delta,Time,CPU_FREQUENCY_0,CPU_FREQUENCY_1,CPU_FREQUENCY_2,CPU_FREQUENCY_3,CPU_FREQUENCY_4,CPU_FREQUENCY_5,CPU_FREQUENCY_6,CPU_FREQUENCY_7,CPU_TEMP_0,CPU_TEMP_1,CPU_TEMP_2,CPU_TEMP_3,CPU_TEMP_4,CPU_TEMP_5,CPU_TEMP_6,CPU_TEMP_7,CPU_TEMP_8,CPU_TEMP_9,CPU_USAGE_0,CPU_USAGE_1,CPU_USAGE_2,CPU_USAGE_3,CPU_USAGE_4,CPU_USAGE_5,CPU_USAGE_6,CPU_USAGE_7,SYSTEM_POWER (Watts),TOTAL_MEMORY,TOTAL_SWAP,USED_MEMORY,USED_SWAP
0,1772010535389,3228,3228,3228,3228,3228,3228,3228,3228,49.98275375366211,49.40050506591797,55.58018493652344,53.86978530883789,49.974700927734375,48.728363037109375,52.48151397705078,52.479427337646484,49.64385986328125,50.62433624267578,66.66667175292969,66.66667175292969,0,0,0,0,0,0,15.623476028442383,17179869184,22548578304,13369688064,21928673280
100005,1772010535389,3228,3228,3228,3228,3228,3228,3228,3228,49.98275375366211,49.40050506591797,55.58018493652344,53.86978530883789,49.974700927734375,48.728363037109375,52.48151397705078,52.479427337646484,49.64385986328125,50.62433624267578,25,40,100,75,0,0,0,0,15.623476028442383,17179869184,22548578304,13374996480,21928673280
10,1772010635396,3228,3228,3228,3228,3228,3228,3228,3228,47.47479248046875,47.59604263305664,48.960479736328125,48.85930633544922,47.82831573486328,46.997413635253906,50.35706329345703,49.77250289916992,47.50643539428711,48.4544677734375,42.121150970458984,40.76458740234375,20.74846839904785,15.239623069763184,10.059112548828125,8.656447410583496,6.478422164916992,5.494945526123047,8.630410194396973,17179869184,22548578304,13326811136,21928673280
