Delta,Time,CPU_FREQUENCY_0,CPU_FREQUENCY_1,CPU_FREQUENCY_2,CPU_FREQUENCY_3,CPU_FREQUENCY_4,CPU_FREQUENCY_5,CPU_FREQUENCY_6,CPU_FREQUENCY_7,CPU_TEMP_0,CPU_TEMP_1,CPU_TEMP_2,CPU_TEMP_3,CPU_TEMP_4,CPU_TEMP_5,CPU_TEMP_6,CPU_TEMP_7,CPU_TEMP_8,CPU_TEMP_9,CPU_USAGE_0,CPU_USAGE_1,CPU_USAGE_2,CPU_USAGE_3,CPU_USAGE_4,CPU_USAGE_5,CPU_USAGE_6,CPU_USAGE_7,SYSTEM_POWER (Watts),TOTAL_MEMORY,TOTAL_SWAP,USED_MEMORY,USED_SWAP
0,1772014164602,3228,3228,3228,3228,3228,3228,3228,3228,51.28083038330078,52.26414108276367,55.39839172363281,55.62651824951172,51.70518493652344,50.65303421020508,56.444881439208984,54.9477653503418,52.29427719116211,52.288970947265625,100,100,NaN,0,100,0,0,0,19.121383666992188,17179869184,23622320128,13522157568,23281074176
100005,1772014164602,3228,3228,3228,3228,3228,3228,3228,3228,51.28083038330078,52.26414108276367,55.39839172363281,55.62651824951172,51.70518493652344,50.65303421020508,56.444881439208984,54.9477653503418,52.29427719116211,52.288970947265625,NaN,0,66.66667175292969,100,0,100,0,0,19.121383666992188,17179869184,23622320128,13522157568,23281074176
11,1772014264609,3228,3228,3228,3228,3228,3228,3228,3228,46.84113311767578,47.815147399902344,46.85523223876953,47.64131546020508,47.64222717285156,47.204376220703125,49.62479782104492,48.04823303222656,47.73557662963867,48.596580505371094,44.732872009277344,44.16054916381836,28.244274139404297,20.41942596435547,14.596490859985352,13.230429649353027,9.16282844543457,7.485988616943359,13.712910652160645,17179869184,23622320128,13382959104,23264296960
