Delta,Time,CPU_FREQUENCY_0,CPU_FREQUENCY_1,CPU_FREQUENCY_2,CPU_FREQUENCY_3,CPU_FREQUENCY_4,CPU_FREQUENCY_5,CPU_FREQUENCY_6,CPU_FREQUENCY_7,CPU_TEMP_0,CPU_TEMP_1,CPU_TEMP_2,CPU_TEMP_3,CPU_TEMP_4,CPU_TEMP_5,CPU_TEMP_6,CPU_TEMP_7,CPU_TEMP_8,CPU_TEMP_9,CPU_USAGE_0,CPU_USAGE_1,CPU_USAGE_2,CPU_USAGE_3,CPU_USAGE_4,CPU_USAGE_5,CPU_USAGE_6,CPU_USAGE_7,SYSTEM_POWER (Watts),TOTAL_MEMORY,TOTAL_SWAP,USED_MEMORY,USED_SWAP
0,1772014763380,3228,3228,3228,3228,3228,3228,3228,3228,45.67435836791992,46.07162094116211,47.452728271484375,47.15252685546875,46.55760192871094,45.114768981933594,48.14085388183594,46.98772430419922,45.634666442871094,46.97705841064453,50,50,0,0,0,0,0,0,13.245770454406738,17179869184,23622320128,13368131584,23197188096
100005,1772014763380,3228,3228,3228,3228,3228,3228,3228,3228,45.67435836791992,46.07162094116211,47.452728271484375,47.15252685546875,46.55760192871094,45.114768981933594,48.14085388183594,46.98772430419922,45.634666442871094,46.97705841064453,NaN,NaN,NaN,100,0,0,0,0,13.245770454406738,17179869184,23622320128,13368131584,23197188096
11,1772014863388,3228,3228,3228,3228,3228,3228,3228,3228,45.26233673095703,46.89138412475586,45.42437744140625,45.9559211730957,46.01209259033203,45.305171966552734,48.50940704345703,46.32096862792969,46.286109924316406,47.198158264160156,35.17047119140625,34.38914108276367,24.832014083862305,18.304779052734375,13.848002433776855,13.311980247497559,10.967677116394043,10.06402587890625,11.811440467834473,17179869184,23622320128,13144801280,23104847872
