Delta,Time,CPU_FREQUENCY_0,CPU_FREQUENCY_1,CPU_FREQUENCY_2,CPU_FREQUENCY_3,CPU_FREQUENCY_4,CPU_FREQUENCY_5,CPU_FREQUENCY_6,CPU_FREQUENCY_7,CPU_TEMP_0,CPU_TEMP_1,CPU_TEMP_2,CPU_TEMP_3,CPU_TEMP_4,CPU_TEMP_5,CPU_TEMP_6,CPU_TEMP_7,CPU_TEMP_8,CPU_TEMP_9,CPU_USAGE_0,CPU_USAGE_1,CPU_USAGE_2,CPU_USAGE_3,CPU_USAGE_4,CPU_USAGE_5,CPU_USAGE_6,CPU_USAGE_7,SYSTEM_POWER (Watts),TOTAL_MEMORY,TOTAL_SWAP,USED_MEMORY,USED_SWAP
0,1772011990613,3228,3228,3228,3228,3228,3228,3228,3228,55.19839859008789,54.860008239746094,60.05720520019531,60.0028190612793,55.80543518066406,54.809417724609375,57.45662307739258,57.163970947265625,54.197357177734375,56.06561279296875,100,100,100,0,50,50,50,0,19.108570098876953,17179869184,23622320128,13353795584,22820880384
100005,1772011990613,3228,3228,3228,3228,3228,3228,3228,3228,55.19839859008789,54.860008239746094,60.05720520019531,60.0028190612793,55.80543518066406,54.809417724609375,57.45662307739258,57.163970947265625,54.197357177734375,56.06561279296875,100,NaN,100,100,NaN,50,0,0,19.108570098876953,17179869184,23622320128,13353795584,22820880384
9,1772012090620,3228,3228,3228,3228,3228,3228,3228,3228,50.240882873535156,50.49671173095703,49.67076873779297,50.76935958862305,50.858482360839844,50.159095764160156,52.55854797363281,51.05582809448242,50.205501556396484,51.70001220703125,51.99597930908203,50.839622497558594,32.65326690673828,23.97109031677246,17.296701431274414,16.638269424438477,11.628605842590332,9.639639854431152,8.927872657775879,17179869184,23622320128,13294026752,22795714560
