Delta,Time,CPU_FREQUENCY_0,CPU_FREQUENCY_1,CPU_FREQUENCY_2,CPU_FREQUENCY_3,CPU_FREQUENCY_4,CPU_FREQUENCY_5,CPU_FREQUENCY_6,CPU_FREQUENCY_7,CPU_TEMP_0,CPU_TEMP_1,CPU_TEMP_2,CPU_TEMP_3,CPU_TEMP_4,CPU_TEMP_5,CPU_TEMP_6,CPU_TEMP_7,CPU_TEMP_8,CPU_TEMP_9,CPU_USAGE_0,CPU_USAGE_1,CPU_USAGE_2,CPU_USAGE_3,CPU_USAGE_4,CPU_USAGE_5,CPU_USAGE_6,CPU_USAGE_7,SYSTEM_POWER (Watts),TOTAL_MEMORY,TOTAL_SWAP,USED_MEMORY,USED_SWAP
0,1772016149723,3228,3228,3228,3228,3228,3228,3228,3228,59.314048767089844,59.20409393310547,60.154296875,61.1867561340332,59.83507537841797,57.54103088378906,60.963321685791016,60.99193572998047,58.9539794921875,59.03956604003906,0,0,0,100,50,0,0,NaN,18.28293800354004,17179869184,24696061952,13503922176,24100864000
100003,1772016149723,3228,3228,3228,3228,3228,3228,3228,3228,59.314048767089844,59.20409393310547,60.154296875,61.1867561340332,59.83507537841797,57.54103088378906,60.963321685791016,60.99193572998047,58.9539794921875,59.03956604003906,50,0,100,0,0,0,0,0,18.28293800354004,17179869184,24696061952,13505429504,24100864000
10,1772016249727,3228,3228,3228,3228,3228,3228,3228,3228,53.94865036010742,54.536216735839844,54.379150390625,54.921634674072266,54.23759460449219,53.382877349853516,56.15026092529297,55.82119369506836,54.4818000793457,54.758934020996094,45.102989196777344,43.167137145996094,33.66864776611328,25.14813804626465,16.782024383544922,15.253557205200195,9.772704124450684,7.4852399826049805,13.278983116149902,17179869184,24696061952,13285163008,24092475392
