Delta,Time,CPU_FREQUENCY_0,CPU_FREQUENCY_1,CPU_FREQUENCY_2,CPU_FREQUENCY_3,CPU_FREQUENCY_4,CPU_FREQUENCY_5,CPU_FREQUENCY_6,CPU_FREQUENCY_7,CPU_TEMP_0,CPU_TEMP_1,CPU_TEMP_2,CPU_TEMP_3,CPU_TEMP_4,CPU_TEMP_5,CPU_TEMP_6,CPU_TEMP_7,CPU_TEMP_8,CPU_TEMP_9,CPU_USAGE_0,CPU_USAGE_1,CPU_USAGE_2,CPU_USAGE_3,CPU_USAGE_4,CPU_USAGE_5,CPU_USAGE_6,CPU_USAGE_7,SYSTEM_POWER (Watts),TOTAL_MEMORY,TOTAL_SWAP,USED_MEMORY,USED_SWAP
0,1772009080698,3228,3228,3228,3228,3228,3228,3228,3228,49.46897888183594,50.04569625854492,55.06333923339844,53.96977233886719,50.516990661621094,49.32522964477539,54.01549530029297,52.80971145629883,50.413299560546875,50.68046569824219,100,100,NaN,0,0,0,0,0,20.05502700805664,17179869184,22548578304,13643333632,22054502400
100005,1772009080698,3228,3228,3228,3228,3228,3228,3228,3228,49.46897888183594,50.04569625854492,55.06333923339844,53.96977233886719,50.516990661621094,49.32522964477539,54.01549530029297,52.80971145629883,50.413299560546875,50.68046569824219,NaN,100,66.66667175292969,100,100,0,50,0,20.05502700805664,17179869184,22548578304,13643333632,22054502400
11,1772009180705,3228,3228,3228,3228,3228,3228,3228,3228,48.10411071777344,48.25452423095703,49.535491943359375,49.53854751586914,49.512794494628906,48.150001525878906,51.18124771118164,49.93415832519531,48.64248275756836,49.83429718017578,52.81385040283203,52.19929885864258,30.07246208190918,22.067094802856445,14.579570770263672,13.511887550354004,9.169255256652832,6.998398303985596,17.776735305786133,17179869184,22548578304,13576699904,22046113792
