Delta,Time,CPU_FREQUENCY_0,CPU_FREQUENCY_1,CPU_FREQUENCY_2,CPU_FREQUENCY_3,CPU_FREQUENCY_4,CPU_FREQUENCY_5,CPU_FREQUENCY_6,CPU_FREQUENCY_7,CPU_TEMP_0,CPU_TEMP_1,CPU_TEMP_2,CPU_TEMP_3,CPU_TEMP_4,CPU_TEMP_5,CPU_TEMP_6,CPU_TEMP_7,CPU_TEMP_8,CPU_TEMP_9,CPU_USAGE_0,CPU_USAGE_1,CPU_USAGE_2,CPU_USAGE_3,CPU_USAGE_4,CPU_USAGE_5,CPU_USAGE_6,CPU_USAGE_7,SYSTEM_POWER (Watts),TOTAL_MEMORY,TOTAL_SWAP,USED_MEMORY,USED_SWAP
0,1772013922471,3228,3228,3228,3228,3228,3228,3228,3228,49.062042236328125,49.1080322265625,54.16449737548828,53.54525375366211,49.227439880371094,47.94429397583008,52.32384490966797,51.313438415527344,49.13664245605469,49.6697998046875,50,0,0,50,0,0,0,0,16.21356964111328,17179869184,23622320128,13258752000,23272095744
100001,1772013922471,3228,3228,3228,3228,3228,3228,3228,3228,49.062042236328125,49.1080322265625,54.16449737548828,53.54525375366211,49.227439880371094,47.94429397583008,52.32384490966797,51.313438415527344,49.13664245605469,49.6697998046875,100,66.66667175292969,50,100,66.66667175292969,50,66.66667175292969,50,16.21356964111328,17179869184,23622320128,13258752000,23272095744
10,1772014022474,3228,3228,3228,3228,3228,3228,3228,3228,45.18996047973633,45.44302749633789,45.552581787109375,47.27617263793945,45.575279235839844,45.442138671875,47.9163703918457,46.06864547729492,45.598934173583984,46.215545654296875,34.89237594604492,34.12107849121094,21.723859786987305,14.84711742401123,10.211443901062012,8.977056503295898,6.108551979064941,4.514514446258545,10.315810203552246,17179869184,23622320128,13322960896,23272095744
