Delta,Time,CPU_FREQUENCY_0,CPU_FREQUENCY_1,CPU_FREQUENCY_2,CPU_FREQUENCY_3,CPU_FREQUENCY_4,CPU_FREQUENCY_5,CPU_FREQUENCY_6,CPU_FREQUENCY_7,CPU_TEMP_0,CPU_TEMP_1,CPU_TEMP_2,CPU_TEMP_3,CPU_TEMP_4,CPU_TEMP_5,CPU_TEMP_6,CPU_TEMP_7,CPU_TEMP_8,CPU_TEMP_9,CPU_USAGE_0,CPU_USAGE_1,CPU_USAGE_2,CPU_USAGE_3,CPU_USAGE_4,CPU_USAGE_5,CPU_USAGE_6,CPU_USAGE_7,SYSTEM_POWER (Watts),TOTAL_MEMORY,TOTAL_SWAP,USED_MEMORY,USED_SWAP
0,1772010777315,3228,3228,3228,3228,3228,3228,3228,3228,49.031375885009766,49.168819427490234,54.035240173339844,52.71503829956055,49.253990173339844,48.908103942871094,52.76905822753906,51.41050338745117,48.756343841552734,49.884368896484375,50,66.66667175292969,66.66667175292969,50,100,100,66.66667175292969,50,15.911109924316406,17179869184,22548578304,13060128768,21928673280
100005,1772010777315,3228,3228,3228,3228,3228,3228,3228,3228,49.031375885009766,49.168819427490234,54.035240173339844,52.71503829956055,49.253990173339844,48.908103942871094,52.76905822753906,51.41050338745117,48.756343841552734,49.884368896484375,0,0,NaN,100,0,0,0,0,15.911109924316406,17179869184,22548578304,13060489216,21928673280
11,1772010877327,3228,3228,3228,3228,3228,3228,3228,3228,45.36278533935547,46.8084602355957,46.233375549316406,46.10062789916992,46.941070556640625,46.67053985595703,48.400543212890625,47.35874938964844,46.06560134887695,47.391441345214844,44.1602897644043,43.34172058105469,22.916248321533203,15.96950626373291,10.363836288452148,8.668203353881836,6.2493743896484375,5.064051151275635,11.144390106201172,17179869184,22548578304,13216432128,21903507456
