Delta,Time,CPU_FREQUENCY_0,CPU_FREQUENCY_1,CPU_FREQUENCY_2,CPU_FREQUENCY_3,CPU_FREQUENCY_4,CPU_FREQUENCY_5,CPU_FREQUENCY_6,CPU_FREQUENCY_7,CPU_TEMP_0,CPU_TEMP_1,CPU_TEMP_2,CPU_TEMP_3,CPU_TEMP_4,CPU_TEMP_5,CPU_TEMP_6,CPU_TEMP_7,CPU_TEMP_8,CPU_TEMP_9,CPU_USAGE_0,CPU_USAGE_1,CPU_USAGE_2,CPU_USAGE_3,CPU_USAGE_4,CPU_USAGE_5,CPU_USAGE_6,CPU_USAGE_7,SYSTEM_POWER (Watts),TOTAL_MEMORY,TOTAL_SWAP,USED_MEMORY,USED_SWAP
0,1772012835192,3228,3228,3228,3228,3228,3228,3228,3228,47.703712463378906,47.2802734375,51.53351593017578,51.10909652709961,47.97210693359375,46.90864944458008,50.47087860107422,49.62639617919922,47.51895523071289,48.039085388183594,0,NaN,50,0,0,0,50,0,16.498138427734375,17179869184,23622320128,13142818816,23019454464
100010,1772012835192,3228,3228,3228,3228,3228,3228,3228,3228,47.703712463378906,47.2802734375,51.53351593017578,51.10909652709961,47.97210693359375,46.90864944458008,50.47087860107422,49.62639617919922,47.51895523071289,48.039085388183594,0,50,NaN,100,0,0,0,0,16.498138427734375,17179869184,23622320128,13141737472,23019454464
14,1772012935204,3228,3228,3228,3228,3228,3228,3228,3228,42.86676025390625,42.893646240234375,42.47686004638672,42.97018814086914,43.42552947998047,43.169979095458984,45.24334716796875,43.6046028137207,42.809776306152344,43.8551025390625,34.05986404418945,32.57682418823242,16.573089599609375,11.341548919677734,7.210094451904297,5.948327541351318,4.715658664703369,3.993194580078125,7.262507915496826,17179869184,23622320128,12809125888,23019454464
