Delta,Time,CPU_FREQUENCY_0,CPU_FREQUENCY_1,CPU_FREQUENCY_2,CPU_FREQUENCY_3,CPU_FREQUENCY_4,CPU_FREQUENCY_5,CPU_FREQUENCY_6,CPU_FREQUENCY_7,CPU_TEMP_0,CPU_TEMP_1,CPU_TEMP_2,CPU_TEMP_3,CPU_TEMP_4,CPU_TEMP_5,CPU_TEMP_6,CPU_TEMP_7,CPU_TEMP_8,CPU_TEMP_9,CPU_USAGE_0,CPU_USAGE_1,CPU_USAGE_2,CPU_USAGE_3,CPU_USAGE_4,CPU_USAGE_5,CPU_USAGE_6,CPU_USAGE_7,SYSTEM_POWER (Watts),TOTAL_MEMORY,TOTAL_SWAP,USED_MEMORY,USED_SWAP
0,1772012714535,3228,3228,3228,3228,3228,3228,3228,3228,48.57524108886719,47.55910110473633,53.68006896972656,53.150394439697266,49.45915222167969,47.50398254394531,51.105560302734375,50.223392486572266,47.52207565307617,48.46977996826172,NaN,100,NaN,0,50,0,0,0,16.223543167114258,17179869184,23622320128,13002489856,23053008896
100010,1772012714535,3228,3228,3228,3228,3228,3228,3228,3228,48.57524108886719,47.55910110473633,53.68006896972656,53.150394439697266,49.45915222167969,47.50398254394531,51.105560302734375,50.223392486572266,47.52207565307617,48.46977996826172,100,50,66.66667175292969,0,0,50,0,0,16.223543167114258,17179869184,23622320128,13002489856,23053008896
12,1772012814549,3228,3228,3228,3228,3228,3228,3228,3228,43.31344985961914,43.914974212646484,42.800331115722656,43.69781494140625,43.834632873535156,43.52909469604492,46.24272155761719,44.37403106689453,43.325801849365234,44.623680114746094,39.278900146484375,38.1765251159668,18.008623123168945,11.733467102050781,7.991988182067871,6.588564872741699,5.235235214233398,4.412647724151611,7.23573637008667,17179869184,23622320128,12854296576,23019454464
