Delta,Time,CPU_FREQUENCY_0,CPU_FREQUENCY_1,CPU_FREQUENCY_2,CPU_FREQUENCY_3,CPU_FREQUENCY_4,CPU_FREQUENCY_5,CPU_FREQUENCY_6,CPU_FREQUENCY_7,CPU_TEMP_0,CPU_TEMP_1,CPU_TEMP_2,CPU_TEMP_3,CPU_TEMP_4,CPU_TEMP_5,CPU_TEMP_6,CPU_TEMP_7,CPU_TEMP_8,CPU_TEMP_9,CPU_USAGE_0,CPU_USAGE_1,CPU_USAGE_2,CPU_USAGE_3,CPU_USAGE_4,CPU_USAGE_5,CPU_USAGE_6,CPU_USAGE_7,SYSTEM_POWER (Watts),TOTAL_MEMORY,TOTAL_SWAP,USED_MEMORY,USED_SWAP
0,1772014043199,3228,3228,3228,3228,3228,3228,3228,3228,48.8868293762207,48.898983001708984,52.79103088378906,52.705665588378906,48.831214904785156,48.00459671020508,51.32258224487305,49.99348068237305,48.247589111328125,49.251182556152344,100,50,0,0,0,0,0,0,20.241071701049805,17179869184,23622320128,13387382784,23272095744
100005,1772014043199,3228,3228,3228,3228,3228,3228,3228,3228,48.8868293762207,48.898983001708984,52.79103088378906,52.705665588378906,48.831214904785156,48.00459671020508,51.32258224487305,49.99348068237305,48.247589111328125,49.251182556152344,50,50,100,0,0,0,0,0,20.241071701049805,17179869184,23622320128,13387743232,23272095744
10,1772014143206,3228,3228,3228,3228,3228,3228,3228,3228,46.90635681152344,47.8849983215332,49.37189483642578,49.70726776123047,47.62464904785156,46.47512435913086,51.91607666015625,50.33732986450195,48.190513610839844,48.42351531982422,36.626094818115234,35.66328048706055,22.85083770751953,15.478697776794434,10.850615501403809,8.564559936523438,6.577234745025635,5.655089855194092,8.972138404846191,17179869184,23622320128,13295157248,23263707136
