Delta,Time,CPU_FREQUENCY_0,CPU_FREQUENCY_1,CPU_FREQUENCY_2,CPU_FREQUENCY_3,CPU_FREQUENCY_4,CPU_FREQUENCY_5,CPU_FREQUENCY_6,CPU_FREQUENCY_7,CPU_TEMP_0,CPU_TEMP_1,CPU_TEMP_2,CPU_TEMP_3,CPU_TEMP_4,CPU_TEMP_5,CPU_TEMP_6,CPU_TEMP_7,CPU_TEMP_8,CPU_TEMP_9,CPU_USAGE_0,CPU_USAGE_1,CPU_USAGE_2,CPU_USAGE_3,CPU_USAGE_4,CPU_USAGE_5,CPU_USAGE_6,CPU_USAGE_7,SYSTEM_POWER (Watts),TOTAL_MEMORY,TOTAL_SWAP,USED_MEMORY,USED_SWAP
0,1772012231961,3228,3228,3228,3228,3228,3228,3228,3228,53.60743713378906,52.30590057373047,58.81690979003906,59.32032775878906,54.1837158203125,52.54425048828125,55.71839141845703,55.04118728637695,51.7521858215332,53.708518981933594,100,100,NaN,0,0,0,0,0,18.35954475402832,17179869184,23622320128,13511573504,23068147712
100005,1772012231961,3228,3228,3228,3228,3228,3228,3228,3228,53.60743713378906,52.30590057373047,58.81690979003906,59.32032775878906,54.1837158203125,52.54425048828125,55.71839141845703,55.04118728637695,51.7521858215332,53.708518981933594,NaN,100,50,50,NaN,0,0,0,18.35954475402832,17179869184,23622320128,13511573504,23068147712
12,1772012331968,3228,3228,3228,3228,3228,3228,3228,3228,47.37518310546875,47.76718521118164,46.819236755371094,48.19205093383789,48.052520751953125,47.701541900634766,49.62737274169922,48.74706268310547,47.59503936767578,48.804443359375,40.9132080078125,39.629852294921875,22.8026123046875,17.31540870666504,10.007011413574219,7.512772083282471,5.7969560623168945,4.844359874725342,7.476490020751953,17179869184,23622320128,13203210240,23069786112
