Delta,Time,CPU_FREQUENCY_0,CPU_FREQUENCY_1,CPU_FREQUENCY_2,CPU_FREQUENCY_3,CPU_FREQUENCY_4,CPU_FREQUENCY_5,CPU_FREQUENCY_6,CPU_FREQUENCY_7,CPU_TEMP_0,CPU_TEMP_1,CPU_TEMP_2,CPU_TEMP_3,CPU_TEMP_4,CPU_TEMP_5,CPU_TEMP_6,CPU_TEMP_7,CPU_TEMP_8,CPU_TEMP_9,CPU_USAGE_0,CPU_USAGE_1,CPU_USAGE_2,CPU_USAGE_3,CPU_USAGE_4,CPU_USAGE_5,CPU_USAGE_6,CPU_USAGE_7,SYSTEM_POWER (Watts),TOTAL_MEMORY,TOTAL_SWAP,USED_MEMORY,USED_SWAP
0,1772008959289,3228,3228,3228,3228,3228,3228,3228,3228,52.24531555175781,52.56362533569336,56.79859161376953,56.3448486328125,53.18994140625,51.57350158691406,55.836978912353516,55.23295211791992,52.34504699707031,52.80760192871094,100,100,100,66.66667175292969,100,NaN,0,0,18.591846466064453,17179869184,22548578304,13589102592,22054502400
100005,1772008959290,3228,3228,3228,3228,3228,3228,3228,3228,52.24531555175781,52.56362533569336,56.79859161376953,56.3448486328125,53.18994140625,51.57350158691406,55.836978912353516,55.23295211791992,52.34504699707031,52.80760192871094,100,100,NaN,NaN,50,50,0,NaN,18.591846466064453,17179869184,22548578304,13589102592,22054502400
11,1772009059296,3228,3228,3228,3228,3228,3228,3228,3228,45.21002197265625,45.33333206176758,45.862159729003906,45.78118896484375,46.575218200683594,45.54772186279297,48.08269500732422,46.22138595581055,45.63018035888672,47.188819885253906,40.921871185302734,39.949798583984375,16.887285232543945,11.956303596496582,8.194750785827637,7.152158737182617,5.557224750518799,4.423981666564941,10.34037971496582,17179869184,22548578304,13225000960,22054502400
