Delta,Time,CPU_FREQUENCY_0,CPU_FREQUENCY_1,CPU_FREQUENCY_2,CPU_FREQUENCY_3,CPU_FREQUENCY_4,CPU_FREQUENCY_5,CPU_FREQUENCY_6,CPU_FREQUENCY_7,CPU_TEMP_0,CPU_TEMP_1,CPU_TEMP_2,CPU_TEMP_3,CPU_TEMP_4,CPU_TEMP_5,CPU_TEMP_6,CPU_TEMP_7,CPU_TEMP_8,CPU_TEMP_9,CPU_USAGE_0,CPU_USAGE_1,CPU_USAGE_2,CPU_USAGE_3,CPU_USAGE_4,CPU_USAGE_5,CPU_USAGE_6,CPU_USAGE_7,SYSTEM_POWER (Watts),TOTAL_MEMORY,TOTAL_SWAP,USED_MEMORY,USED_SWAP
0,1772009565517,3228,3228,3228,3228,3228,3228,3228,3228,51.90717315673828,51.31523132324219,57.354408264160156,55.73698425292969,52.620811462402344,50.77400207519531,54.01357650756836,54.12160873413086,51.15640640258789,52.03154754638672,NaN,0,66.66667175292969,50,50,0,0,0,17.72357749938965,17179869184,22548578304,12909395968,21945450496
100003,1772009565517,3228,3228,3228,3228,3228,3228,3228,3228,51.90717315673828,51.31523132324219,57.354408264160156,55.73698425292969,52.620811462402344,50.77400207519531,54.01357650756836,54.12160873413086,51.15640640258789,52.03154754638672,0,0,NaN,0,0,0,0,0,21.273632049560547,17179869184,22548578304,12909182976,21945450496
10,1772009665522,3228,3228,3228,3228,3228,3228,3228,3228,45.853023529052734,46.76111602783203,46.814125061035156,46.87836456298828,47.114173889160156,46.095157623291016,48.824344635009766,47.868133544921875,46.24200439453125,48.072288513183594,26.698198318481445,26.37351417541504,20.23260498046875,15.743060111999512,11.298076629638672,8.894230842590332,7.278005599975586,6.5545878410339355,8.020017623901367,17179869184,22548578304,12735119360,21937061888
