Delta,Time,CPU_FREQUENCY_0,CPU_FREQUENCY_1,CPU_FREQUENCY_2,CPU_FREQUENCY_3,CPU_FREQUENCY_4,CPU_FREQUENCY_5,CPU_FREQUENCY_6,CPU_FREQUENCY_7,CPU_TEMP_0,CPU_TEMP_1,CPU_TEMP_2,CPU_TEMP_3,CPU_TEMP_4,CPU_TEMP_5,CPU_TEMP_6,CPU_TEMP_7,CPU_TEMP_8,CPU_TEMP_9,CPU_USAGE_0,CPU_USAGE_1,CPU_USAGE_2,CPU_USAGE_3,CPU_USAGE_4,CPU_USAGE_5,CPU_USAGE_6,CPU_USAGE_7,SYSTEM_POWER (Watts),TOTAL_MEMORY,TOTAL_SWAP,USED_MEMORY,USED_SWAP
0,1772017420461,3228,3228,3228,3228,3228,3228,3228,3228,47.01267623901367,46.75556564331055,46.326698303222656,46.86014938354492,46.62034606933594,46.84384536743164,48.71279525756836,47.22270965576172,46.25648880004883,48.063987731933594,0,0,0,0,0,0,0,0,10.536332130432129,17179869184,24696061952,13086031872,24218107904
100003,1772017420461,3228,3228,3228,3228,3228,3228,3228,3228,47.01267623901367,46.75556564331055,46.326698303222656,46.86014938354492,46.62034606933594,46.84384536743164,48.71279525756836,47.22270965576172,46.25648880004883,48.063987731933594,NaN,100,NaN,0,NaN,0,0,0,10.536332130432129,17179869184,24696061952,13086031872,24218107904
12,1772017520468,3228,3228,3228,3228,3228,3228,3228,3228,45.77906036376953,46.41668701171875,45.18268585205078,45.769527435302734,45.925331115722656,45.7661247253418,47.84634780883789,46.43372344970703,45.40364456176758,47.271888732910156,35.256282806396484,34.31815719604492,17.085880279541016,10.826238632202148,6.656656265258789,5.364291191101074,3.6314525604248047,3.050610065460205,7.282096862792969,17179869184,24696061952,12953780224,24201330688
