Delta,Time,CPU_FREQUENCY_0,CPU_FREQUENCY_1,CPU_FREQUENCY_2,CPU_FREQUENCY_3,CPU_FREQUENCY_4,CPU_FREQUENCY_5,CPU_FREQUENCY_6,CPU_FREQUENCY_7,CPU_TEMP_0,CPU_TEMP_1,CPU_TEMP_2,CPU_TEMP_3,CPU_TEMP_4,CPU_TEMP_5,CPU_TEMP_6,CPU_TEMP_7,CPU_TEMP_8,CPU_TEMP_9,CPU_USAGE_0,CPU_USAGE_1,CPU_USAGE_2,CPU_USAGE_3,CPU_USAGE_4,CPU_USAGE_5,CPU_USAGE_6,CPU_USAGE_7,SYSTEM_POWER (Watts),TOTAL_MEMORY,TOTAL_SWAP,USED_MEMORY,USED_SWAP
0,1772014994438,3228,3228,3228,3228,3228,3228,3228,3228,48.36249923706055,48.88624572753906,50.47492218017578,51.0609016418457,49.645896911621094,47.61167526245117,51.72315216064453,50.50253677368164,48.538246154785156,49.18882751464844,0,50,50,0,100,50,0,0,14.05522632598877,17179869184,23622320128,13589839872,23071293440
100005,1772014994438,3228,3228,3228,3228,3228,3228,3228,3228,48.36249923706055,48.88624572753906,50.47492218017578,51.0609016418457,49.645896911621094,47.61167526245117,51.72315216064453,50.50253677368164,48.538246154785156,49.18882751464844,NaN,0,NaN,100,100,0,0,0,14.05522632598877,17179869184,23622320128,13592117248,23071293440
12,1772015094446,3228,3228,3228,3228,3228,3228,3228,3228,48.13138198852539,49.038726806640625,48.32373046875,49.56128692626953,48.863121032714844,47.91698455810547,50.418670654296875,49.96675109863281,48.55995178222656,49.588470458984375,42.41813659667969,40.94297790527344,28.772354125976563,20.162504196166992,12.695391654968262,12.070520401000977,7.015612602233887,5.412164688110352,11.0713529586792,17179869184,23622320128,13205061632,23071293440
