Delta,Time,CPU_FREQUENCY_0,CPU_FREQUENCY_1,CPU_FREQUENCY_2,CPU_FREQUENCY_3,CPU_FREQUENCY_4,CPU_FREQUENCY_5,CPU_FREQUENCY_6,CPU_FREQUENCY_7,CPU_TEMP_0,CPU_TEMP_1,CPU_TEMP_2,CPU_TEMP_3,CPU_TEMP_4,CPU_TEMP_5,CPU_TEMP_6,CPU_TEMP_7,CPU_TEMP_8,CPU_TEMP_9,CPU_USAGE_0,CPU_USAGE_1,CPU_USAGE_2,CPU_USAGE_3,CPU_USAGE_4,CPU_USAGE_5,CPU_USAGE_6,CPU_USAGE_7,SYSTEM_POWER (Watts),TOTAL_MEMORY,TOTAL_SWAP,USED_MEMORY,USED_SWAP
0,1772008110404,3228,3228,3228,3228,3228,3228,3228,3228,49.43841552734375,48.5147590637207,54.55097961425781,53.18412780761719,49.98162078857422,47.91777038574219,51.39419937133789,51.64469528198242,48.52011489868164,49.99335479736328,NaN,100,0,0,0,0,0,0,14.830273628234863,17179869184,22548578304,13156122624,21975007232
100005,1772008110404,3228,3228,3228,3228,3228,3228,3228,3228,49.43841552734375,48.5147590637207,54.55097961425781,53.18412780761719,49.98162078857422,47.91777038574219,51.39419937133789,51.64469528198242,48.52011489868164,49.99335479736328,0,0,50,0,100,0,50,0,14.830273628234863,17179869184,22548578304,13156122624,21975007232
12,1772008210412,3228,3228,3228,3228,3228,3228,3228,3228,44.75239562988281,45.45814514160156,44.6497802734375,44.690250396728516,45.12995147705078,45.041141510009766,47.21665573120117,46.35488510131836,44.98515701293945,46.48725128173828,52.42024612426758,52.02213668823242,22.77018928527832,15.735633850097656,11.344959259033203,9.079066276550293,6.529794692993164,4.914914608001709,8.321831703186035,17179869184,22548578304,12566298624,21975007232
