Delta,Time,CPU_FREQUENCY_0,CPU_FREQUENCY_1,CPU_FREQUENCY_2,CPU_FREQUENCY_3,CPU_FREQUENCY_4,CPU_FREQUENCY_5,CPU_FREQUENCY_6,CPU_FREQUENCY_7,CPU_TEMP_0,CPU_TEMP_1,CPU_TEMP_2,CPU_TEMP_3,CPU_TEMP_4,CPU_TEMP_5,CPU_TEMP_6,CPU_TEMP_7,CPU_TEMP_8,CPU_TEMP_9,CPU_USAGE_0,CPU_USAGE_1,CPU_USAGE_2,CPU_USAGE_3,CPU_USAGE_4,CPU_USAGE_5,CPU_USAGE_6,CPU_USAGE_7,SYSTEM_POWER (Watts),TOTAL_MEMORY,TOTAL_SWAP,USED_MEMORY,USED_SWAP
0,1772010293616,3228,3228,3228,3228,3228,3228,3228,3228,50.92490005493164,50.617977142333984,56.25056457519531,54.73662185668945,51.53929138183594,49.90645980834961,53.82209777832031,53.46796417236328,49.80143737792969,51.39869689941406,0,0,50,0,0,0,0,0,22.443859100341797,17179869184,22548578304,13470220288,21928673280
100010,1772010293616,3228,3228,3228,3228,3228,3228,3228,3228,50.92490005493164,50.617977142333984,56.25056457519531,54.73662185668945,51.53929138183594,49.90645980834961,53.82209777832031,53.46796417236328,49.80143737792969,51.39869689941406,100,100,NaN,0,50,0,0,0,22.443859100341797,17179869184,22548578304,13470220288,21928673280
13,1772010393628,3228,3228,3228,3228,3228,3228,3228,3228,45.26357650756836,45.659812927246094,45.519187927246094,46.48157501220703,45.94110870361328,45.656471252441406,48.04501724243164,47.038021087646484,45.808536529541016,47.383056640625,27.87000846862793,27.401670455932617,21.1750545501709,16.215675354003906,11.589702606201172,9.636382102966309,7.718490123748779,6.724034309387207,7.272080421447754,17179869184,22548578304,12906004480,21928673280
