Delta,Time,CPU_FREQUENCY_0,CPU_FREQUENCY_1,CPU_FREQUENCY_2,CPU_FREQUENCY_3,CPU_FREQUENCY_4,CPU_FREQUENCY_5,CPU_FREQUENCY_6,CPU_FREQUENCY_7,CPU_TEMP_0,CPU_TEMP_1,CPU_TEMP_2,CPU_TEMP_3,CPU_TEMP_4,CPU_TEMP_5,CPU_TEMP_6,CPU_TEMP_7,CPU_TEMP_8,CPU_TEMP_9,CPU_USAGE_0,CPU_USAGE_1,CPU_USAGE_2,CPU_USAGE_3,CPU_USAGE_4,CPU_USAGE_5,CPU_USAGE_6,CPU_USAGE_7,SYSTEM_POWER (Watts),TOTAL_MEMORY,TOTAL_SWAP,USED_MEMORY,USED_SWAP
0,1772009687187,3228,3228,3228,3228,3228,3228,3228,3228,50.91954040527344,51.136940002441406,55.07263946533203,54.22574996948242,52.54090881347656,50.61861038208008,54.13532638549805,53.71590805053711,50.810794830322266,51.49613952636719,0,66.66667175292969,50,50,0,0,0,0,21.375011444091797,17179869184,22548578304,12270108672,21937061888
100005,1772009687187,3228,3228,3228,3228,3228,3228,3228,3228,50.91954040527344,51.136940002441406,55.07263946533203,54.22574996948242,52.54090881347656,50.61861038208008,54.13532638549805,53.71590805053711,50.810794830322266,51.49613952636719,100,NaN,NaN,0,0,0,0,0,21.375011444091797,17179869184,22548578304,12270338048,21937061888
11,1772009787194,3228,3228,3228,3228,3228,3228,3228,3228,45.45224380493164,46.508853912353516,46.57984161376953,46.87458801269531,47.57417297363281,46.141204833984375,48.27730178833008,47.38456344604492,46.26462936401367,47.20060729980469,27.569198608398438,27.075159072875977,20.924402236938477,16.00681495666504,11.729940414428711,9.655448913574219,7.71771764755249,6.775420188903809,7.415115833282471,17179869184,22548578304,12512116736,21937061888
