Delta,Time,CPU_FREQUENCY_0,CPU_FREQUENCY_1,CPU_FREQUENCY_2,CPU_FREQUENCY_3,CPU_FREQUENCY_4,CPU_FREQUENCY_5,CPU_FREQUENCY_6,CPU_FREQUENCY_7,CPU_TEMP_0,CPU_TEMP_1,CPU_TEMP_2,CPU_TEMP_3,CPU_TEMP_4,CPU_TEMP_5,CPU_TEMP_6,CPU_TEMP_7,CPU_TEMP_8,CPU_TEMP_9,CPU_USAGE_0,CPU_USAGE_1,CPU_USAGE_2,CPU_USAGE_3,CPU_USAGE_4,CPU_USAGE_5,CPU_USAGE_6,CPU_USAGE_7,SYSTEM_POWER (Watts),TOTAL_MEMORY,TOTAL_SWAP,USED_MEMORY,USED_SWAP
0,1772016727250,3228,3228,3228,3228,3228,3228,3228,3228,60.633445739746094,61.753360748291016,63.72479248046875,64.10209655761719,61.36888885498047,59.93698501586914,67.01370239257813,65.98741912841797,61.29526138305664,61.05176544189453,0,100,NaN,0,100,50,0,0,21.455825805664063,17179869184,24696061952,13507198976,23983423488
100006,1772016727250,3228,3228,3228,3228,3228,3228,3228,3228,60.633445739746094,61.753360748291016,63.72479248046875,64.10209655761719,61.36888885498047,59.93698501586914,67.01370239257813,65.98741912841797,61.29526138305664,61.05176544189453,100,66.66667175292969,50,0,0,100,0,0,21.455825805664063,17179869184,24696061952,13505855488,23983423488
11,1772016827258,3228,3228,3228,3228,3228,3228,3228,3228,65.62019348144531,65.81654357910156,68.0203857421875,68.78211975097656,66.14300537109375,64.4719009399414,70.51953887939453,69.43546295166016,65.49725341796875,65.54378509521484,45.00555419921875,43.68059539794922,45.67119216918945,34.34455108642578,27.041942596435547,52.05891036987305,26.65264320373535,19.831815719604492,20.643281936645508,17179869184,24696061952,13340196864,24226562048
