Delta,Time,CPU_FREQUENCY_0,CPU_FREQUENCY_1,CPU_FREQUENCY_2,CPU_FREQUENCY_3,CPU_FREQUENCY_4,CPU_FREQUENCY_5,CPU_FREQUENCY_6,CPU_FREQUENCY_7,CPU_TEMP_0,CPU_TEMP_1,CPU_TEMP_2,CPU_TEMP_3,CPU_TEMP_4,CPU_TEMP_5,CPU_TEMP_6,CPU_TEMP_7,CPU_TEMP_8,CPU_TEMP_9,CPU_USAGE_0,CPU_USAGE_1,CPU_USAGE_2,CPU_USAGE_3,CPU_USAGE_4,CPU_USAGE_5,CPU_USAGE_6,CPU_USAGE_7,SYSTEM_POWER (Watts),TOTAL_MEMORY,TOTAL_SWAP,USED_MEMORY,USED_SWAP
0,1772015341065,3228,3228,3228,3228,3228,3228,3228,3228,50.78180694580078,51.23456954956055,50.747154235839844,52.013099670410156,51.326690673828125,50.26813507080078,52.764408111572266,51.504798889160156,51.16386032104492,52.076416015625,0,NaN,100,NaN,NaN,0,0,50,8.966207504272461,17179869184,23622320128,13464403968,23131389952
100002,1772015341065,3228,3228,3228,3228,3228,3228,3228,3228,50.78180694580078,51.23456954956055,50.747154235839844,52.013099670410156,51.326690673828125,50.26813507080078,52.764408111572266,51.504798889160156,51.16386032104492,52.076416015625,0,50,50,0,50,100,NaN,0,8.966207504272461,17179869184,23622320128,13465010176,23131389952
5,1772015441068,3228,3228,3228,3228,3228,3228,3228,3228,55.752830505371094,56.57429885864258,56.320091247558594,56.74135971069336,55.88334655761719,54.75168991088867,58.084922790527344,57.084983825683594,56.507843017578125,56.77272033691406,55.42667007446289,54.23933792114258,41.08995819091797,32.649574279785156,25.293821334838867,23.314607620239258,15.233513832092285,11.837757110595703,16.270713806152344,17179869184,24696061952,13578813440,23672455168
