Delta,Time,CPU_FREQUENCY_0,CPU_FREQUENCY_1,CPU_FREQUENCY_2,CPU_FREQUENCY_3,CPU_FREQUENCY_4,CPU_FREQUENCY_5,CPU_FREQUENCY_6,CPU_FREQUENCY_7,CPU_TEMP_0,CPU_TEMP_1,CPU_TEMP_2,CPU_TEMP_3,CPU_TEMP_4,CPU_TEMP_5,CPU_TEMP_6,CPU_TEMP_7,CPU_TEMP_8,CPU_TEMP_9,CPU_USAGE_0,CPU_USAGE_1,CPU_USAGE_2,CPU_USAGE_3,CPU_USAGE_4,CPU_USAGE_5,CPU_USAGE_6,CPU_USAGE_7,SYSTEM_POWER (Watts),TOTAL_MEMORY,TOTAL_SWAP,USED_MEMORY,USED_SWAP
0,1772013439107,3228,3228,3228,3228,3228,3228,3228,3228,52.2755241394043,52.212623596191406,54.72699737548828,55.29865646362305,53.25041961669922,51.45209503173828,55.684967041015625,54.736061096191406,51.874141693115234,53.03467559814453,0,0,0,NaN,0,100,0,0,19.940357208251953,17179869184,23622320128,13135904768,23330816000
100005,1772013439107,3228,3228,3228,3228,3228,3228,3228,3228,52.2755241394043,52.212623596191406,54.72699737548828,55.29865646362305,53.25041961669922,51.45209503173828,55.684967041015625,54.736061096191406,51.874141693115234,53.03467559814453,100,0,100,50,0,0,0,0,19.940357208251953,17179869184,23622320128,13132939264,23330816000
10,1772013539114,3228,3228,3228,3228,3228,3228,3228,3228,49.17918014526367,49.71332550048828,49.258506774902344,49.71342849731445,49.62736511230469,49.252376556396484,52.08231735229492,50.499900817871094,49.36970901489258,50.80030822753906,49.044071197509766,47.90744400024414,31.434598922729492,22.942594528198242,16.586442947387695,14.577902793884277,10.168302536010742,7.729274749755859,10.413576126098633,17179869184,23622320128,13438926848,23322427392
