Delta,Time,CPU_FREQUENCY_0,CPU_FREQUENCY_1,CPU_FREQUENCY_2,CPU_FREQUENCY_3,CPU_FREQUENCY_4,CPU_FREQUENCY_5,CPU_FREQUENCY_6,CPU_FREQUENCY_7,CPU_TEMP_0,CPU_TEMP_1,CPU_TEMP_2,CPU_TEMP_3,CPU_TEMP_4,CPU_TEMP_5,CPU_TEMP_6,CPU_TEMP_7,CPU_TEMP_8,CPU_TEMP_9,CPU_USAGE_0,CPU_USAGE_1,CPU_USAGE_2,CPU_USAGE_3,CPU_USAGE_4,CPU_USAGE_5,CPU_USAGE_6,CPU_USAGE_7,SYSTEM_POWER (Watts),TOTAL_MEMORY,TOTAL_SWAP,USED_MEMORY,USED_SWAP
0,1772011627980,3228,3228,3228,3228,3228,3228,3228,3228,53.0229606628418,53.20142364501953,57.48719787597656,57.7643928527832,54.206565856933594,52.57646942138672,58.170169830322266,57.57323455810547,52.917545318603516,53.224952697753906,100,100,0,0,0,0,0,0,24.48436737060547,17179869184,22548578304,12763201536,22004695040
100005,1772011627980,3228,3228,3228,3228,3228,3228,3228,3228,53.0229606628418,53.20142364501953,57.48719787597656,57.7643928527832,54.206565856933594,52.57646942138672,58.170169830322266,57.57323455810547,52.917545318603516,53.224952697753906,NaN,NaN,0,100,50,0,0,0,24.48436737060547,17179869184,22548578304,12763201536,22004695040
11,1772011727987,3228,3228,3228,3228,3228,3228,3228,3228,49.921295166015625,50.52960968017578,50.091636657714844,50.500125885009766,51.11720275878906,49.8194694519043,52.731407165527344,51.0438117980957,50.19762420654297,51.28057098388672,56.119163513183594,55.560028076171875,28.867223739624023,21.830772399902344,14.97342300415039,14.695268630981445,10.306489944458008,8.298297882080078,13.332311630249023,17179869184,22548578304,13398441984,22004695040
