Delta,Time,CPU_FREQUENCY_0,CPU_FREQUENCY_1,CPU_FREQUENCY_2,CPU_FREQUENCY_3,CPU_FREQUENCY_4,CPU_FREQUENCY_5,CPU_FREQUENCY_6,CPU_FREQUENCY_7,CPU_TEMP_0,CPU_TEMP_1,CPU_TEMP_2,CPU_TEMP_3,CPU_TEMP_4,CPU_TEMP_5,CPU_TEMP_6,CPU_TEMP_7,CPU_TEMP_8,CPU_TEMP_9,CPU_USAGE_0,CPU_USAGE_1,CPU_USAGE_2,CPU_USAGE_3,CPU_USAGE_4,CPU_USAGE_5,CPU_USAGE_6,CPU_USAGE_7,SYSTEM_POWER (Watts),TOTAL_MEMORY,TOTAL_SWAP,USED_MEMORY,USED_SWAP
0,1772010050837,3228,3228,3228,3228,3228,3228,3228,3228,50.3164176940918,49.27293014526367,55.887535095214844,55.766258239746094,52.784767150878906,49.90941619873047,52.270931243896484,52.56412124633789,48.76211166381836,50.03157043457031,33.333335876464844,0,0,50,0,0,0,0,17.55430030822754,17179869184,22548578304,12815187968,21937061888
100010,1772010050837,3228,3228,3228,3228,3228,3228,3228,3228,50.3164176940918,49.27293014526367,55.887535095214844,55.766258239746094,52.784767150878906,49.90941619873047,52.270931243896484,52.56412124633789,48.76211166381836,50.03157043457031,NaN,0,100,50,50,0,0,0,17.55430030822754,17179869184,22548578304,12815187968,21937061888
12,1772010150850,3228,3228,3228,3228,3228,3228,3228,3228,44.563865661621094,45.39262390136719,44.75160217285156,45.513221740722656,45.91615295410156,45.16785430908203,46.99201965332031,45.94947814941406,45.092254638671875,46.499664306640625,27.248943328857422,26.894054412841797,20.290725708007813,15.614351272583008,11.109997749328613,9.555288314819336,7.45820426940918,6.0536322593688965,9.12549114227295,17179869184,22548578304,11898994688,21937061888
