Delta,Time,CPU_FREQUENCY_0,CPU_FREQUENCY_1,CPU_FREQUENCY_2,CPU_FREQUENCY_3,CPU_FREQUENCY_4,CPU_FREQUENCY_5,CPU_FREQUENCY_6,CPU_FREQUENCY_7,CPU_TEMP_0,CPU_TEMP_1,CPU_TEMP_2,CPU_TEMP_3,CPU_TEMP_4,CPU_TEMP_5,CPU_TEMP_6,CPU_TEMP_7,CPU_TEMP_8,CPU_TEMP_9,CPU_USAGE_0,CPU_USAGE_1,CPU_USAGE_2,CPU_USAGE_3,CPU_USAGE_4,CPU_USAGE_5,CPU_USAGE_6,CPU_USAGE_7,SYSTEM_POWER (Watts),TOTAL_MEMORY,TOTAL_SWAP,USED_MEMORY,USED_SWAP
0,1772016958393,3228,3228,3228,3228,3228,3228,3228,3228,51.982303619384766,52.823978424072266,52.154876708984375,52.956539154052734,52.02631378173828,52.17289352416992,53.842262268066406,53.496849060058594,52.09573745727539,53.712242126464844,0,0,NaN,0,0,0,0,0,15.52589225769043,17179869184,24696061952,13357416448,24209784832
100005,1772016958393,3228,3228,3228,3228,3228,3228,3228,3228,51.982303619384766,52.823978424072266,52.154876708984375,52.956539154052734,52.02631378173828,52.17289352416992,53.842262268066406,53.496849060058594,52.09573745727539,53.712242126464844,66.66667175292969,66.66667175292969,50,100,0,0,0,0,15.52589225769043,17179869184,24696061952,13357416448,24209784832
14,1772017058401,3228,3228,3228,3228,3228,3228,3228,3228,50.361358642578125,50.437339782714844,51.05933380126953,51.87332534790039,50.87895965576172,50.21687316894531,52.81012725830078,52.4436149597168,50.86017608642578,51.61619567871094,39.61445236206055,38.59578323364258,28.485275268554688,20.022079467773438,12.339614868164063,11.171225547790527,6.295666217803955,4.771908760070801,13.385159492492676,17179869184,24696061952,13293731840,24209784832
