Delta,Time,CPU_FREQUENCY_0,CPU_FREQUENCY_1,CPU_FREQUENCY_2,CPU_FREQUENCY_3,CPU_FREQUENCY_4,CPU_FREQUENCY_5,CPU_FREQUENCY_6,CPU_FREQUENCY_7,CPU_TEMP_0,CPU_TEMP_1,CPU_TEMP_2,CPU_TEMP_3,CPU_TEMP_4,CPU_TEMP_5,CPU_TEMP_6,CPU_TEMP_7,CPU_TEMP_8,CPU_TEMP_9,CPU_USAGE_0,CPU_USAGE_1,CPU_USAGE_2,CPU_USAGE_3,CPU_USAGE_4,CPU_USAGE_5,CPU_USAGE_6,CPU_USAGE_7,SYSTEM_POWER (Watts),TOTAL_MEMORY,TOTAL_SWAP,USED_MEMORY,USED_SWAP
0,1772017304941,3228,3228,3228,3228,3228,3228,3228,3228,48.57450485229492,48.712650299072266,48.21216583251953,48.733585357666016,48.01416015625,48.652252197265625,50.1818733215332,48.912139892578125,48.21498107910156,49.20874786376953,50,50,0,0,50,0,33.333335876464844,0,8.65915584564209,17179869184,24696061952,13150846976,24226496512
100005,1772017304941,3228,3228,3228,3228,3228,3228,3228,3228,48.57450485229492,48.712650299072266,48.21216583251953,48.733585357666016,48.01416015625,48.652252197265625,50.1818733215332,48.912139892578125,48.21498107910156,49.20874786376953,0,0,100,50,0,0,0,0,8.65915584564209,17179869184,24696061952,13150846976,24226496512
12,1772017404947,3228,3228,3228,3228,3228,3228,3228,3228,46.78074645996094,47.06962203979492,45.960182189941406,47.075801849365234,46.45458984375,46.82221984863281,48.64852523803711,47.528873443603516,46.842281341552734,47.89702606201172,37.8443603515625,36.127864837646484,17.698938369750977,12.5,7.647647857666016,5.795215606689453,4.1925153732299805,3.610722064971924,6.732411861419678,17179869184,24696061952,13024378880,24226496512
