Delta,Time,CPU_FREQUENCY_0,CPU_FREQUENCY_1,CPU_FREQUENCY_2,CPU_FREQUENCY_3,CPU_FREQUENCY_4,CPU_FREQUENCY_5,CPU_FREQUENCY_6,CPU_FREQUENCY_7,CPU_TEMP_0,CPU_TEMP_1,CPU_TEMP_2,CPU_TEMP_3,CPU_TEMP_4,CPU_TEMP_5,CPU_TEMP_6,CPU_TEMP_7,CPU_TEMP_8,CPU_TEMP_9,CPU_USAGE_0,CPU_USAGE_1,CPU_USAGE_2,CPU_USAGE_3,CPU_USAGE_4,CPU_USAGE_5,CPU_USAGE_6,CPU_USAGE_7,SYSTEM_POWER (Watts),TOTAL_MEMORY,TOTAL_SWAP,USED_MEMORY,USED_SWAP
0,1772013076436,3228,3228,3228,3228,3228,3228,3228,3228,46.66485595703125,45.840946197509766,51.40026092529297,50.11532211303711,46.490257263183594,45.29296112060547,48.915531158447266,48.212467193603516,45.82414245605469,46.72688293457031,0,66.66667175292969,0,0,0,0,0,0,15.113216400146484,17179869184,23622320128,13192757248,23019454464
100010,1772013076437,3228,3228,3228,3228,3228,3228,3228,3228,46.66485595703125,45.840946197509766,51.40026092529297,50.11532211303711,46.490257263183594,45.29296112060547,48.915531158447266,48.212467193603516,45.82414245605469,46.72688293457031,100,NaN,100,0,0,0,0,0,15.113216400146484,17179869184,23622320128,13193019392,23019454464
11,1772013176454,3228,3228,3228,3228,3228,3228,3228,3228,44.05635452270508,44.39878845214844,43.461585998535156,44.305580139160156,44.206756591796875,44.35932922363281,46.15995407104492,44.78449249267578,44.2757568359375,45.469627380371094,35.49003982543945,34.46645736694336,21.94240951538086,14.904279708862305,10.748271942138672,9.525239944458008,7.127840995788574,5.874111652374268,7.60675573348999,17179869184,23622320128,12990676992,23019454464
