Delta,Time,CPU_FREQUENCY_0,CPU_FREQUENCY_1,CPU_FREQUENCY_2,CPU_FREQUENCY_3,CPU_FREQUENCY_4,CPU_FREQUENCY_5,CPU_FREQUENCY_6,CPU_FREQUENCY_7,CPU_TEMP_0,CPU_TEMP_1,CPU_TEMP_2,CPU_TEMP_3,CPU_TEMP_4,CPU_TEMP_5,CPU_TEMP_6,CPU_TEMP_7,CPU_TEMP_8,CPU_TEMP_9,CPU_USAGE_0,CPU_USAGE_1,CPU_USAGE_2,CPU_USAGE_3,CPU_USAGE_4,CPU_USAGE_5,CPU_USAGE_6,CPU_USAGE_7,SYSTEM_POWER (Watts),TOTAL_MEMORY,TOTAL_SWAP,USED_MEMORY,USED_SWAP
0,1772008474313,3228,3228,3228,3228,3228,3228,3228,3228,51.55193328857422,51.822383880615234,55.028045654296875,55.026145935058594,52.163421630859375,50.64207458496094,56.52165222167969,55.488059997558594,51.46064376831055,52.294410705566406,100,100,100,66.66667175292969,66.66667175292969,66.66667175292969,75,50,21.45958709716797,17179869184,22548578304,13630816256,21824012288
100006,1772008474313,3228,3228,3228,3228,3228,3228,3228,3228,51.55193328857422,51.822383880615234,55.028045654296875,55.026145935058594,52.163421630859375,50.64207458496094,56.52165222167969,55.488059997558594,51.46064376831055,52.294410705566406,100,100,100,100,NaN,100,NaN,100,21.45958709716797,17179869184,22548578304,13630816256,21824012288
11,1772008574327,3228,3228,3228,3228,3228,3228,3228,3228,46.91242218017578,47.71419143676758,47.118194580078125,48.10114288330078,48.087921142578125,47.22673797607422,50.163997650146484,48.99894332885742,47.52149200439453,48.74345397949219,57.804168701171875,57.21903610229492,30.898651123046875,24.47749137878418,15.156987190246582,13.208304405212402,9.166500091552734,7.2587103843688965,8.652265548706055,17179869184,22548578304,13375160320,22059548672
