Delta,Time,CPU_FREQUENCY_0,CPU_FREQUENCY_1,CPU_FREQUENCY_2,CPU_FREQUENCY_3,CPU_FREQUENCY_4,CPU_FREQUENCY_5,CPU_FREQUENCY_6,CPU_FREQUENCY_7,CPU_TEMP_0,CPU_TEMP_1,CPU_TEMP_2,CPU_TEMP_3,CPU_TEMP_4,CPU_TEMP_5,CPU_TEMP_6,CPU_TEMP_7,CPU_TEMP_8,CPU_TEMP_9,CPU_USAGE_0,CPU_USAGE_1,CPU_USAGE_2,CPU_USAGE_3,CPU_USAGE_4,CPU_USAGE_5,CPU_USAGE_6,CPU_USAGE_7,SYSTEM_POWER (Watts),TOTAL_MEMORY,TOTAL_SWAP,USED_MEMORY,USED_SWAP
0,1772013318005,3228,3228,3228,3228,3228,3228,3228,3228,48.38252258300781,47.729366302490234,52.83180236816406,53.20951461791992,49.63249969482422,47.25714111328125,50.663150787353516,49.71160888671875,46.42571258544922,48.38084411621094,100,50,50,0,0,0,0,0,16.458011627197266,17179869184,23622320128,13171163136,22985900032
100001,1772013318005,3228,3228,3228,3228,3228,3228,3228,3228,48.38252258300781,47.729366302490234,52.83180236816406,53.20951461791992,49.63249969482422,47.25714111328125,50.663150787353516,49.71160888671875,46.42571258544922,48.38084411621094,0,100,50,100,0,0,0,0,16.458011627197266,17179869184,23622320128,13172293632,22985900032
7,1772013418009,3228,3228,3228,3228,3228,3228,3228,3228,48.19213104248047,48.174339294433594,47.390838623046875,48.85527420043945,48.425819396972656,47.777259826660156,50.258914947509766,49.06939697265625,47.86418914794922,49.78137969970703,48.71614456176758,47.800262451171875,34.60649108886719,23.828163146972656,17.116214752197266,16.77859115600586,10.648101806640625,8.65038013458252,7.478683948516846,17179869184,23622320128,13147832320,23330816000
