Delta,Time,CPU_FREQUENCY_0,CPU_FREQUENCY_1,CPU_FREQUENCY_2,CPU_FREQUENCY_3,CPU_FREQUENCY_4,CPU_FREQUENCY_5,CPU_FREQUENCY_6,CPU_FREQUENCY_7,CPU_TEMP_0,CPU_TEMP_1,CPU_TEMP_2,CPU_TEMP_3,CPU_TEMP_4,CPU_TEMP_5,CPU_TEMP_6,CPU_TEMP_7,CPU_TEMP_8,CPU_TEMP_9,CPU_USAGE_0,CPU_USAGE_1,CPU_USAGE_2,CPU_USAGE_3,CPU_USAGE_4,CPU_USAGE_5,CPU_USAGE_6,CPU_USAGE_7,SYSTEM_POWER (Watts),TOTAL_MEMORY,TOTAL_SWAP,USED_MEMORY,USED_SWAP
0,1771987520583,3228,3228,3228,3228,3228,3228,3228,3228,58.22710418701172,58.41605758666992,62.99358367919922,62.91706085205078,58.53694152832031,56.53444290161133,61.189292907714844,60.308250427246094,57.58648681640625,58.639076232910156,100,100,0,0,0,50,0,0,20.887773513793945,17179869184,22548578304,12307349504,21785542656
100005,1771987520583,3228,3228,3228,3228,3228,3228,3228,3228,58.22710418701172,58.41605758666992,62.99358367919922,62.91706085205078,58.53694152832031,56.53444290161133,61.189292907714844,60.308250427246094,57.58648681640625,58.639076232910156,100,NaN,100,NaN,50,50,0,0,20.887773513793945,17179869184,22548578304,12299517952,21785542656
13,1771987620591,3228,3228,3228,3228,3228,3228,3228,3228,53.191734313964844,55.08845520019531,53.46990966796875,54.506595611572266,53.356590270996094,53.38284683227539,56.178531646728516,54.47123336791992,54.41917037963867,55.459625244140625,94.33697509765625,94.477294921875,33.83435821533203,26.294580459594727,16.105358123779297,19.50582504272461,7.427082061767578,4.683747291564941,9.161100387573242,17179869184,22548578304,12459900928,21777154048
