Delta,Time,CPU_FREQUENCY_0,CPU_FREQUENCY_1,CPU_FREQUENCY_2,CPU_FREQUENCY_3,CPU_FREQUENCY_4,CPU_FREQUENCY_5,CPU_FREQUENCY_6,CPU_FREQUENCY_7,CPU_TEMP_0,CPU_TEMP_1,CPU_TEMP_2,CPU_TEMP_3,CPU_TEMP_4,CPU_TEMP_5,CPU_TEMP_6,CPU_TEMP_7,CPU_TEMP_8,CPU_TEMP_9,CPU_USAGE_0,CPU_USAGE_1,CPU_USAGE_2,CPU_USAGE_3,CPU_USAGE_4,CPU_USAGE_5,CPU_USAGE_6,CPU_USAGE_7,SYSTEM_POWER (Watts),TOTAL_MEMORY,TOTAL_SWAP,USED_MEMORY,USED_SWAP
0,1771987641285,3228,3228,3228,3228,3228,3228,3228,3228,58.2157096862793,58.77309799194336,64.13481903076172,64.19186401367188,58.82405090332031,57.00644302368164,61.37656784057617,60.89103698730469,58.040802001953125,58.27996826171875,NaN,100,100,NaN,0,0,0,0,21.07667350769043,17179869184,22548578304,12374589440,21777154048
100004,1771987641285,3228,3228,3228,3228,3228,3228,3228,3228,58.2157096862793,58.77309799194336,64.13481903076172,64.19186401367188,58.82405090332031,57.00644302368164,61.37656784057617,60.89103698730469,58.040802001953125,58.27996826171875,100,100,NaN,0,0,NaN,0,0,21.07667350769043,17179869184,22548578304,12376768512,21777154048
11,1771987741291,3228,3228,3228,3228,3228,3228,3228,3228,52.92002487182617,55.250282287597656,53.78881072998047,54.95290756225586,54.63890838623047,53.0518913269043,56.42059326171875,55.127437591552734,55.084373474121094,55.413970947265625,94.6693344116211,94.57862091064453,31.894725799560547,25.13848304748535,15.90109634399414,18.668407440185547,7.096322059631348,4.543180465698242,7.763210773468018,17179869184,22548578304,12680364032,21777154048
