Delta,Time,CPU_FREQUENCY_0,CPU_FREQUENCY_1,CPU_FREQUENCY_2,CPU_FREQUENCY_3,CPU_FREQUENCY_4,CPU_FREQUENCY_5,CPU_FREQUENCY_6,CPU_FREQUENCY_7,CPU_TEMP_0,CPU_TEMP_1,CPU_TEMP_2,CPU_TEMP_3,CPU_TEMP_4,CPU_TEMP_5,CPU_TEMP_6,CPU_TEMP_7,CPU_TEMP_8,CPU_TEMP_9,CPU_USAGE_0,CPU_USAGE_1,CPU_USAGE_2,CPU_USAGE_3,CPU_USAGE_4,CPU_USAGE_5,CPU_USAGE_6,CPU_USAGE_7,SYSTEM_POWER (Watts),TOTAL_MEMORY,TOTAL_SWAP,USED_MEMORY,USED_SWAP
0,1771988244321,3228,3228,3228,3228,3228,3228,3228,3228,57.25054931640625,57.340763092041016,63.01121520996094,62.241844177246094,59.334327697753906,56.05340576171875,60.48863983154297,59.581783294677734,56.479732513427734,56.84275817871094,0,50,0,0,50,0,0,0,20.51593017578125,17179869184,22548578304,12674891776,21777154048
100009,1771988244321,3228,3228,3228,3228,3228,3228,3228,3228,57.25054931640625,57.340763092041016,63.01121520996094,62.241844177246094,59.334327697753906,56.05340576171875,60.48863983154297,59.581783294677734,56.479732513427734,56.84275817871094,NaN,NaN,NaN,50,0,0,0,0,20.51593017578125,17179869184,22548578304,12675465216,21777154048
11,1771988344332,3228,3228,3228,3228,3228,3228,3228,3228,51.54505920410156,53.10393142700195,51.877418518066406,53.10039520263672,52.873779296875,51.79719543457031,54.58828353881836,53.08031463623047,52.63490295410156,53.584312438964844,49.84909439086914,48.361732482910156,33.68962478637695,25.838623046875,15.76725959777832,19.732877731323242,7.2552361488342285,4.623236179351807,8.574511528015137,17179869184,22548578304,12786974720,21777154048
