Delta,Time,CPU_FREQUENCY_0,CPU_FREQUENCY_1,CPU_FREQUENCY_2,CPU_FREQUENCY_3,CPU_FREQUENCY_4,CPU_FREQUENCY_5,CPU_FREQUENCY_6,CPU_FREQUENCY_7,CPU_TEMP_0,CPU_TEMP_1,CPU_TEMP_2,CPU_TEMP_3,CPU_TEMP_4,CPU_TEMP_5,CPU_TEMP_6,CPU_TEMP_7,CPU_TEMP_8,CPU_TEMP_9,CPU_USAGE_0,CPU_USAGE_1,CPU_USAGE_2,CPU_USAGE_3,CPU_USAGE_4,CPU_USAGE_5,CPU_USAGE_6,CPU_USAGE_7,SYSTEM_POWER (Watts),TOTAL_MEMORY,TOTAL_SWAP,USED_MEMORY,USED_SWAP
0,1771985830324,3228,3228,3228,3228,3228,3228,3228,3228,57.76022720336914,58.56968688964844,63.319847106933594,63.37040328979492,59.29737854003906,56.65196990966797,61.48526382446289,60.292179107666016,57.08699035644531,58.08250427246094,50,100,0,0,50,0,0,0,20.384899139404297,17179869184,22548578304,12247236608,21785542656
100009,1771985830324,3228,3228,3228,3228,3228,3228,3228,3228,57.76022720336914,58.56968688964844,63.319847106933594,63.37040328979492,59.29737854003906,56.65196990966797,61.48526382446289,60.292179107666016,57.08699035644531,58.08250427246094,100,100,100,NaN,0,100,0,0,20.384899139404297,17179869184,22548578304,12247252992,21785542656
14,1771985930335,3228,3228,3228,3228,3228,3228,3228,3228,52.537776947021484,54.6317024230957,52.94268035888672,53.80067825317383,54.50391387939453,53.093040466308594,55.44892120361328,53.9245491027832,53.12221145629883,54.56444549560547,94.27798461914063,94.27741241455078,33.151790618896484,26.30942726135254,16.686771392822266,18.921361923217773,7.377706527709961,4.71329927444458,8.309394836425781,17179869184,22548578304,12204081152,21785542656
