Delta,Time,CPU_FREQUENCY_0,CPU_FREQUENCY_1,CPU_FREQUENCY_2,CPU_FREQUENCY_3,CPU_FREQUENCY_4,CPU_FREQUENCY_5,CPU_FREQUENCY_6,CPU_FREQUENCY_7,CPU_TEMP_0,CPU_TEMP_1,CPU_TEMP_2,CPU_TEMP_3,CPU_TEMP_4,CPU_TEMP_5,CPU_TEMP_6,CPU_TEMP_7,CPU_TEMP_8,CPU_TEMP_9,CPU_USAGE_0,CPU_USAGE_1,CPU_USAGE_2,CPU_USAGE_3,CPU_USAGE_4,CPU_USAGE_5,CPU_USAGE_6,CPU_USAGE_7,SYSTEM_POWER (Watts),TOTAL_MEMORY,TOTAL_SWAP,USED_MEMORY,USED_SWAP
0,1771989088470,3228,3228,3228,3228,3228,3228,3228,3228,56.2293815612793,56.252769470214844,61.65471649169922,61.24634552001953,57.53904724121094,55.45378875732422,59.40852737426758,58.713985443115234,55.32190704345703,56.37962341308594,NaN,0,50,0,0,0,0,0,19.310361862182617,17179869184,22548578304,12050284544,21768765440
100002,1771989088470,3228,3228,3228,3228,3228,3228,3228,3228,56.2293815612793,56.252769470214844,61.65471649169922,61.24634552001953,57.53904724121094,55.45378875732422,59.40852737426758,58.713985443115234,55.32190704345703,56.37962341308594,50,0,0,NaN,0,0,0,0,19.310361862182617,17179869184,22548578304,12050022400,21768765440
12,1771989188474,3228,3228,3228,3228,3228,3228,3228,3228,50.822532653808594,52.2475471496582,51.37632751464844,51.82667922973633,51.83856201171875,51.223323822021484,54.11112976074219,52.81754684448242,51.871910095214844,52.51385498046875,51.18735885620117,49.71780014038086,33.57877731323242,25.705074310302734,15.740275382995605,19.682666778564453,7.346161365509033,4.773341655731201,8.436644554138184,17179869184,22548578304,12520914944,21768765440
