Delta,Time,CPU_FREQUENCY_0,CPU_FREQUENCY_1,CPU_FREQUENCY_2,CPU_FREQUENCY_3,CPU_FREQUENCY_4,CPU_FREQUENCY_5,CPU_FREQUENCY_6,CPU_FREQUENCY_7,CPU_TEMP_0,CPU_TEMP_1,CPU_TEMP_2,CPU_TEMP_3,CPU_TEMP_4,CPU_TEMP_5,CPU_TEMP_6,CPU_TEMP_7,CPU_TEMP_8,CPU_TEMP_9,CPU_USAGE_0,CPU_USAGE_1,CPU_USAGE_2,CPU_USAGE_3,CPU_USAGE_4,CPU_USAGE_5,CPU_USAGE_6,CPU_USAGE_7,SYSTEM_POWER (Watts),TOTAL_MEMORY,TOTAL_SWAP,USED_MEMORY,USED_SWAP
0,1771986796890,3228,3228,3228,3228,3228,3228,3228,3228,57.41777420043945,58.09918975830078,63.47290802001953,62.512001037597656,58.181846618652344,56.2244873046875,61.003421783447266,60.068782806396484,57.26665496826172,57.54042053222656,100,100,100,0,NaN,50,0,0,20.771249771118164,17179869184,22548578304,12551258112,21785542656
100010,1771986796890,3228,3228,3228,3228,3228,3228,3228,3228,57.41777420043945,58.09918975830078,63.47290802001953,62.512001037597656,58.181846618652344,56.2244873046875,61.003421783447266,60.068782806396484,57.26665496826172,57.54042053222656,NaN,NaN,100,NaN,50,50,0,0,20.771249771118164,17179869184,22548578304,12552175616,21785542656
6,1771986896904,3228,3228,3228,3228,3228,3228,3228,3228,52.453636169433594,54.70524978637695,53.222816467285156,53.95005798339844,54.1170654296875,52.96957015991211,55.867034912109375,54.01895523071289,54.548912048339844,55.06529998779297,93.89595794677734,93.78570556640625,33.26608657836914,25.79572868347168,16.013269424438477,18.56985092163086,7.156459808349609,4.48358678817749,11.277510643005371,17179869184,22548578304,12916965376,21785542656
