Delta,Time,CPU_FREQUENCY_0,CPU_FREQUENCY_1,CPU_FREQUENCY_2,CPU_FREQUENCY_3,CPU_FREQUENCY_4,CPU_FREQUENCY_5,CPU_FREQUENCY_6,CPU_FREQUENCY_7,CPU_TEMP_0,CPU_TEMP_1,CPU_TEMP_2,CPU_TEMP_3,CPU_TEMP_4,CPU_TEMP_5,CPU_TEMP_6,CPU_TEMP_7,CPU_TEMP_8,CPU_TEMP_9,CPU_USAGE_0,CPU_USAGE_1,CPU_USAGE_2,CPU_USAGE_3,CPU_USAGE_4,CPU_USAGE_5,CPU_USAGE_6,CPU_USAGE_7,SYSTEM_POWER (Watts),TOTAL_MEMORY,TOTAL_SWAP,USED_MEMORY,USED_SWAP
0,1771986434736,3228,3228,3228,3228,3228,3228,3228,3228,58.17982864379883,58.217811584472656,63.37821960449219,62.33348846435547,58.75639343261719,56.44919967651367,61.51968765258789,60.30880355834961,57.86671829223633,58.05223083496094,100,100,0,0,50,0,0,0,20.978530883789063,17179869184,22548578304,12695535616,21785542656
100009,1771986434736,3228,3228,3228,3228,3228,3228,3228,3228,58.17982864379883,58.217811584472656,63.37821960449219,62.33348846435547,58.75639343261719,56.44919967651367,61.51968765258789,60.30880355834961,57.86671829223633,58.05223083496094,NaN,NaN,100,NaN,0,50,0,0,20.978530883789063,17179869184,22548578304,12695535616,21785542656
11,1771986534747,3228,3228,3228,3228,3228,3228,3228,3228,53.324462890625,54.832942962646484,53.694480895996094,53.883296966552734,53.69071960449219,53.76479721069336,56.4930305480957,54.5571403503418,54.24782943725586,55.039955139160156,94.61815643310547,94.48731994628906,33.817596435546875,25.974809646606445,16.0301513671875,19.5139102935791,7.0662522315979,4.523618698120117,10.03005313873291,17179869184,22548578304,12624412672,21785542656
