Delta,Time,CPU_FREQUENCY_0,CPU_FREQUENCY_1,CPU_FREQUENCY_2,CPU_FREQUENCY_3,CPU_FREQUENCY_4,CPU_FREQUENCY_5,CPU_FREQUENCY_6,CPU_FREQUENCY_7,CPU_TEMP_0,CPU_TEMP_1,CPU_TEMP_2,CPU_TEMP_3,CPU_TEMP_4,CPU_TEMP_5,CPU_TEMP_6,CPU_TEMP_7,CPU_TEMP_8,CPU_TEMP_9,CPU_USAGE_0,CPU_USAGE_1,CPU_USAGE_2,CPU_USAGE_3,CPU_USAGE_4,CPU_USAGE_5,CPU_USAGE_6,CPU_USAGE_7,SYSTEM_POWER (Watts),TOTAL_MEMORY,TOTAL_SWAP,USED_MEMORY,USED_SWAP
0,1771986555426,3228,3228,3228,3228,3228,3228,3228,3228,58.40373229980469,58.78131103515625,64.48031616210938,63.92485046386719,59.51507568359375,57.886871337890625,62.36491394042969,61.19187545776367,58.07858657836914,58.87132263183594,100,100,50,50,NaN,100,0,0,21.8757266998291,17179869184,22548578304,12492488704,21785542656
100011,1771986555426,3228,3228,3228,3228,3228,3228,3228,3228,58.40373229980469,58.78131103515625,64.48031616210938,63.92485046386719,59.51507568359375,57.886871337890625,62.36491394042969,61.19187545776367,58.07858657836914,58.87132263183594,100,100,100,100,50,0,100,NaN,21.8757266998291,17179869184,22548578304,12493930496,21785542656
12,1771986655439,3228,3228,3228,3228,3228,3228,3228,3228,52.86247634887695,54.41667556762695,52.839012145996094,53.55776596069336,53.81707763671875,52.946720123291016,55.47108840942383,54.00346755981445,53.94695281982422,54.771949768066406,94.52960205078125,94.59919738769531,32.27726745605469,24.65739631652832,15.246232032775879,18.495832443237305,6.97464656829834,4.502251148223877,8.292977333068848,17179869184,22548578304,12456263680,21785542656
