Delta,Time,CPU_FREQUENCY_0,CPU_FREQUENCY_1,CPU_FREQUENCY_2,CPU_FREQUENCY_3,CPU_FREQUENCY_4,CPU_FREQUENCY_5,CPU_FREQUENCY_6,CPU_FREQUENCY_7,CPU_TEMP_0,CPU_TEMP_1,CPU_TEMP_2,CPU_TEMP_3,CPU_TEMP_4,CPU_TEMP_5,CPU_TEMP_6,CPU_TEMP_7,CPU_TEMP_8,CPU_TEMP_9,CPU_USAGE_0,CPU_USAGE_1,CPU_USAGE_2,CPU_USAGE_3,CPU_USAGE_4,CPU_USAGE_5,CPU_USAGE_6,CPU_USAGE_7,SYSTEM_POWER (Watts),TOTAL_MEMORY,TOTAL_SWAP,USED_MEMORY,USED_SWAP
0,1772005762825,3228,3228,3228,3228,3228,3228,3228,3228,42.57581329345703,44.04969787597656,43.012908935546875,43.873680114746094,44.184814453125,43.424278259277344,45.970664978027344,44.159095764160156,43.67805480957031,44.66297912597656,0,0,0,0,0,0,0,0,3.385883092880249,17179869184,23622320128,13212876800,21846425600
100010,1772005762825,3228,3228,3228,3228,3228,3228,3228,3228,42.57581329345703,44.04969787597656,43.012908935546875,43.873680114746094,44.184814453125,43.424278259277344,45.970664978027344,44.159095764160156,43.67805480957031,44.66297912597656,50,NaN,50,0,0,0,0,0,3.385883092880249,17179869184,23622320128,13212336128,21846425600
12,1772005862836,3228,3228,3228,3228,3228,3228,3228,3228,42.73781967163086,44.15475082397461,43.27910614013672,43.844322204589844,44.34962463378906,43.30202865600586,46.14195251464844,44.45937728881836,44.139766693115234,44.74693298339844,43.188899993896484,42.480899810791016,15.345294952392578,9.181937217712402,5.03302001953125,3.6814727783203125,2.370237112045288,1.9303860664367676,3.0146803855895996,17179869184,23622320128,12827344896,21821259776
