Delta,Time,CPU_FREQUENCY_0,CPU_FREQUENCY_1,CPU_FREQUENCY_2,CPU_FREQUENCY_3,CPU_FREQUENCY_4,CPU_FREQUENCY_5,CPU_FREQUENCY_6,CPU_FREQUENCY_7,CPU_TEMP_0,CPU_TEMP_1,CPU_TEMP_2,CPU_TEMP_3,CPU_TEMP_4,CPU_TEMP_5,CPU_TEMP_6,CPU_TEMP_7,CPU_TEMP_8,CPU_TEMP_9,CPU_USAGE_0,CPU_USAGE_1,CPU_USAGE_2,CPU_USAGE_3,CPU_USAGE_4,CPU_USAGE_5,CPU_USAGE_6,CPU_USAGE_7,SYSTEM_POWER (Watts),TOTAL_MEMORY,TOTAL_SWAP,USED_MEMORY,USED_SWAP
0,1772004607316,3228,3228,3228,3228,3228,3228,3228,3228,43.09048843383789,44.44849395751953,44.19373321533203,44.50920104980469,43.7911376953125,44.10359191894531,46.03315734863281,45.06447219848633,43.70417404174805,45.13819885253906,50,0,0,0,0,0,0,0,2.65185809135437,17179869184,23622320128,12739952640,22014197760
100004,1772004607316,3228,3228,3228,3228,3228,3228,3228,3228,43.09048843383789,44.44849395751953,44.19373321533203,44.50920104980469,43.7911376953125,44.10359191894531,46.03315734863281,45.06447219848633,43.70417404174805,45.13819885253906,NaN,100,50,0,0,0,0,0,2.65185809135437,17179869184,23622320128,12740476928,22014197760
11,1772004707321,3228,3228,3228,3228,3228,3228,3228,3228,43.112308502197266,43.73383331298828,43.37226867675781,43.94529724121094,44.311676025390625,42.78828048706055,45.871543884277344,44.592437744140625,43.60637283325195,44.615440368652344,38.15365982055664,37.73508834838867,15.008516311645508,10.98427963256836,4.9834885597229,3.6614644527435303,2.620786190032959,2.1904380321502686,3.767411708831787,17179869184,23622320128,12666617856,22014197760
