Delta,Time,CPU_FREQUENCY_0,CPU_FREQUENCY_1,CPU_FREQUENCY_2,CPU_FREQUENCY_3,CPU_FREQUENCY_4,CPU_FREQUENCY_5,CPU_FREQUENCY_6,CPU_FREQUENCY_7,CPU_TEMP_0,CPU_TEMP_1,CPU_TEMP_2,CPU_TEMP_3,CPU_TEMP_4,CPU_TEMP_5,CPU_TEMP_6,CPU_TEMP_7,CPU_TEMP_8,CPU_TEMP_9,CPU_USAGE_0,CPU_USAGE_1,CPU_USAGE_2,CPU_USAGE_3,CPU_USAGE_4,CPU_USAGE_5,CPU_USAGE_6,CPU_USAGE_7,SYSTEM_POWER (Watts),TOTAL_MEMORY,TOTAL_SWAP,USED_MEMORY,USED_SWAP
0,1772004838438,3228,3228,3228,3228,3228,3228,3228,3228,42.9627571105957,43.83808898925781,43.027313232421875,43.32975769042969,43.84424591064453,43.733924865722656,45.999202728271484,44.459171295166016,43.660560607910156,44.32831573486328,100,0,0,0,0,0,0,0,4.168934345245361,17179869184,23622320128,12833832960,22014197760
100010,1772004838438,3228,3228,3228,3228,3228,3228,3228,3228,42.9627571105957,43.83808898925781,43.027313232421875,43.32975769042969,43.84424591064453,43.733924865722656,45.999202728271484,44.459171295166016,43.660560607910156,44.32831573486328,50,50,50,66.66667175292969,0,0,0,0,4.168934345245361,17179869184,23622320128,12834111488,22014197760
11,1772004938450,3228,3228,3228,3228,3228,3228,3228,3228,42.411136627197266,43.64019775390625,43.06147003173828,43.250186920166016,43.43144989013672,43.183349609375,45.59006118774414,44.169837951660156,43.121036529541016,43.959617614746094,36.865386962890625,36.463253021240234,12.565077781677246,7.816252708435059,4.3221611976623535,3.2913167476654053,2.5002501010894775,2.2200000286102295,3.326291561126709,17179869184,23622320128,12637782016,22014197760
