Delta,Time,CPU_FREQUENCY_0,CPU_FREQUENCY_1,CPU_FREQUENCY_2,CPU_FREQUENCY_3,CPU_FREQUENCY_4,CPU_FREQUENCY_5,CPU_FREQUENCY_6,CPU_FREQUENCY_7,CPU_TEMP_0,CPU_TEMP_1,CPU_TEMP_2,CPU_TEMP_3,CPU_TEMP_4,CPU_TEMP_5,CPU_TEMP_6,CPU_TEMP_7,CPU_TEMP_8,CPU_TEMP_9,CPU_USAGE_0,CPU_USAGE_1,CPU_USAGE_2,CPU_USAGE_3,CPU_USAGE_4,CPU_USAGE_5,CPU_USAGE_6,CPU_USAGE_7,SYSTEM_POWER (Watts),TOTAL_MEMORY,TOTAL_SWAP,USED_MEMORY,USED_SWAP
0,1772005647257,3228,3228,3228,3228,3228,3228,3228,3228,42.63084411621094,44.091732025146484,43.4339599609375,44.583656311035156,44.25006866455078,43.26532745361328,46.32371520996094,44.26028823852539,43.862342834472656,44.65925598144531,0,50,50,0,0,0,0,0,4.255451202392578,17179869184,23622320128,12918292480,21888368640
100010,1772005647257,3228,3228,3228,3228,3228,3228,3228,3228,42.63084411621094,44.091732025146484,43.4339599609375,44.583656311035156,44.25006866455078,43.26532745361328,46.32371520996094,44.26028823852539,43.862342834472656,44.65925598144531,NaN,100,0,50,0,0,0,0,4.255451202392578,17179869184,23622320128,12918489088,21888368640
10,1772005747270,3228,3228,3228,3228,3228,3228,3228,3228,42.30602264404297,43.03900909423828,42.60443878173828,42.9927978515625,43.10308074951172,43.005218505859375,45.427032470703125,43.84373474121094,43.569313049316406,43.68170166015625,38.84812545776367,38.58449935913086,9.972965240478516,5.764034748077393,3.7915165424346924,3.0209062099456787,2.4204840660095215,2.0902090072631836,2.516328811645508,17179869184,23622320128,12962545664,21846425600
