Delta,Time,CPU_FREQUENCY_0,CPU_FREQUENCY_1,CPU_FREQUENCY_2,CPU_FREQUENCY_3,CPU_FREQUENCY_4,CPU_FREQUENCY_5,CPU_FREQUENCY_6,CPU_FREQUENCY_7,CPU_TEMP_0,CPU_TEMP_1,CPU_TEMP_2,CPU_TEMP_3,CPU_TEMP_4,CPU_TEMP_5,CPU_TEMP_6,CPU_TEMP_7,CPU_TEMP_8,CPU_TEMP_9,CPU_USAGE_0,CPU_USAGE_1,CPU_USAGE_2,CPU_USAGE_3,CPU_USAGE_4,CPU_USAGE_5,CPU_USAGE_6,CPU_USAGE_7,SYSTEM_POWER (Watts),TOTAL_MEMORY,TOTAL_SWAP,USED_MEMORY,USED_SWAP
0,1772003336464,3228,3228,3228,3228,3228,3228,3228,3228,48.91734313964844,50.294742584228516,50.89772033691406,52.01176834106445,50.333473205566406,48.95075225830078,52.737483978271484,52.01268768310547,49.372074127197266,49.58270263671875,100,NaN,100,NaN,0,0,0,0,11.593499183654785,17179869184,23622320128,13496238080,22274441216
100013,1772003336464,3228,3228,3228,3228,3228,3228,3228,3228,48.91734313964844,50.294742584228516,50.89772033691406,52.01176834106445,50.333473205566406,48.95075225830078,52.737483978271484,52.01268768310547,49.372074127197266,49.58270263671875,NaN,100,50,66.66667175292969,100,100,0,0,22.00601577758789,17179869184,23622320128,13496238080,22274441216
10,1772003436480,3228,3228,3228,3228,3228,3228,3228,3228,46.59455108642578,48.2643928527832,47.7630615234375,48.040016174316406,47.719459533691406,47.8353271484375,50.070579528808594,48.54438781738281,47.85733413696289,48.501220703125,63.71316146850586,62.80916976928711,28.349945068359375,19.98394203186035,12.218101501464844,11.967951774597168,8.037233352661133,6.14307165145874,4.835890769958496,17179869184,23622320128,13044252672,22182100992
