Delta,Time,CPU_FREQUENCY_0,CPU_FREQUENCY_1,CPU_FREQUENCY_2,CPU_FREQUENCY_3,CPU_FREQUENCY_4,CPU_FREQUENCY_5,CPU_FREQUENCY_6,CPU_FREQUENCY_7,CPU_TEMP_0,CPU_TEMP_1,CPU_TEMP_2,CPU_TEMP_3,CPU_TEMP_4,CPU_TEMP_5,CPU_TEMP_6,CPU_TEMP_7,CPU_TEMP_8,CPU_TEMP_9,CPU_USAGE_0,CPU_USAGE_1,CPU_USAGE_2,CPU_USAGE_3,CPU_USAGE_4,CPU_USAGE_5,CPU_USAGE_6,CPU_USAGE_7,SYSTEM_POWER (Watts),TOTAL_MEMORY,TOTAL_SWAP,USED_MEMORY,USED_SWAP
0,1772003798545,3228,3228,3228,3228,3228,3228,3228,3228,40.779972076416016,42.55413818359375,42.56147003173828,42.50312805175781,43.04780578613281,42.319095611572266,44.3751106262207,43.24858856201172,42.65617370605469,43.48832702636719,33.333335876464844,50,0,50,0,0,0,0,3.3676843643188477,17179869184,23622320128,13045874688,22173712384
100002,1772003798545,3228,3228,3228,3228,3228,3228,3228,3228,40.779972076416016,42.55413818359375,42.56147003173828,42.50312805175781,43.04780578613281,42.319095611572266,44.3751106262207,43.24858856201172,42.65617370605469,43.48832702636719,NaN,0,50,0,0,0,0,0,3.3676843643188477,17179869184,23622320128,13044596736,22173712384
16,1772003898548,3228,3228,3228,3228,3228,3228,3228,3228,40.92539596557617,42.8496208190918,41.798851013183594,42.03635787963867,43.10369110107422,41.74835205078125,44.1390495300293,43.02733612060547,42.154850006103516,43.371986389160156,33.769107818603516,33.390323638916016,13.309964179992676,8.727855682373047,4.10205078125,3.3116557598114014,2.670267105102539,2.260226011276245,4.043328285217285,17179869184,23622320128,13037993984,22173712384
