Delta,Time,CPU_FREQUENCY_0,CPU_FREQUENCY_1,CPU_FREQUENCY_2,CPU_FREQUENCY_3,CPU_FREQUENCY_4,CPU_FREQUENCY_5,CPU_FREQUENCY_6,CPU_FREQUENCY_7,CPU_TEMP_0,CPU_TEMP_1,CPU_TEMP_2,CPU_TEMP_3,CPU_TEMP_4,CPU_TEMP_5,CPU_TEMP_6,CPU_TEMP_7,CPU_TEMP_8,CPU_TEMP_9,CPU_USAGE_0,CPU_USAGE_1,CPU_USAGE_2,CPU_USAGE_3,CPU_USAGE_4,CPU_USAGE_5,CPU_USAGE_6,CPU_USAGE_7,SYSTEM_POWER (Watts),TOTAL_MEMORY,TOTAL_SWAP,USED_MEMORY,USED_SWAP
0,1772003451975,3228,3228,3228,3228,3228,3228,3228,3228,46.91952133178711,48.17439270019531,47.642791748046875,48.0863151550293,47.91417694091797,47.91646194458008,49.85052490234375,48.88459014892578,48.0679817199707,48.67927551269531,100,100,100,50,0,0,0,0,3.9273681640625,17179869184,23622320128,13090160640,22182100992
100003,1772003451975,3228,3228,3228,3228,3228,3228,3228,3228,46.91952133178711,48.17439270019531,47.642791748046875,48.0863151550293,47.91417694091797,47.91646194458008,49.85052490234375,48.88459014892578,48.0679817199707,48.67927551269531,100,100,50,0,0,0,NaN,NaN,3.9273681640625,17179869184,23622320128,13089554432,22182100992
7,1772003551978,3228,3228,3228,3228,3228,3228,3228,3228,43.66173553466797,44.77114486694336,43.95789337158203,44.55298614501953,44.00764465332031,44.1987190246582,46.576576232910156,45.42618942260742,44.11772155761719,45.47120666503906,32.85369110107422,32.46125793457031,14.061091423034668,9.669670104980469,4.4426655769348145,3.4413766860961914,2.6405279636383057,2.3502349853515625,3.1688952445983887,17179869184,23622320128,12920979456,22182100992
