Delta,Time,CPU_FREQUENCY_0,CPU_FREQUENCY_1,CPU_FREQUENCY_2,CPU_FREQUENCY_3,CPU_FREQUENCY_4,CPU_FREQUENCY_5,CPU_FREQUENCY_6,CPU_FREQUENCY_7,CPU_TEMP_0,CPU_TEMP_1,CPU_TEMP_2,CPU_TEMP_3,CPU_TEMP_4,CPU_TEMP_5,CPU_TEMP_6,CPU_TEMP_7,CPU_TEMP_8,CPU_TEMP_9,CPU_USAGE_0,CPU_USAGE_1,CPU_USAGE_2,CPU_USAGE_3,CPU_USAGE_4,CPU_USAGE_5,CPU_USAGE_6,CPU_USAGE_7,SYSTEM_POWER (Watts),TOTAL_MEMORY,TOTAL_SWAP,USED_MEMORY,USED_SWAP
0,1772005069529,3228,3228,3228,3228,3228,3228,3228,3228,43.3565673828125,43.9665412902832,43.51165771484375,43.67344665527344,44.396636962890625,42.621639251708984,46.02503204345703,44.496002197265625,43.350284576416016,44.23063659667969,0,50,0,0,0,0,0,0,4.616203784942627,17179869184,23622320128,12828852224,22014197760
100002,1772005069529,3228,3228,3228,3228,3228,3228,3228,3228,43.3565673828125,43.9665412902832,43.51165771484375,43.67344665527344,44.396636962890625,42.621639251708984,46.02503204345703,44.496002197265625,43.350284576416016,44.23063659667969,NaN,0,66.66667175292969,100,0,0,0,0,4.616203784942627,17179869184,23622320128,12828852224,22014197760
10,1772005169531,3228,3228,3228,3228,3228,3228,3228,3228,41.771240234375,43.602027893066406,42.73371887207031,42.61846923828125,43.095245361328125,42.72542190551758,45.28026580810547,43.700477600097656,42.89189147949219,43.66577911376953,37.02996063232422,36.86909484863281,11.377065658569336,6.886197566986084,3.731865882873535,2.8611443042755127,2.150430202484131,1.920192003250122,2.847046136856079,17179869184,23622320128,12720619520,22014197760
