Delta,Time,CPU_FREQUENCY_0,CPU_FREQUENCY_1,CPU_FREQUENCY_2,CPU_FREQUENCY_3,CPU_FREQUENCY_4,CPU_FREQUENCY_5,CPU_FREQUENCY_6,CPU_FREQUENCY_7,CPU_TEMP_0,CPU_TEMP_1,CPU_TEMP_2,CPU_TEMP_3,CPU_TEMP_4,CPU_TEMP_5,CPU_TEMP_6,CPU_TEMP_7,CPU_TEMP_8,CPU_TEMP_9,CPU_USAGE_0,CPU_USAGE_1,CPU_USAGE_2,CPU_USAGE_3,CPU_USAGE_4,CPU_USAGE_5,CPU_USAGE_6,CPU_USAGE_7,SYSTEM_POWER (Watts),TOTAL_MEMORY,TOTAL_SWAP,USED_MEMORY,USED_SWAP
0,1772004260667,3228,3228,3228,3228,3228,3228,3228,3228,42.02480697631836,42.80034637451172,42.65718078613281,42.85894775390625,43.33514404296875,43.07075119018555,44.87712860107422,43.69654083251953,43.17130661010742,44.20934295654297,NaN,NaN,0,0,0,0,0,0,3.5087151527404785,17179869184,23622320128,12864110592,22173712384
100010,1772004260667,3228,3228,3228,3228,3228,3228,3228,3228,42.02480697631836,42.80034637451172,42.65718078613281,42.85894775390625,43.33514404296875,43.07075119018555,44.87712860107422,43.69654083251953,43.17130661010742,44.20934295654297,100,50,100,100,NaN,0,0,0,3.5087151527404785,17179869184,23622320128,12865503232,22173712384
16,1772004360679,3228,3228,3228,3228,3228,3228,3228,3228,41.99378967285156,43.583580017089844,42.73883056640625,43.06221389770508,43.40229797363281,42.83962631225586,45.060062408447266,43.711822509765625,43.22709274291992,44.05552673339844,36.2457275390625,36.19545364379883,13.157103538513184,8.48678970336914,4.381314277648926,3.270981550216675,2.6105220317840576,2.100210189819336,5.982855796813965,17179869184,23622320128,12695879680,22173712384
