Delta,Time,CPU_FREQUENCY_0,CPU_FREQUENCY_1,CPU_FREQUENCY_2,CPU_FREQUENCY_3,CPU_FREQUENCY_4,CPU_FREQUENCY_5,CPU_FREQUENCY_6,CPU_FREQUENCY_7,CPU_TEMP_0,CPU_TEMP_1,CPU_TEMP_2,CPU_TEMP_3,CPU_TEMP_4,CPU_TEMP_5,CPU_TEMP_6,CPU_TEMP_7,CPU_TEMP_8,CPU_TEMP_9,CPU_USAGE_0,CPU_USAGE_1,CPU_USAGE_2,CPU_USAGE_3,CPU_USAGE_4,CPU_USAGE_5,CPU_USAGE_6,CPU_USAGE_7,SYSTEM_POWER (Watts),TOTAL_MEMORY,TOTAL_SWAP,USED_MEMORY,USED_SWAP
0,1772002368765,3228,3228,3228,3228,3228,3228,3228,3228,59.97191619873047,60.21452713012695,59.579689025878906,59.667606353759766,59.48643493652344,59.41238021850586,61.3360710144043,60.85758590698242,59.89890670776367,61.093177795410156,100,100,100,100,0,0,0,0,12.827566146850586,17179869184,22548578304,12505006080,21584216064

Received Ctrl+C, stopping...

Received Ctrl+C, stopping...

Received Ctrl+C, stopping...
100004,1772002368765,3228,3228,3228,3228,3228,3228,3228,3228,59.97191619873047,60.21452713012695,59.579689025878906,59.667606353759766,59.48643493652344,59.41238021850586,61.3360710144043,60.85758590698242,59.89890670776367,61.093177795410156,NaN,100,100,0,100,0,0,0,12.827566146850586,17179869184,22548578304,12505006080,21584216064
11,1772002468771,3228,3228,3228,3228,3228,3228,3228,3228,58.350433349609375,58.67874526977539,58.014869689941406,58.974952697753906,58.36369323730469,58.14251708984375,60.38862228393555,59.159671783447266,58.7686767578125,59.88971710205078,96.65431213378906,96.67434692382813,46.81538391113281,36.2894287109375,24.972341537475586,25.72117805480957,13.824237823486328,8.651247024536133,8.76348876953125,17179869184,22548578304,12963856384,21584216064
