Delta,Time,CPU_FREQUENCY_0,CPU_FREQUENCY_1,CPU_FREQUENCY_2,CPU_FREQUENCY_3,CPU_FREQUENCY_4,CPU_FREQUENCY_5,CPU_FREQUENCY_6,CPU_FREQUENCY_7,CPU_TEMP_0,CPU_TEMP_1,CPU_TEMP_2,CPU_TEMP_3,CPU_TEMP_4,CPU_TEMP_5,CPU_TEMP_6,CPU_TEMP_7,CPU_TEMP_8,CPU_TEMP_9,CPU_USAGE_0,CPU_USAGE_1,CPU_USAGE_2,CPU_USAGE_3,CPU_USAGE_4,CPU_USAGE_5,CPU_USAGE_6,CPU_USAGE_7,SYSTEM_POWER (Watts),TOTAL_MEMORY,TOTAL_SWAP,USED_MEMORY,USED_SWAP
0,1772004029616,3228,3228,3228,3228,3228,3228,3228,3228,41.81757354736328,42.8676643371582,42.89508819580078,42.89149475097656,43.19763946533203,42.31278991699219,44.649925231933594,43.5819091796875,42.67569351196289,43.590423583984375,0,0,100,0,0,0,0,0,3.4001219272613525,17179869184,23622320128,13010075648,22173712384
100010,1772004029616,3228,3228,3228,3228,3228,3228,3228,3228,41.81757354736328,42.8676643371582,42.89508819580078,42.89149475097656,43.19763946533203,42.31278991699219,44.649925231933594,43.5819091796875,42.67569351196289,43.590423583984375,0,50,0,50,0,0,0,0,3.4001219272613525,17179869184,23622320128,13010075648,22173712384
12,1772004129627,3228,3228,3228,3228,3228,3228,3228,3228,41.35207748413086,42.94824981689453,42.398345947265625,42.996986389160156,43.43153381347656,42.57600784301758,44.7553825378418,44.012760162353516,42.27246856689453,43.844642639160156,32.6425895690918,32.15650939941406,15.071100234985352,10.369332313537598,5.152576446533203,4.231692790985107,3.3906779289245605,2.9200000762939453,2.893871307373047,17179869184,23622320128,12755697664,22173712384
