Delta,Time,CPU_FREQUENCY_0,CPU_FREQUENCY_1,CPU_FREQUENCY_2,CPU_FREQUENCY_3,CPU_FREQUENCY_4,CPU_FREQUENCY_5,CPU_FREQUENCY_6,CPU_FREQUENCY_7,CPU_TEMP_0,CPU_TEMP_1,CPU_TEMP_2,CPU_TEMP_3,CPU_TEMP_4,CPU_TEMP_5,CPU_TEMP_6,CPU_TEMP_7,CPU_TEMP_8,CPU_TEMP_9,CPU_USAGE_0,CPU_USAGE_1,CPU_USAGE_2,CPU_USAGE_3,CPU_USAGE_4,CPU_USAGE_5,CPU_USAGE_6,CPU_USAGE_7,SYSTEM_POWER (Watts),TOTAL_MEMORY,TOTAL_SWAP,USED_MEMORY,USED_SWAP
0,1771991236327,3228,3228,3228,3228,3228,3228,3228,3228,53.76875305175781,53.61774826049805,60.06433868408203,59.48369216918945,55.096656799316406,52.758052825927734,56.30868911743164,56.19135284423828,53.00484848022461,53.931724548339844,100,100,0,0,0,0,0,0,21.82762336730957,17179869184,22548578304,12535054336,21768765440
100004,1771991236327,3228,3228,3228,3228,3228,3228,3228,3228,53.76875305175781,53.61774826049805,60.06433868408203,59.48369216918945,55.096656799316406,52.758052825927734,56.30868911743164,56.19135284423828,53.00484848022461,53.931724548339844,NaN,50,NaN,NaN,0,0,0,0,21.82762336730957,17179869184,22548578304,12536053760,21768765440
12,1771991336332,3228,3228,3228,3228,3228,3228,3228,3228,48.56752395629883,50.16108703613281,49.07526397705078,49.774391174316406,49.441795349121094,49.02145767211914,51.49412536621094,50.58465576171875,49.18367004394531,50.670310974121094,48.319244384765625,47.324398040771484,31.656923294067383,24.79613494873047,14.933172225952148,18.706697463989258,6.383404731750488,3.9519760608673096,8.449625015258789,17179869184,22548578304,12406423552,21768765440
