Delta,Time,CPU_FREQUENCY_0,CPU_FREQUENCY_1,CPU_FREQUENCY_2,CPU_FREQUENCY_3,CPU_FREQUENCY_4,CPU_FREQUENCY_5,CPU_FREQUENCY_6,CPU_FREQUENCY_7,CPU_TEMP_0,CPU_TEMP_1,CPU_TEMP_2,CPU_TEMP_3,CPU_TEMP_4,CPU_TEMP_5,CPU_TEMP_6,CPU_TEMP_7,CPU_TEMP_8,CPU_TEMP_9,CPU_USAGE_0,CPU_USAGE_1,CPU_USAGE_2,CPU_USAGE_3,CPU_USAGE_4,CPU_USAGE_5,CPU_USAGE_6,CPU_USAGE_7,SYSTEM_POWER (Watts),TOTAL_MEMORY,TOTAL_SWAP,USED_MEMORY,USED_SWAP
0,1771989450474,3228,3228,3228,3228,3228,3228,3228,3228,54.792118072509766,54.20905303955078,60.7578125,59.29817199707031,55.300682067871094,53.397579193115234,56.69953155517578,56.054046630859375,53.50945281982422,54.553985595703125,100,100,100,100,NaN,0,NaN,0,17.737628936767578,17179869184,22548578304,12203294720,21768765440
100006,1771989450474,3228,3228,3228,3228,3228,3228,3228,3228,54.792118072509766,54.20905303955078,60.7578125,59.29817199707031,55.300682067871094,53.397579193115234,56.69953155517578,56.054046630859375,53.50945281982422,54.553985595703125,100,50,0,0,50,NaN,0,0,17.737628936767578,17179869184,22548578304,12203294720,21768765440
9,1771989550480,3228,3228,3228,3228,3228,3228,3228,3228,49.634437561035156,51.03013229370117,50.32806396484375,50.79210662841797,50.72740936279297,50.024967193603516,52.812950134277344,50.6287841796875,50.34695053100586,51.57630920410156,52.98259735107422,51.67825698852539,31.47812271118164,24.106334686279297,14.894472122192383,18.744979858398438,6.374022960662842,3.9927947521209717,7.590529441833496,17179869184,22548578304,12244746240,21768765440
