Delta,Time,CPU_FREQUENCY_0,CPU_FREQUENCY_1,CPU_FREQUENCY_2,CPU_FREQUENCY_3,CPU_FREQUENCY_4,CPU_FREQUENCY_5,CPU_FREQUENCY_6,CPU_FREQUENCY_7,CPU_TEMP_0,CPU_TEMP_1,CPU_TEMP_2,CPU_TEMP_3,CPU_TEMP_4,CPU_TEMP_5,CPU_TEMP_6,CPU_TEMP_7,CPU_TEMP_8,CPU_TEMP_9,CPU_USAGE_0,CPU_USAGE_1,CPU_USAGE_2,CPU_USAGE_3,CPU_USAGE_4,CPU_USAGE_5,CPU_USAGE_6,CPU_USAGE_7,SYSTEM_POWER (Watts),TOTAL_MEMORY,TOTAL_SWAP,USED_MEMORY,USED_SWAP
0,1771992190029,3228,3228,3228,3228,3228,3228,3228,3228,55.49546813964844,55.671531677246094,60.794921875,60.65317153930664,58.00276184082031,55.09221267700195,58.91832733154297,58.206077575683594,54.22193145751953,55.388877868652344,100,NaN,0,0,0,0,0,0,19.459604263305664,17179869184,22548578304,12524503040,21768765440
100010,1771992190029,3228,3228,3228,3228,3228,3228,3228,3228,55.49546813964844,55.671531677246094,60.794921875,60.65317153930664,58.00276184082031,55.09221267700195,58.91832733154297,58.206077575683594,54.22193145751953,55.388877868652344,100,100,0,100,50,50,0,0,19.459604263305664,17179869184,22548578304,12527140864,21768765440
11,1771992290041,3228,3228,3228,3228,3228,3228,3228,3228,50.73422622680664,52.495540618896484,51.8634033203125,52.3052978515625,52.32228088378906,50.58242416381836,54.168216705322266,52.95884323120117,52.371952056884766,52.44959259033203,90.25049591064453,90.32064056396484,32.04960250854492,25.093141555786133,15.003517150878906,18.507732391357422,6.463573932647705,3.9123475551605225,8.685478210449219,17179869184,22548578304,12366053376,21768765440
