Delta,Time,CPU_FREQUENCY_0,CPU_FREQUENCY_1,CPU_FREQUENCY_2,CPU_FREQUENCY_3,CPU_FREQUENCY_4,CPU_FREQUENCY_5,CPU_FREQUENCY_6,CPU_FREQUENCY_7,CPU_TEMP_0,CPU_TEMP_1,CPU_TEMP_2,CPU_TEMP_3,CPU_TEMP_4,CPU_TEMP_5,CPU_TEMP_6,CPU_TEMP_7,CPU_TEMP_8,CPU_TEMP_9,CPU_USAGE_0,CPU_USAGE_1,CPU_USAGE_2,CPU_USAGE_3,CPU_USAGE_4,CPU_USAGE_5,CPU_USAGE_6,CPU_USAGE_7,SYSTEM_POWER (Watts),TOTAL_MEMORY,TOTAL_SWAP,USED_MEMORY,USED_SWAP
0,1771990283982,3228,3228,3228,3228,3228,3228,3228,3228,54.622562408447266,54.02839279174805,59.54114532470703,59.288875579833984,55.710357666015625,52.838687896728516,57.18130111694336,56.66611862182617,53.16823196411133,54.57603454589844,NaN,100,50,50,0,0,0,0,18.298372268676758,17179869184,22548578304,12032147456,21768765440
100007,1771990283982,3228,3228,3228,3228,3228,3228,3228,3228,54.622562408447266,54.02839279174805,59.54114532470703,59.288875579833984,55.710357666015625,52.838687896728516,57.18130111694336,56.66611862182617,53.16823196411133,54.57603454589844,100,NaN,NaN,NaN,0,0,0,0,18.298372268676758,17179869184,22548578304,12032147456,21768765440
10,1771990383991,3228,3228,3228,3228,3228,3228,3228,3228,50.58888244628906,51.73287582397461,50.52922058105469,51.884281158447266,52.484779357910156,49.9547004699707,52.545475006103516,51.15740966796875,49.93092346191406,51.19708251953125,48.575740814208984,47.061790466308594,32.039520263671875,24.901823043823242,15.142684936523438,18.805221557617188,6.33266544342041,3.7922754287719727,6.4869279861450195,17179869184,22548578304,11936530432,21768765440
