Delta,Time,CPU_FREQUENCY_0,CPU_FREQUENCY_1,CPU_FREQUENCY_2,CPU_FREQUENCY_3,CPU_FREQUENCY_4,CPU_FREQUENCY_5,CPU_FREQUENCY_6,CPU_FREQUENCY_7,CPU_TEMP_0,CPU_TEMP_1,CPU_TEMP_2,CPU_TEMP_3,CPU_TEMP_4,CPU_TEMP_5,CPU_TEMP_6,CPU_TEMP_7,CPU_TEMP_8,CPU_TEMP_9,CPU_USAGE_0,CPU_USAGE_1,CPU_USAGE_2,CPU_USAGE_3,CPU_USAGE_4,CPU_USAGE_5,CPU_USAGE_6,CPU_USAGE_7,SYSTEM_POWER (Watts),TOTAL_MEMORY,TOTAL_SWAP,USED_MEMORY,USED_SWAP
0,1771991712685,3228,3228,3228,3228,3228,3228,3228,3228,53.80876922607422,53.383792877197266,58.96180725097656,58.67226028442383,54.33747100830078,52.516117095947266,55.63652801513672,55.620914459228516,52.3848762512207,53.829620361328125,0,50,50,0,0,0,0,0,16.95486068725586,17179869184,22548578304,12124946432,21768765440
100005,1771991712685,3228,3228,3228,3228,3228,3228,3228,3228,53.80876922607422,53.383792877197266,58.96180725097656,58.67226028442383,54.33747100830078,52.516117095947266,55.63652801513672,55.620914459228516,52.3848762512207,53.829620361328125,100,NaN,NaN,0,0,0,NaN,0,16.95486068725586,17179869184,22548578304,12124274688,21768765440
12,1771991812692,3228,3228,3228,3228,3228,3228,3228,3228,49.98538589477539,51.61018371582031,49.85466766357422,50.97255325317383,51.231597900390625,49.64414978027344,52.9747428894043,51.70286560058594,51.40274429321289,51.50959014892578,59.4871826171875,58.155460357666016,31.626171112060547,24.891754150390625,15.083910942077637,17.97549819946289,6.2944769859313965,3.9027318954467773,9.117276191711426,17179869184,22548578304,11871780864,21768765440
