Delta,Time,CPU_FREQUENCY_0,CPU_FREQUENCY_1,CPU_FREQUENCY_2,CPU_FREQUENCY_3,CPU_FREQUENCY_4,CPU_FREQUENCY_5,CPU_FREQUENCY_6,CPU_FREQUENCY_7,CPU_TEMP_0,CPU_TEMP_1,CPU_TEMP_2,CPU_TEMP_3,CPU_TEMP_4,CPU_TEMP_5,CPU_TEMP_6,CPU_TEMP_7,CPU_TEMP_8,CPU_TEMP_9,CPU_USAGE_0,CPU_USAGE_1,CPU_USAGE_2,CPU_USAGE_3,CPU_USAGE_4,CPU_USAGE_5,CPU_USAGE_6,CPU_USAGE_7,SYSTEM_POWER (Watts),TOTAL_MEMORY,TOTAL_SWAP,USED_MEMORY,USED_SWAP
0,1771992547605,3228,3228,3228,3228,3228,3228,3228,3228,54.96891784667969,54.816768646240234,61.283355712890625,60.45931625366211,56.16123962402344,53.904823303222656,57.61784744262695,56.671958923339844,54.04927062988281,54.926422119140625,NaN,100,0,0,0,0,0,0,18.43281364440918,17179869184,22548578304,12675268608,21760376832
100008,1771992547605,3228,3228,3228,3228,3228,3228,3228,3228,54.96891784667969,54.816768646240234,61.283355712890625,60.45931625366211,56.16123962402344,53.904823303222656,57.61784744262695,56.671958923339844,54.04927062988281,54.926422119140625,100,100,100,NaN,50,NaN,0,0,18.43281364440918,17179869184,22548578304,12673449984,21760376832
16,1771992647615,3228,3228,3228,3228,3228,3228,3228,3228,50.76113510131836,52.26952362060547,50.92497253417969,51.5906982421875,51.45465087890625,50.629180908203125,53.75520324707031,51.34463882446289,50.845157623291016,51.850830078125,87.17922973632813,87.01624298095703,31.901592254638672,24.622356414794922,14.740756034851074,18.29500961303711,6.072144031524658,3.691845655441284,8.282979011535645,17179869184,22548578304,12702695424,21760376832
