Delta,Time,CPU_FREQUENCY_0,CPU_FREQUENCY_1,CPU_FREQUENCY_2,CPU_FREQUENCY_3,CPU_FREQUENCY_4,CPU_FREQUENCY_5,CPU_FREQUENCY_6,CPU_FREQUENCY_7,CPU_TEMP_0,CPU_TEMP_1,CPU_TEMP_2,CPU_TEMP_3,CPU_TEMP_4,CPU_TEMP_5,CPU_TEMP_6,CPU_TEMP_7,CPU_TEMP_8,CPU_TEMP_9,CPU_USAGE_0,CPU_USAGE_1,CPU_USAGE_2,CPU_USAGE_3,CPU_USAGE_4,CPU_USAGE_5,CPU_USAGE_6,CPU_USAGE_7,SYSTEM_POWER (Watts),TOTAL_MEMORY,TOTAL_SWAP,USED_MEMORY,USED_SWAP
0,1771989212386,3228,3228,3228,3228,3228,3228,3228,3228,55.48841857910156,55.15203857421875,61.84576416015625,61.02421951293945,56.363075256347656,54.645748138427734,57.60635757446289,57.38119125366211,54.123592376708984,55.021034240722656,100,100,50,0,50,NaN,0,0,21.739498138427734,17179869184,22548578304,12583567360,21768765440
100010,1771989212386,3228,3228,3228,3228,3228,3228,3228,3228,55.48841857910156,55.15203857421875,61.84576416015625,61.02421951293945,56.363075256347656,54.645748138427734,57.60635757446289,57.38119125366211,54.123592376708984,55.021034240722656,100,0,100,100,0,50,0,0,19.03509521484375,17179869184,22548578304,12587679744,21768765440
13,1771989312397,3228,3228,3228,3228,3228,3228,3228,3228,50.31321716308594,51.69350051879883,50.25004577636719,50.92033767700195,50.905311584472656,50.52824783325195,53.05287551879883,51.58293914794922,50.33557891845703,51.7532958984375,50.10564422607422,48.835567474365234,32.34849166870117,24.28240394592285,14.87287712097168,18.805221557617188,6.25313138961792,3.6121673583984375,8.55725383758545,17179869184,22548578304,12201279488,21768765440
