Delta,Time,CPU_FREQUENCY_0,CPU_FREQUENCY_1,CPU_FREQUENCY_2,CPU_FREQUENCY_3,CPU_FREQUENCY_4,CPU_FREQUENCY_5,CPU_FREQUENCY_6,CPU_FREQUENCY_7,CPU_TEMP_0,CPU_TEMP_1,CPU_TEMP_2,CPU_TEMP_3,CPU_TEMP_4,CPU_TEMP_5,CPU_TEMP_6,CPU_TEMP_7,CPU_TEMP_8,CPU_TEMP_9,CPU_USAGE_0,CPU_USAGE_1,CPU_USAGE_2,CPU_USAGE_3,CPU_USAGE_4,CPU_USAGE_5,CPU_USAGE_6,CPU_USAGE_7,SYSTEM_POWER (Watts),TOTAL_MEMORY,TOTAL_SWAP,USED_MEMORY,USED_SWAP
0,1771991355319,3228,3228,3228,3228,3228,3228,3228,3228,53.51335525512695,53.0401611328125,59.22022247314453,58.558326721191406,55.023155212402344,52.438682556152344,54.973880767822266,54.47504425048828,51.84305191040039,53.694610595703125,100,100,0,33.333335876464844,0,0,0,0,21.612398147583008,17179869184,22548578304,12490080256,21768765440
100005,1771991355319,3228,3228,3228,3228,3228,3228,3228,3228,53.51335525512695,53.0401611328125,59.22022247314453,58.558326721191406,55.023155212402344,52.438682556152344,54.973880767822266,54.47504425048828,51.84305191040039,53.694610595703125,NaN,NaN,100,100,0,0,0,0,21.612398147583008,17179869184,22548578304,12491014144,21768765440
15,1771991455324,3228,3228,3228,3228,3228,3228,3228,3228,49.2603759765625,50.1730842590332,48.76622772216797,50.05910873413086,50.17359924316406,49.11178207397461,51.744529724121094,50.251502990722656,49.419307708740234,51.00629425048828,48.042274475097656,46.688175201416016,32.52016067504883,25.065458297729492,15.263263702392578,19.258960723876953,6.7147722244262695,4.282998085021973,6.234072208404541,17179869184,22548578304,12461146112,21768765440
