Delta,Time,CPU_FREQUENCY_0,CPU_FREQUENCY_1,CPU_FREQUENCY_2,CPU_FREQUENCY_3,CPU_FREQUENCY_4,CPU_FREQUENCY_5,CPU_FREQUENCY_6,CPU_FREQUENCY_7,CPU_TEMP_0,CPU_TEMP_1,CPU_TEMP_2,CPU_TEMP_3,CPU_TEMP_4,CPU_TEMP_5,CPU_TEMP_6,CPU_TEMP_7,CPU_TEMP_8,CPU_TEMP_9,CPU_USAGE_0,CPU_USAGE_1,CPU_USAGE_2,CPU_USAGE_3,CPU_USAGE_4,CPU_USAGE_5,CPU_USAGE_6,CPU_USAGE_7,SYSTEM_POWER (Watts),TOTAL_MEMORY,TOTAL_SWAP,USED_MEMORY,USED_SWAP
0,1771991593463,3228,3228,3228,3228,3228,3228,3228,3228,53.575294494628906,52.897056579589844,59.509857177734375,58.96018600463867,54.287086486816406,51.91273498535156,55.53987121582031,54.59343338012695,52.16729736328125,53.036956787109375,50,100,100,50,50,0,0,0,17.879640579223633,17179869184,22548578304,12622266368,21768765440
100008,1771991593463,3228,3228,3228,3228,3228,3228,3228,3228,53.575294494628906,52.897056579589844,59.509857177734375,58.96018600463867,54.287086486816406,51.91273498535156,55.53987121582031,54.59343338012695,52.16729736328125,53.036956787109375,100,100,0,50,0,NaN,0,0,17.879640579223633,17179869184,22548578304,12626034688,21768765440
11,1771991693472,3228,3228,3228,3228,3228,3228,3228,3228,49.73261642456055,50.63407897949219,49.552825927734375,50.658531188964844,50.36872100830078,49.29770278930664,52.607704162597656,51.1609992980957,50.0162353515625,51.215545654296875,49.07919692993164,47.56478500366211,32.18391036987305,24.91189193725586,15.233119010925293,18.833450317382813,6.904499053955078,4.332599639892578,8.77336311340332,17179869184,22548578304,11909873664,21768765440
