Delta,Time,CPU_FREQUENCY_0,CPU_FREQUENCY_1,CPU_FREQUENCY_2,CPU_FREQUENCY_3,CPU_FREQUENCY_4,CPU_FREQUENCY_5,CPU_FREQUENCY_6,CPU_FREQUENCY_7,CPU_TEMP_0,CPU_TEMP_1,CPU_TEMP_2,CPU_TEMP_3,CPU_TEMP_4,CPU_TEMP_5,CPU_TEMP_6,CPU_TEMP_7,CPU_TEMP_8,CPU_TEMP_9,CPU_USAGE_0,CPU_USAGE_1,CPU_USAGE_2,CPU_USAGE_3,CPU_USAGE_4,CPU_USAGE_5,CPU_USAGE_6,CPU_USAGE_7,SYSTEM_POWER (Watts),TOTAL_MEMORY,TOTAL_SWAP,USED_MEMORY,USED_SWAP
0,1771992309429,3228,3228,3228,3228,3228,3228,3228,3228,55.9078254699707,55.56501388549805,62.00982666015625,61.37124252319336,58.30689239501953,54.750179290771484,59.378395080566406,58.264129638671875,55.279537200927734,55.7808837890625,100,100,50,0,0,100,0,0,18.846904754638672,17179869184,22548578304,12685230080,21760376832
100010,1771992309429,3228,3228,3228,3228,3228,3228,3228,3228,55.9078254699707,55.56501388549805,62.00982666015625,61.37124252319336,58.30689239501953,54.750179290771484,59.378395080566406,58.264129638671875,55.279537200927734,55.7808837890625,100,100,NaN,100,0,100,0,0,18.846904754638672,17179869184,22548578304,12688818176,21760376832
12,1771992409440,3228,3228,3228,3228,3228,3228,3228,3228,51.01279830932617,52.41244125366211,52.074012756347656,52.180015563964844,52.40282440185547,51.43086242675781,53.99018859863281,53.119598388671875,52.62528610229492,52.74517822265625,94.4572525024414,94.39767456054688,31.22605323791504,24.23723602294922,14.581449508666992,18.31325340270996,6.142899990081787,3.5817909240722656,10.100835800170898,17179869184,22548578304,12689391616,21760376832
