Delta,Time,CPU_FREQUENCY_0,CPU_FREQUENCY_1,CPU_FREQUENCY_2,CPU_FREQUENCY_3,CPU_FREQUENCY_4,CPU_FREQUENCY_5,CPU_FREQUENCY_6,CPU_FREQUENCY_7,CPU_TEMP_0,CPU_TEMP_1,CPU_TEMP_2,CPU_TEMP_3,CPU_TEMP_4,CPU_TEMP_5,CPU_TEMP_6,CPU_TEMP_7,CPU_TEMP_8,CPU_TEMP_9,CPU_USAGE_0,CPU_USAGE_1,CPU_USAGE_2,CPU_USAGE_3,CPU_USAGE_4,CPU_USAGE_5,CPU_USAGE_6,CPU_USAGE_7,SYSTEM_POWER (Watts),TOTAL_MEMORY,TOTAL_SWAP,USED_MEMORY,USED_SWAP
0,1772154736258,3228,3228,3228,3228,3228,3228,3228,3228,61.92577362060547,61.3347282409668,64.44049835205078,65.25213623046875,61.06739044189453,60.51335906982422,62.771732330322266,63.237674713134766,60.239498138427734,61.26032257080078,100,66.66667175292969,0,0,50,0,0,0,8.42431926727295,17179869184,9663676416,13463453696,8471052288
204,1772154736258,3228,3228,3228,3228,3228,3228,3228,3228,61.92577362060547,61.3347282409668,64.44049835205078,65.25213623046875,61.06739044189453,60.51335906982422,62.771732330322266,63.237674713134766,60.239498138427734,61.26032257080078,0,NaN,NaN,50,0,0,0,0,8.42431926727295,17179869184,9663676416,13463453696,8471052288
10,1772154736463,3228,3228,3228,3228,3228,3228,3228,3228,61.92577362060547,61.3347282409668,64.44049835205078,65.25213623046875,61.06739044189453,60.51335906982422,62.771732330322266,63.237674713134766,60.239498138427734,61.26032257080078,38.095237731933594,33.333335876464844,42.85714340209961,15.789472579956055,14.285715103149414,14.285715103149414,10,9.523809432983398,8.42431926727295,17179869184,9663676416,13463453696,8471052288
