Delta,Time,CPU_FREQUENCY_0,CPU_FREQUENCY_1,CPU_FREQUENCY_2,CPU_FREQUENCY_3,CPU_FREQUENCY_4,CPU_FREQUENCY_5,CPU_FREQUENCY_6,CPU_FREQUENCY_7,CPU_TEMP_0,CPU_TEMP_1,CPU_TEMP_2,CPU_TEMP_3,CPU_TEMP_4,CPU_TEMP_5,CPU_TEMP_6,CPU_TEMP_7,CPU_TEMP_8,CPU_TEMP_9,CPU_USAGE_0,CPU_USAGE_1,CPU_USAGE_2,CPU_USAGE_3,CPU_USAGE_4,CPU_USAGE_5,CPU_USAGE_6,CPU_USAGE_7,SYSTEM_POWER (Watts),TOTAL_MEMORY,TOTAL_SWAP,USED_MEMORY,USED_SWAP
0,1772164374320,3228,3228,3228,3228,3228,3228,3228,3228,42.77725601196289,42.981685638427734,44.22478485107422,44.69881820678711,43.235198974609375,42.49203109741211,45.44325256347656,43.92145919799805,42.82775115966797,43.97431182861328,0,0,50,0,0,0,0,0,2.953709602355957,17179869184,8589934592,13378846720,7210663936
208,1772164374320,3228,3228,3228,3228,3228,3228,3228,3228,42.77725601196289,42.981685638427734,44.22478485107422,44.69881820678711,43.235198974609375,42.49203109741211,45.44325256347656,43.92145919799805,42.82775115966797,43.97431182861328,100,50,0,50,0,0,0,0,2.953709602355957,17179869184,8589934592,13379813376,7210663936
10,1772164374528,3228,3228,3228,3228,3228,3228,3228,3228,42.77725601196289,42.981685638427734,44.22478485107422,44.69881820678711,43.235198974609375,42.49203109741211,45.44325256347656,43.92145919799805,42.82775115966797,43.97431182861328,33.333335876464844,31.57894515991211,60.000003814697266,38.095237731933594,15.000000953674316,22.72727394104004,18.18181800842285,10,2.953709602355957,17179869184,8589934592,13375864832,7210663936
