Delta,Time,CPU_FREQUENCY_0,CPU_FREQUENCY_1,CPU_FREQUENCY_2,CPU_FREQUENCY_3,CPU_FREQUENCY_4,CPU_FREQUENCY_5,CPU_FREQUENCY_6,CPU_FREQUENCY_7,CPU_TEMP_0,CPU_TEMP_1,CPU_TEMP_2,CPU_TEMP_3,CPU_TEMP_4,CPU_TEMP_5,CPU_TEMP_6,CPU_TEMP_7,CPU_TEMP_8,CPU_TEMP_9,CPU_USAGE_0,CPU_USAGE_1,CPU_USAGE_2,CPU_USAGE_3,CPU_USAGE_4,CPU_USAGE_5,CPU_USAGE_6,CPU_USAGE_7,SYSTEM_POWER (Watts),TOTAL_MEMORY,TOTAL_SWAP,USED_MEMORY,USED_SWAP
0,1772149903147,3228,3228,3228,3228,3228,3228,3228,3228,51.7904052734375,51.940555572509766,54.67433166503906,55.20912551879883,52.30157470703125,50.89859390258789,55.88258743286133,55.35363006591797,51.87862777709961,52.841880798339844,50,50,0,0,0,0,0,0,10.118927001953125,17179869184,6442450944,12717506560,5753536512
204,1772149903147,3228,3228,3228,3228,3228,3228,3228,3228,51.7904052734375,51.940555572509766,54.67433166503906,55.20912551879883,52.30157470703125,50.89859390258789,55.88258743286133,55.35363006591797,51.87862777709961,52.841880798339844,0,50,50,0,0,0,0,0,10.118927001953125,17179869184,6442450944,12718735360,5753536512
10,1772149903353,3228,3228,3228,3228,3228,3228,3228,3228,51.7904052734375,51.940555572509766,54.67433166503906,55.20912551879883,52.30157470703125,50.89859390258789,55.88258743286133,55.35363006591797,51.87862777709961,52.841880798339844,25,21.052631378173828,30.000001907348633,23.809524536132813,15.000000953674316,10,13.636363983154297,5,10.118927001953125,17179869184,6442450944,12718735360,5753536512
