Delta,Time,CPU_FREQUENCY_0,CPU_FREQUENCY_1,CPU_FREQUENCY_2,CPU_FREQUENCY_3,CPU_FREQUENCY_4,CPU_FREQUENCY_5,CPU_FREQUENCY_6,CPU_FREQUENCY_7,CPU_TEMP_0,CPU_TEMP_1,CPU_TEMP_2,CPU_TEMP_3,CPU_TEMP_4,CPU_TEMP_5,CPU_TEMP_6,CPU_TEMP_7,CPU_TEMP_8,CPU_TEMP_9,CPU_USAGE_0,CPU_USAGE_1,CPU_USAGE_2,CPU_USAGE_3,CPU_USAGE_4,CPU_USAGE_5,CPU_USAGE_6,CPU_USAGE_7,SYSTEM_POWER (Watts),TOTAL_MEMORY,TOTAL_SWAP,USED_MEMORY,USED_SWAP
0,1772163701479,3228,3228,3228,3228,3228,3228,3228,3228,40.873897552490234,42.37437438964844,43.009857177734375,43.53874206542969,42.647361755371094,41.619815826416016,44.59428405761719,43.6876220703125,41.85248565673828,43.27904510498047,100,100,0,0,0,0,0,0,3.7680485248565674,17179869184,8589934592,13030244352,7210663936
209,1772163701479,3228,3228,3228,3228,3228,3228,3228,3228,40.873897552490234,42.37437438964844,43.009857177734375,43.53874206542969,42.647361755371094,41.619815826416016,44.59428405761719,43.6876220703125,41.85248565673828,43.27904510498047,0,50,0,0,0,0,0,0,3.7680485248565674,17179869184,8589934592,13030244352,7210663936
10,1772163701689,3228,3228,3228,3228,3228,3228,3228,3228,40.873897552490234,42.37437438964844,43.009857177734375,43.53874206542969,42.647361755371094,41.619815826416016,44.59428405761719,43.6876220703125,41.85248565673828,43.27904510498047,57.142860412597656,40,30.000001907348633,36.3636360168457,19.047618865966797,15.000000953674316,9.523809432983398,5,2.495598316192627,17179869184,8589934592,13030244352,7210663936
