Delta,Time,CPU_FREQUENCY_0,CPU_FREQUENCY_1,CPU_FREQUENCY_2,CPU_FREQUENCY_3,CPU_FREQUENCY_4,CPU_FREQUENCY_5,CPU_FREQUENCY_6,CPU_FREQUENCY_7,CPU_TEMP_0,CPU_TEMP_1,CPU_TEMP_2,CPU_TEMP_3,CPU_TEMP_4,CPU_TEMP_5,CPU_TEMP_6,CPU_TEMP_7,CPU_TEMP_8,CPU_TEMP_9,CPU_USAGE_0,CPU_USAGE_1,CPU_USAGE_2,CPU_USAGE_3,CPU_USAGE_4,CPU_USAGE_5,CPU_USAGE_6,CPU_USAGE_7,SYSTEM_POWER (Watts),TOTAL_MEMORY,TOTAL_SWAP,USED_MEMORY,USED_SWAP
0,1772162641067,3228,3228,3228,3228,3228,3228,3228,3228,43.91337966918945,45.3609504699707,45.742637634277344,46.87386703491211,45.09307098388672,44.46710205078125,47.215641021728516,45.75079345703125,44.252079010009766,45.25146484375,0,50,0,0,0,0,0,0,12.014915466308594,17179869184,8589934592,13486161920,7244218368
204,1772162641067,3228,3228,3228,3228,3228,3228,3228,3228,43.91337966918945,45.3609504699707,45.742637634277344,46.87386703491211,45.09307098388672,44.46710205078125,47.215641021728516,45.75079345703125,44.252079010009766,45.25146484375,50,0,50,50,0,0,0,0,12.014915466308594,17179869184,8589934592,13488488448,7244218368
10,1772162641272,3228,3228,3228,3228,3228,3228,3228,3228,44.43204879760742,45.562015533447266,47.719390869140625,47.812782287597656,44.96937561035156,44.637874603271484,47.121891021728516,45.73612594604492,44.00117111206055,45.756561279296875,30.000001907348633,35,47.619049072265625,25,19.047618865966797,19.047618865966797,14.285715103149414,5,12.014915466308594,17179869184,8589934592,13410074624,7244218368
