Delta,Time,CPU_FREQUENCY_0,CPU_FREQUENCY_1,CPU_FREQUENCY_2,CPU_FREQUENCY_3,CPU_FREQUENCY_4,CPU_FREQUENCY_5,CPU_FREQUENCY_6,CPU_FREQUENCY_7,CPU_TEMP_0,CPU_TEMP_1,CPU_TEMP_2,CPU_TEMP_3,CPU_TEMP_4,CPU_TEMP_5,CPU_TEMP_6,CPU_TEMP_7,CPU_TEMP_8,CPU_TEMP_9,CPU_USAGE_0,CPU_USAGE_1,CPU_USAGE_2,CPU_USAGE_3,CPU_USAGE_4,CPU_USAGE_5,CPU_USAGE_6,CPU_USAGE_7,SYSTEM_POWER (Watts),TOTAL_MEMORY,TOTAL_SWAP,USED_MEMORY,USED_SWAP
0,1772172668594,3228,3228,3228,3228,3228,3228,3228,3228,44.31958770751953,44.037086486816406,47.93620300292969,47.26740646362305,44.20582580566406,43.72642135620117,46.10759353637695,44.787654876708984,43.80521774291992,44.42137908935547,0,NaN,0,NaN,NaN,50,0,0,15.780426025390625,17179869184,8589934592,13172867072,7844003840
209,1772172668594,3228,3228,3228,3228,3228,3228,3228,3228,44.31958770751953,44.037086486816406,47.93620300292969,47.26740646362305,44.20582580566406,43.72642135620117,46.10759353637695,44.787654876708984,43.80521774291992,44.42137908935547,100,100,100,50,50,0,0,0,15.780426025390625,17179869184,8589934592,13174079488,7844003840
10,1772172668804,3228,3228,3228,3228,3228,3228,3228,3228,44.31958770751953,44.037086486816406,47.93620300292969,47.26740646362305,44.20582580566406,43.72642135620117,46.10759353637695,44.787654876708984,43.80521774291992,44.42137908935547,76.19047546386719,71.42857360839844,33.333335876464844,23.809524536132813,19.047618865966797,15.000000953674316,19.047618865966797,10,7.704186916351318,17179869184,8589934592,13162201088,7844003840
