Delta,Time,CPU_FREQUENCY_0,CPU_FREQUENCY_1,CPU_FREQUENCY_2,CPU_FREQUENCY_3,CPU_FREQUENCY_4,CPU_FREQUENCY_5,CPU_FREQUENCY_6,CPU_FREQUENCY_7,CPU_TEMP_0,CPU_TEMP_1,CPU_TEMP_2,CPU_TEMP_3,CPU_TEMP_4,CPU_TEMP_5,CPU_TEMP_6,CPU_TEMP_7,CPU_TEMP_8,CPU_TEMP_9,CPU_USAGE_0,CPU_USAGE_1,CPU_USAGE_2,CPU_USAGE_3,CPU_USAGE_4,CPU_USAGE_5,CPU_USAGE_6,CPU_USAGE_7,SYSTEM_POWER (Watts),TOTAL_MEMORY,TOTAL_SWAP,USED_MEMORY,USED_SWAP
0,1772168597914,3228,3228,3228,3228,3228,3228,3228,3228,41.46146011352539,42.29048538208008,43.861846923828125,43.99037551879883,43.032012939453125,41.43913650512695,44.3056526184082,43.15694808959961,41.52956771850586,43.34771728515625,50,0,0,0,0,0,0,0,6.067844867706299,17179869184,8589934592,12823248896,7574650880
209,1772168597914,3228,3228,3228,3228,3228,3228,3228,3228,41.46146011352539,42.29048538208008,43.861846923828125,43.99037551879883,43.032012939453125,41.43913650512695,44.3056526184082,43.15694808959961,41.52956771850586,43.34771728515625,50,0,100,0,0,0,0,0,6.067844867706299,17179869184,8589934592,12824199168,7574650880
6,1772168598124,3228,3228,3228,3228,3228,3228,3228,3228,41.46146011352539,42.29048538208008,43.861846923828125,43.99037551879883,43.032012939453125,41.43913650512695,44.3056526184082,43.15694808959961,41.52956771850586,43.34771728515625,25,28.571430206298828,33.333335876464844,40.90909194946289,23.809524536132813,15.000000953674316,18.18181800842285,14.285715103149414,6.067844867706299,17179869184,8589934592,12756221952,7574650880
