Delta,Time,CPU_FREQUENCY_0,CPU_FREQUENCY_1,CPU_FREQUENCY_2,CPU_FREQUENCY_3,CPU_FREQUENCY_4,CPU_FREQUENCY_5,CPU_FREQUENCY_6,CPU_FREQUENCY_7,CPU_TEMP_0,CPU_TEMP_1,CPU_TEMP_2,CPU_TEMP_3,CPU_TEMP_4,CPU_TEMP_5,CPU_TEMP_6,CPU_TEMP_7,CPU_TEMP_8,CPU_TEMP_9,CPU_USAGE_0,CPU_USAGE_1,CPU_USAGE_2,CPU_USAGE_3,CPU_USAGE_4,CPU_USAGE_5,CPU_USAGE_6,CPU_USAGE_7,SYSTEM_POWER (Watts),TOTAL_MEMORY,TOTAL_SWAP,USED_MEMORY,USED_SWAP
0,1772154122741,3228,3228,3228,3228,3228,3228,3228,3228,58.12207794189453,58.325313568115234,60.34954071044922,61.62435531616211,58.1763916015625,56.92197799682617,60.62178039550781,60.413230895996094,56.821468353271484,57.38269805908203,NaN,0,50,0,50,0,50,33.333335876464844,23.500303268432617,17179869184,9663676416,12474564608,8672051200
204,1772154122741,3228,3228,3228,3228,3228,3228,3228,3228,58.12207794189453,58.325313568115234,60.34954071044922,61.62435531616211,58.1763916015625,56.92197799682617,60.62178039550781,60.413230895996094,56.821468353271484,57.38269805908203,50,NaN,NaN,NaN,100,0,NaN,100,23.500303268432617,17179869184,9663676416,12478005248,8672051200
11,1772154122949,3228,3228,3228,3228,3228,3228,3228,3228,58.12207794189453,58.325313568115234,60.34954071044922,61.62435531616211,58.1763916015625,56.92197799682617,60.62178039550781,60.413230895996094,56.821468353271484,57.38269805908203,40,42.85714340209961,45,36.3636360168457,23.809524536132813,30.000001907348633,23.809524536132813,10,23.500303268432617,17179869184,9663676416,12451020800,8672051200
