Delta,Time,CPU_FREQUENCY_0,CPU_FREQUENCY_1,CPU_FREQUENCY_2,CPU_FREQUENCY_3,CPU_FREQUENCY_4,CPU_FREQUENCY_5,CPU_FREQUENCY_6,CPU_FREQUENCY_7,CPU_TEMP_0,CPU_TEMP_1,CPU_TEMP_2,CPU_TEMP_3,CPU_TEMP_4,CPU_TEMP_5,CPU_TEMP_6,CPU_TEMP_7,CPU_TEMP_8,CPU_TEMP_9,CPU_USAGE_0,CPU_USAGE_1,CPU_USAGE_2,CPU_USAGE_3,CPU_USAGE_4,CPU_USAGE_5,CPU_USAGE_6,CPU_USAGE_7,SYSTEM_POWER (Watts),TOTAL_MEMORY,TOTAL_SWAP,USED_MEMORY,USED_SWAP
0,1772173146777,3228,3228,3228,3228,3228,3228,3228,3228,48.199737548828125,47.92585372924805,54.209136962890625,53.91395568847656,48.770477294921875,46.92264175415039,51.517723083496094,50.34204864501953,47.58570098876953,48.030967712402344,100,100,66.66667175292969,50,0,0,0,0,16.052156448364258,17179869184,8589934592,13805617152,7968391168
201,1772173146777,3228,3228,3228,3228,3228,3228,3228,3228,48.199737548828125,47.92585372924805,54.209136962890625,53.91395568847656,48.770477294921875,46.92264175415039,51.517723083496094,50.34204864501953,47.58570098876953,48.030967712402344,100,NaN,0,NaN,0,0,0,0,16.052156448364258,17179869184,8589934592,13805617152,7968391168
200,1772173146978,3228,3228,3228,3228,3228,3228,3228,3228,48.199737548828125,47.92585372924805,54.209136962890625,53.91395568847656,48.770477294921875,46.92264175415039,51.517723083496094,50.34204864501953,47.58570098876953,48.030967712402344,100,100,84.21052551269531,70,60.000003814697266,70,50,40,16.052156448364258,17179869184,8589934592,13805617152,7968391168
204,1772173147185,3228,3228,3228,3228,3228,3228,3228,3228,47.72178649902344,47.957542419433594,51.02607727050781,51.497711181640625,48.34912109375,46.4532585144043,51.171485900878906,49.81251525878906,48.2092170715332,48.03326416015625,100,95.23809814453125,80.95238494873047,70,60.000003814697266,57.142860412597656,57.142860412597656,52.38095474243164,16.052156448364258,17179869184,8589934592,13805617152,7968391168
9,1772173147389,3228,3228,3228,3228,3228,3228,3228,3228,47.72178649902344,47.957542419433594,51.02607727050781,51.497711181640625,48.34912109375,46.4532585144043,51.171485900878906,49.81251525878906,48.2092170715332,48.03326416015625,100,100,57.894737243652344,40,35,31.57894515991211,20,23.809524536132813,16.052156448364258,17179869184,8589934592,13739360256,7968391168
