Delta,Time,CPU_FREQUENCY_0,CPU_FREQUENCY_1,CPU_FREQUENCY_2,CPU_FREQUENCY_3,CPU_FREQUENCY_4,CPU_FREQUENCY_5,CPU_FREQUENCY_6,CPU_FREQUENCY_7,CPU_TEMP_0,CPU_TEMP_1,CPU_TEMP_2,CPU_TEMP_3,CPU_TEMP_4,CPU_TEMP_5,CPU_TEMP_6,CPU_TEMP_7,CPU_TEMP_8,CPU_TEMP_9,CPU_USAGE_0,CPU_USAGE_1,CPU_USAGE_2,CPU_USAGE_3,CPU_USAGE_4,CPU_USAGE_5,CPU_USAGE_6,CPU_USAGE_7,SYSTEM_POWER (Watts),TOTAL_MEMORY,TOTAL_SWAP,USED_MEMORY,USED_SWAP
0,1772147511487,3228,3228,3228,3228,3228,3228,3228,3228,55.305477142333984,53.0811653137207,61.45563507080078,60.02326583862305,54.68428039550781,53.36845397949219,56.2009391784668,54.40818786621094,52.91038513183594,54.075897216796875,100,100,33.333335876464844,0,0,0,0,0,20.349016189575195,17179869184,6442450944,12097748992,5265817600
204,1772147511487,3228,3228,3228,3228,3228,3228,3228,3228,55.305477142333984,53.0811653137207,61.45563507080078,60.02326583862305,54.68428039550781,53.36845397949219,56.2009391784668,54.40818786621094,52.91038513183594,54.075897216796875,100,100,50,50,50,50,0,0,14.763503074645996,17179869184,6442450944,12093833216,5265817600
204,1772147511691,3228,3228,3228,3228,3228,3228,3228,3228,55.305477142333984,53.0811653137207,61.45563507080078,60.02326583862305,54.68428039550781,53.36845397949219,56.2009391784668,54.40818786621094,52.91038513183594,54.075897216796875,78.94737243652344,70,80,76.19047546386719,70,45,45,38.095237731933594,14.763503074645996,17179869184,6442450944,12224643072,5265817600
15,1772147511896,3228,3228,3228,3228,3228,3228,3228,3228,55.305477142333984,53.0811653137207,61.45563507080078,60.02326583862305,54.68428039550781,53.36845397949219,56.2009391784668,54.40818786621094,52.91038513183594,54.075897216796875,75,85.71428680419922,80,70,66.66667175292969,52.38095474243164,45,40,14.763503074645996,17179869184,6442450944,12150702080,5265817600
