Delta,Time,CPU_FREQUENCY_0,CPU_FREQUENCY_1,CPU_FREQUENCY_2,CPU_FREQUENCY_3,CPU_FREQUENCY_4,CPU_FREQUENCY_5,CPU_FREQUENCY_6,CPU_FREQUENCY_7,CPU_TEMP_0,CPU_TEMP_1,CPU_TEMP_2,CPU_TEMP_3,CPU_TEMP_4,CPU_TEMP_5,CPU_TEMP_6,CPU_TEMP_7,CPU_TEMP_8,CPU_TEMP_9,CPU_USAGE_0,CPU_USAGE_1,CPU_USAGE_2,CPU_USAGE_3,CPU_USAGE_4,CPU_USAGE_5,CPU_USAGE_6,CPU_USAGE_7,SYSTEM_POWER (Watts),TOTAL_MEMORY,TOTAL_SWAP,USED_MEMORY,USED_SWAP
0,1772166265729,3228,3228,3228,3228,3228,3228,3228,3228,46.38906478881836,45.1648063659668,52.57270812988281,51.000736236572266,47.160850524902344,44.80398941040039,46.951107025146484,46.39958572387695,44.35404586791992,45.53727722167969,0,50,0,50,0,0,0,0,11.122949600219727,17179869184,8589934592,13398540288,7462649856
200,1772166265729,3228,3228,3228,3228,3228,3228,3228,3228,46.38906478881836,45.1648063659668,52.57270812988281,51.000736236572266,47.160850524902344,44.80398941040039,46.951107025146484,46.39958572387695,44.35404586791992,45.53727722167969,100,NaN,100,50,0,0,0,0,11.122949600219727,17179869184,8589934592,13400391680,7462649856
201,1772166265930,3228,3228,3228,3228,3228,3228,3228,3228,46.38906478881836,45.1648063659668,52.57270812988281,51.000736236572266,47.160850524902344,44.80398941040039,46.951107025146484,46.39958572387695,44.35404586791992,45.53727722167969,60.000003814697266,70,75,63.15789031982422,52.38095474243164,40,31.57894515991211,35,11.122949600219727,17179869184,8589934592,13441466368,7462649856
195,1772166266143,3228,3228,3228,3228,3228,3228,3228,3228,46.38906478881836,45.1648063659668,52.57270812988281,51.000736236572266,47.160850524902344,44.80398941040039,46.951107025146484,46.39958572387695,44.35404586791992,45.53727722167969,77.2727279663086,72.7272720336914,81.81818389892578,80.95238494873047,80.95238494873047,61.904762268066406,52.38095474243164,47.619049072265625,11.122949600219727,17179869184,8589934592,13444628480,7462649856
10,1772166266339,3228,3228,3228,3228,3228,3228,3228,3228,46.086727142333984,46.46345138549805,49.257102966308594,49.732147216796875,47.607330322265625,45.170265197753906,49.01934051513672,48.554832458496094,45.68229293823242,46.61693572998047,31.57894515991211,26.3157901763916,38.88888931274414,33.333335876464844,26.3157901763916,28.571430206298828,25,20,11.122949600219727,17179869184,8589934592,13351534592,7462649856
