Delta,Time,CPU_FREQUENCY_0,CPU_FREQUENCY_1,CPU_FREQUENCY_2,CPU_FREQUENCY_3,CPU_FREQUENCY_4,CPU_FREQUENCY_5,CPU_FREQUENCY_6,CPU_FREQUENCY_7,CPU_TEMP_0,CPU_TEMP_1,CPU_TEMP_2,CPU_TEMP_3,CPU_TEMP_4,CPU_TEMP_5,CPU_TEMP_6,CPU_TEMP_7,CPU_TEMP_8,CPU_TEMP_9,CPU_USAGE_0,CPU_USAGE_1,CPU_USAGE_2,CPU_USAGE_3,CPU_USAGE_4,CPU_USAGE_5,CPU_USAGE_6,CPU_USAGE_7,SYSTEM_POWER (Watts),TOTAL_MEMORY,TOTAL_SWAP,USED_MEMORY,USED_SWAP
0,1772154029354,3228,3228,3228,3228,3228,3228,3228,3228,62.173213958740234,60.14021682739258,66.8639144897461,67.4124526977539,61.27320098876953,60.31272506713867,62.28092956542969,61.61735916137695,59.649749755859375,60.703773498535156,50,0,50,0,0,0,0,0,16.025707244873047,17179869184,9663676416,12213649408,8789491712
200,1772154029354,3228,3228,3228,3228,3228,3228,3228,3228,62.173213958740234,60.14021682739258,66.8639144897461,67.4124526977539,61.27320098876953,60.31272506713867,62.28092956542969,61.61735916137695,59.649749755859375,60.703773498535156,100,100,NaN,50,0,0,0,0,16.025707244873047,17179869184,9663676416,12212797440,8789491712
204,1772154029554,3228,3228,3228,3228,3228,3228,3228,3228,62.173213958740234,60.14021682739258,66.8639144897461,67.4124526977539,61.27320098876953,60.31272506713867,62.28092956542969,61.61735916137695,59.649749755859375,60.703773498535156,94.73684692382813,95,70,47.36842346191406,47.619049072265625,35,33.333335876464844,31.57894515991211,15.760997772216797,17179869184,9663676416,12186107904,8789491712
10,1772154029759,3228,3228,3228,3228,3228,3228,3228,3228,62.173213958740234,60.14021682739258,66.8639144897461,67.4124526977539,61.27320098876953,60.31272506713867,62.28092956542969,61.61735916137695,59.649749755859375,60.703773498535156,76.19047546386719,76.19047546386719,55,45,35,30.000001907348633,35,23.809524536132813,15.760997772216797,17179869184,9663676416,12186107904,8789491712
