Delta,Time,CPU_FREQUENCY_0,CPU_FREQUENCY_1,CPU_FREQUENCY_2,CPU_FREQUENCY_3,CPU_FREQUENCY_4,CPU_FREQUENCY_5,CPU_FREQUENCY_6,CPU_FREQUENCY_7,CPU_TEMP_0,CPU_TEMP_1,CPU_TEMP_2,CPU_TEMP_3,CPU_TEMP_4,CPU_TEMP_5,CPU_TEMP_6,CPU_TEMP_7,CPU_TEMP_8,CPU_TEMP_9,CPU_USAGE_0,CPU_USAGE_1,CPU_USAGE_2,CPU_USAGE_3,CPU_USAGE_4,CPU_USAGE_5,CPU_USAGE_6,CPU_USAGE_7,SYSTEM_POWER (Watts),TOTAL_MEMORY,TOTAL_SWAP,USED_MEMORY,USED_SWAP
0,1772172768636,3228,3228,3228,3228,3228,3228,3228,3228,47.75584411621094,46.372398376464844,53.95890808105469,52.52727508544922,47.61707305908203,46.71063995361328,48.44924545288086,47.70366287231445,45.63669204711914,46.51527404785156,100,100,100,0,NaN,50,100,0,15.373505592346191,17179869184,8589934592,13279330304,7844003840
203,1772172768636,3228,3228,3228,3228,3228,3228,3228,3228,47.75584411621094,46.372398376464844,53.95890808105469,52.52727508544922,47.61707305908203,46.71063995361328,48.44924545288086,47.70366287231445,45.63669204711914,46.51527404785156,100,100,0,100,100,0,0,0,15.373505592346191,17179869184,8589934592,13279330304,7844003840
208,1772172768839,3228,3228,3228,3228,3228,3228,3228,3228,47.75584411621094,46.372398376464844,53.95890808105469,52.52727508544922,47.61707305908203,46.71063995361328,48.44924545288086,47.70366287231445,45.63669204711914,46.51527404785156,80,80,80,85,70,78.94737243652344,70,68.18181610107422,11.804093360900879,17179869184,8589934592,13279330304,7844003840
210,1772172769048,3228,3228,3228,3228,3228,3228,3228,3228,47.75584411621094,46.372398376464844,53.95890808105469,52.52727508544922,47.61707305908203,46.71063995361328,48.44924545288086,47.70366287231445,45.63669204711914,46.51527404785156,90.90909576416016,95.23809814453125,85,71.42857360839844,80.95238494873047,76.19047546386719,76.19047546386719,65,11.804093360900879,17179869184,8589934592,13279330304,7844003840
10,1772172769258,3228,3228,3228,3228,3228,3228,3228,3228,48.38310241699219,49.10833740234375,50.980735778808594,52.60704803466797,49.34009552001953,47.96030044555664,53.187870025634766,52.86112976074219,49.47562789916992,48.44282531738281,55,61.904762268066406,42.85714340209961,38.095237731933594,33.333335876464844,36.3636360168457,28.571430206298828,28.571430206298828,11.804093360900879,17179869184,8589934592,13212958720,7844003840
