Delta,Time,CPU_FREQUENCY_0,CPU_FREQUENCY_1,CPU_FREQUENCY_2,CPU_FREQUENCY_3,CPU_FREQUENCY_4,CPU_FREQUENCY_5,CPU_FREQUENCY_6,CPU_FREQUENCY_7,CPU_TEMP_0,CPU_TEMP_1,CPU_TEMP_2,CPU_TEMP_3,CPU_TEMP_4,CPU_TEMP_5,CPU_TEMP_6,CPU_TEMP_7,CPU_TEMP_8,CPU_TEMP_9,CPU_USAGE_0,CPU_USAGE_1,CPU_USAGE_2,CPU_USAGE_3,CPU_USAGE_4,CPU_USAGE_5,CPU_USAGE_6,CPU_USAGE_7,SYSTEM_POWER (Watts),TOTAL_MEMORY,TOTAL_SWAP,USED_MEMORY,USED_SWAP
0,1772160439757,3228,3228,3228,3228,3228,3228,3228,3228,45.994056701660156,45.44416046142578,53.13587188720703,50.5919303894043,46.42827606201172,44.60600662231445,47.683433532714844,45.93269348144531,44.8785514831543,46.52009582519531,33.333335876464844,0,50,50,0,0,0,0,12.051530838012695,17179869184,9663676416,12861898752,7845969920
210,1772160439757,3228,3228,3228,3228,3228,3228,3228,3228,45.994056701660156,45.44416046142578,53.13587188720703,50.5919303894043,46.42827606201172,44.60600662231445,47.683433532714844,45.93269348144531,44.8785514831543,46.52009582519531,NaN,0,0,0,NaN,0,0,0,12.051530838012695,17179869184,9663676416,12861898752,7845969920
208,1772160439967,3228,3228,3228,3228,3228,3228,3228,3228,45.994056701660156,45.44416046142578,53.13587188720703,50.5919303894043,46.42827606201172,44.60600662231445,47.683433532714844,45.93269348144531,44.8785514831543,46.52009582519531,61.904762268066406,66.66667175292969,75,66.66667175292969,47.619049072265625,38.095237731933594,33.333335876464844,31.81818199157715,12.051530838012695,17179869184,9663676416,12861898752,7845969920
10,1772160440175,3228,3228,3228,3228,3228,3228,3228,3228,45.69527816772461,46.09144592285156,49.554100036621094,49.196922302246094,47.62315368652344,45.14762878417969,49.390899658203125,47.84592819213867,46.0431022644043,47.22978210449219,85,85,90.47618865966797,85,80.95238494873047,70,61.904762268066406,57.142860412597656,12.051530838012695,17179869184,9663676416,12861898752,7845969920
