Delta,Time,CPU_FREQUENCY_0,CPU_FREQUENCY_1,CPU_FREQUENCY_2,CPU_FREQUENCY_3,CPU_FREQUENCY_4,CPU_FREQUENCY_5,CPU_FREQUENCY_6,CPU_FREQUENCY_7,CPU_TEMP_0,CPU_TEMP_1,CPU_TEMP_2,CPU_TEMP_3,CPU_TEMP_4,CPU_TEMP_5,CPU_TEMP_6,CPU_TEMP_7,CPU_TEMP_8,CPU_TEMP_9,CPU_USAGE_0,CPU_USAGE_1,CPU_USAGE_2,CPU_USAGE_3,CPU_USAGE_4,CPU_USAGE_5,CPU_USAGE_6,CPU_USAGE_7,SYSTEM_POWER (Watts),TOTAL_MEMORY,TOTAL_SWAP,USED_MEMORY,USED_SWAP
0,1772151170475,3228,3228,3228,3228,3228,3228,3228,3228,62.22642517089844,60.108543395996094,65.82005310058594,66.0133285522461,62.20118713378906,60.43558883666992,64.43925476074219,63.59958267211914,59.780330657958984,60.579620361328125,NaN,50,NaN,0,0,50,0,0,24.978553771972656,17179869184,6442450944,12774670336,5623775232
204,1772151170475,3228,3228,3228,3228,3228,3228,3228,3228,62.22642517089844,60.108543395996094,65.82005310058594,66.0133285522461,62.20118713378906,60.43558883666992,64.43925476074219,63.59958267211914,59.780330657958984,60.579620361328125,0,NaN,66.66667175292969,NaN,100,NaN,0,0,24.978553771972656,17179869184,6442450944,12774670336,5623775232
205,1772151170680,3228,3228,3228,3228,3228,3228,3228,3228,62.22642517089844,60.108543395996094,65.82005310058594,66.0133285522461,62.20118713378906,60.43558883666992,64.43925476074219,63.59958267211914,59.780330657958984,60.579620361328125,75,75,84.21052551269531,76.19047546386719,65,70,60.000003814697266,50,22.99456787109375,17179869184,6442450944,12774670336,5623775232
204,1772151170885,3228,3228,3228,3228,3228,3228,3228,3228,62.22642517089844,60.108543395996094,65.82005310058594,66.0133285522461,62.20118713378906,60.43558883666992,64.43925476074219,63.59958267211914,59.780330657958984,60.579620361328125,85,85,85.71428680419922,85,85.71428680419922,76.19047546386719,70,66.66667175292969,22.99456787109375,17179869184,6442450944,12774670336,5623775232
7,1772151171090,3228,3228,3228,3228,3228,3228,3228,3228,62.071529388427734,61.398738861083984,63.99102020263672,65.0450210571289,62.43507385253906,60.55130386352539,65.23817443847656,65.30686950683594,61.81304931640625,61.589149475097656,57.142860412597656,61.904762268066406,65,57.142860412597656,47.36842346191406,35,33.333335876464844,28.571430206298828,22.99456787109375,17179869184,6442450944,12768854016,5623775232
