Delta,Time,CPU_FREQUENCY_0,CPU_FREQUENCY_1,CPU_FREQUENCY_2,CPU_FREQUENCY_3,CPU_FREQUENCY_4,CPU_FREQUENCY_5,CPU_FREQUENCY_6,CPU_FREQUENCY_7,CPU_TEMP_0,CPU_TEMP_1,CPU_TEMP_2,CPU_TEMP_3,CPU_TEMP_4,CPU_TEMP_5,CPU_TEMP_6,CPU_TEMP_7,CPU_TEMP_8,CPU_TEMP_9,CPU_USAGE_0,CPU_USAGE_1,CPU_USAGE_2,CPU_USAGE_3,CPU_USAGE_4,CPU_USAGE_5,CPU_USAGE_6,CPU_USAGE_7,SYSTEM_POWER (Watts),TOTAL_MEMORY,TOTAL_SWAP,USED_MEMORY,USED_SWAP
0,1772162847576,3228,3228,3228,3228,3228,3228,3228,3228,48.642696380615234,47.917179107666016,54.96272277832031,54.18473434448242,50.36414337158203,48.11629867553711,51.46417236328125,50.52126693725586,47.18281173706055,48.59814453125,100,50,0,50,0,0,0,0,16.72365379333496,17179869184,8589934592,13501743104,7227441152
201,1772162847576,3228,3228,3228,3228,3228,3228,3228,3228,48.642696380615234,47.917179107666016,54.96272277832031,54.18473434448242,50.36414337158203,48.11629867553711,51.46417236328125,50.52126693725586,47.18281173706055,48.59814453125,50,100,50,0,0,0,0,0,16.72365379333496,17179869184,8589934592,13501743104,7227441152
204,1772162847777,3228,3228,3228,3228,3228,3228,3228,3228,48.642696380615234,47.917179107666016,54.96272277832031,54.18473434448242,50.36414337158203,48.11629867553711,51.46417236328125,50.52126693725586,47.18281173706055,48.59814453125,89.47368621826172,89.47368621826172,73.68421173095703,70,55,42.85714340209961,35,28.571430206298828,15.568021774291992,17179869184,8589934592,13501743104,7227441152
209,1772162847982,3228,3228,3228,3228,3228,3228,3228,3228,48.642696380615234,47.917179107666016,54.96272277832031,54.18473434448242,50.36414337158203,48.11629867553711,51.46417236328125,50.52126693725586,47.18281173706055,48.59814453125,100,100,90,85,80.95238494873047,75,75,68.42105102539063,15.568021774291992,17179869184,8589934592,13501743104,7227441152
9,1772162848192,3228,3228,3228,3228,3228,3228,3228,3228,47.444034576416016,47.940216064453125,50.060546875,51.21437454223633,48.825340270996094,47.64703369140625,51.40228271484375,50.55607986450195,47.98219680786133,48.644691467285156,80.95238494873047,72.7272720336914,38.095237731933594,28.571430206298828,30.000001907348633,28.571430206298828,19.047618865966797,19.047618865966797,15.568021774291992,17179869184,8589934592,13475823616,7227441152
