Delta,Time,CPU_FREQUENCY_0,CPU_FREQUENCY_1,CPU_FREQUENCY_2,CPU_FREQUENCY_3,CPU_FREQUENCY_4,CPU_FREQUENCY_5,CPU_FREQUENCY_6,CPU_FREQUENCY_7,CPU_TEMP_0,CPU_TEMP_1,CPU_TEMP_2,CPU_TEMP_3,CPU_TEMP_4,CPU_TEMP_5,CPU_TEMP_6,CPU_TEMP_7,CPU_TEMP_8,CPU_TEMP_9,CPU_USAGE_0,CPU_USAGE_1,CPU_USAGE_2,CPU_USAGE_3,CPU_USAGE_4,CPU_USAGE_5,CPU_USAGE_6,CPU_USAGE_7,SYSTEM_POWER (Watts),TOTAL_MEMORY,TOTAL_SWAP,USED_MEMORY,USED_SWAP
0,1772153823828,3228,3228,3228,3228,3228,3228,3228,3228,71.1010971069336,73.60725402832031,75.7430648803711,78.11760711669922,72.5478515625,70.27474975585938,80.85711669921875,81.0372314453125,75.81236267089844,72.69420623779297,100,50,0,0,NaN,100,NaN,0,35.334617614746094,17179869184,8589934592,13633454080,7482900480
202,1772153823828,3228,3228,3228,3228,3228,3228,3228,3228,71.1010971069336,73.60725402832031,75.7430648803711,78.11760711669922,72.5478515625,70.27474975585938,80.85711669921875,81.0372314453125,75.81236267089844,72.69420623779297,0,NaN,100,100,0,100,50,100,35.334617614746094,17179869184,8589934592,13621755904,7482900480
189,1772153824048,3228,3228,3228,3228,3228,3228,3228,3228,71.1010971069336,73.60725402832031,75.7430648803711,78.11760711669922,72.5478515625,70.27474975585938,80.85711669921875,81.0372314453125,75.81236267089844,72.69420623779297,76.19047546386719,72.7272720336914,80.95238494873047,77.2727279663086,68.18181610107422,77.2727279663086,63.6363639831543,72.7272720336914,35.334617614746094,17179869184,8589934592,13699268608,7482900480
204,1772153824238,3228,3228,3228,3228,3228,3228,3228,3228,69.89469146728516,72.70130157470703,73.0697250366211,75.23810577392578,70.6201171875,69.0106430053711,77.75146484375,77.08564758300781,73.33914947509766,71.38612365722656,95,100,100,94.73684692382813,100,100,100,100,35.334617614746094,17179869184,8589934592,13699268608,7482900480
10,1772153824443,3228,3228,3228,3228,3228,3228,3228,3228,69.89469146728516,72.70130157470703,73.0697250366211,75.23810577392578,70.6201171875,69.0106430053711,77.75146484375,77.08564758300781,73.33914947509766,71.38612365722656,90,90,80,76.19047546386719,75,80,71.42857360839844,66.66667175292969,35.334617614746094,17179869184,8589934592,13621379072,7482900480
