Delta,Time,CPU_FREQUENCY_0,CPU_FREQUENCY_1,CPU_FREQUENCY_2,CPU_FREQUENCY_3,CPU_FREQUENCY_4,CPU_FREQUENCY_5,CPU_FREQUENCY_6,CPU_FREQUENCY_7,CPU_TEMP_0,CPU_TEMP_1,CPU_TEMP_2,CPU_TEMP_3,CPU_TEMP_4,CPU_TEMP_5,CPU_TEMP_6,CPU_TEMP_7,CPU_TEMP_8,CPU_TEMP_9,CPU_USAGE_0,CPU_USAGE_1,CPU_USAGE_2,CPU_USAGE_3,CPU_USAGE_4,CPU_USAGE_5,CPU_USAGE_6,CPU_USAGE_7,SYSTEM_POWER (Watts),TOTAL_MEMORY,TOTAL_SWAP,USED_MEMORY,USED_SWAP
0,1772170547389,3228,3228,3228,3228,3228,3228,3228,3228,46.396522521972656,45.049312591552734,51.5794677734375,51.21114730834961,47.16387176513672,45.08592987060547,47.460941314697266,47.040794372558594,44.780792236328125,46.095008850097656,0,0,0,0,50,0,0,0,14.52996826171875,17179869184,8589934592,13368213504,7608467456
202,1772170547389,3228,3228,3228,3228,3228,3228,3228,3228,46.396522521972656,45.049312591552734,51.5794677734375,51.21114730834961,47.16387176513672,45.08592987060547,47.460941314697266,47.040794372558594,44.780792236328125,46.095008850097656,NaN,0,100,50,0,0,0,0,14.52996826171875,17179869184,8589934592,13368213504,7608467456
203,1772170547592,3228,3228,3228,3228,3228,3228,3228,3228,46.396522521972656,45.049312591552734,51.5794677734375,51.21114730834961,47.16387176513672,45.08592987060547,47.460941314697266,47.040794372558594,44.780792236328125,46.095008850097656,66.66667175292969,61.904762268066406,70,65,47.36842346191406,36.842105865478516,35,30.000001907348633,14.52996826171875,17179869184,8589934592,13368213504,7608467456
209,1772170547795,3228,3228,3228,3228,3228,3228,3228,3228,46.396522521972656,45.049312591552734,51.5794677734375,51.21114730834961,47.16387176513672,45.08592987060547,47.460941314697266,47.040794372558594,44.780792236328125,46.095008850097656,75,75,89.47368621826172,80,80.95238494873047,66.66667175292969,57.894737243652344,57.142860412597656,11.757667541503906,17179869184,8589934592,13368213504,7608467456
9,1772170548005,3228,3228,3228,3228,3228,3228,3228,3228,46.396522521972656,45.049312591552734,51.5794677734375,51.21114730834961,47.16387176513672,45.08592987060547,47.460941314697266,47.040794372558594,44.780792236328125,46.095008850097656,33.333335876464844,38.095237731933594,36.3636360168457,40.90909194946289,23.809524536132813,23.809524536132813,27.272727966308594,15.000000953674316,11.757667541503906,17179869184,8589934592,13310558208,7608467456
